dropped_donor,period_date,analysis_period,loo_gap
AC,2013-01-01,pre,1.4210854715202004e-14
AC,2013-02-01,pre,0.6761999519129205
AC,2013-03-01,pre,1.1285220497973398
AC,2013-04-01,pre,1.274000575807733
AC,2013-05-01,pre,1.1302663120793142
AC,2013-06-01,pre,0.7600874389771803
AC,2013-07-01,pre,0.22207206386423195
AC,2013-08-01,pre,-0.21762141849160344
AC,2013-09-01,pre,-0.4330636867611304
AC,2013-10-01,pre,-0.5310879350183484
AC,2013-11-01,pre,-0.6662954781769486
AC,2013-12-01,pre,-0.9112955862135834
AC,2014-01-01,pre,-1.2435786781347105
AC,2014-02-01,pre,-1.5930372134358066
AC,2014-03-01,pre,-1.8459478723893028
AC,2014-04-01,pre,-1.8954358439398504
AC,2014-05-01,pre,-1.6387340247039077
AC,2014-06-01,pre,-1.1171265458219466
AC,2014-07-01,pre,-0.5452419758430125
AC,2014-08-01,pre,-0.22554300033266372
AC,2014-09-01,pre,-0.25381196808565676
AC,2014-10-01,pre,-0.5752196423296709
AC,2014-11-01,pre,-1.0505339574029762
AC,2014-12-01,pre,-1.485516687369568
AC,2015-01-01,pre,-1.6872258292331708
AC,2015-02-01,pre,-1.6876455840126994
AC,2015-03-01,pre,-1.573048952188799
AC,2015-04-01,pre,-1.4172297503132114
AC,2015-05-01,pre,-1.279580864716479
AC,2015-06-01,pre,-1.2177107032243697
AC,2015-07-01,pre,-1.2181176224084425
AC,2015-08-01,pre,-1.394186758810818
AC,2015-09-01,pre,-1.7602932308195136
AC,2015-10-01,pre,-2.2281028881656795
AC,2015-11-01,pre,-2.688957576882416
AC,2015-12-01,pre,-3.134278979651995
AC,2016-01-01,pre,-3.512609359912645
AC,2016-02-01,pre,-3.740045016086924
AC,2016-03-01,pre,-3.7214719302180015
AC,2016-04-01,pre,-3.542552568297509
AC,2016-05-01,pre,-3.248495311811922
AC,2016-06-01,pre,-2.804037148696736
AC,2016-07-01,pre,-2.22869213697534
AC,2016-08-01,pre,-1.5624894123418045
AC,2016-09-01,pre,-0.8501512514209111
AC,2016-10-01,pre,-0.1976735655143358
AC,2016-11-01,pre,0.49576728506414725
AC,2016-12-01,pre,1.2416148922518175
AC,2017-01-01,pre,1.840912861051109
AC,2017-02-01,pre,2.170068002968094
AC,2017-03-01,pre,2.1470654053108973
AC,2017-04-01,pre,1.9195691263217611
AC,2017-05-01,post,1.6806778849980333
AC,2017-06-01,post,1.5960867668138405
AC,2017-07-01,post,1.7517118443015391
AC,2017-08-01,post,2.1796129917843388
AC,2017-09-01,post,2.8535673326849036
AC,2017-10-01,post,3.8277518329934423
AC,2017-11-01,post,4.864151831054997
AC,2017-12-01,post,5.781820354065076
AC,2018-01-01,post,6.431063459864745
AC,2018-02-01,post,6.5085695768975285
AC,2018-03-01,post,5.7067514145607845
AC,2018-04-01,post,4.20526630843834
AL,2013-01-01,pre,0
AL,2013-02-01,pre,0.6484372449561704
AL,2013-03-01,pre,1.076848289703051
AL,2013-04-01,pre,1.2026153407929314
AL,2013-05-01,pre,1.0422916488263638
AL,2013-06-01,pre,0.6573244829839382
AL,2013-07-01,pre,0.1066828380433833
AL,2013-08-01,pre,-0.3411255838068854
AL,2013-09-01,pre,-0.5601075152297454
AL,2013-10-01,pre,-0.6600836803474692
AL,2013-11-01,pre,-0.7958969449259854
AL,2013-12-01,pre,-1.0399310404534816
AL,2014-01-01,pre,-1.3712295072520106
AL,2014-02-01,pre,-1.7203424260957831
AL,2014-03-01,pre,-1.9755201957882207
AL,2014-04-01,pre,-2.0301785517239495
AL,2014-05-01,pre,-1.7807601027126339
AL,2014-06-01,pre,-1.2691768438326818
AL,2014-07-01,pre,-0.7097392369054774
AL,2014-08-01,pre,-0.40303227074856807
AL,2014-09-01,pre,-0.4417186673308038
AL,2014-10-01,pre,-0.7675777610607497
AL,2014-11-01,pre,-1.24425247999217
AL,2014-12-01,pre,-1.6815660137094852
AL,2015-01-01,pre,-1.8881178054295304
AL,2015-02-01,pre,-1.896884167361037
AL,2015-03-01,pre,-1.7944468769894684
AL,2015-04-01,pre,-1.6513344166078099
AL,2015-05-01,pre,-1.5261559790656776
AL,2015-06-01,pre,-1.4777828840161789
AL,2015-07-01,pre,-1.493380096697777
AL,2015-08-01,pre,-1.683565204042452
AL,2015-09-01,pre,-2.056893043607758
AL,2015-10-01,pre,-2.5197185967184765
AL,2015-11-01,pre,-2.963185807722411
AL,2015-12-01,pre,-3.385765090893557
AL,2016-01-01,pre,-3.7447195739436268
AL,2016-02-01,pre,-3.9643244762344665
AL,2016-03-01,pre,-3.9528373331905726
AL,2016-04-01,pre,-3.793569570917512
AL,2016-05-01,pre,-3.524594279145802
AL,2016-06-01,pre,-3.099433709527986
AL,2016-07-01,pre,-2.5318764473137776
AL,2016-08-01,pre,-1.8651205420340204
AL,2016-09-01,pre,-1.1495590403263662
AL,2016-10-01,pre,-0.4986394700508896
AL,2016-11-01,pre,0.1850192180559418
AL,2016-12-01,pre,0.9140985025941433
AL,2017-01-01,pre,1.4924990952822128
AL,2017-02-01,pre,1.8008926048963332
AL,2017-03-01,pre,1.762616912328923
AL,2017-04-01,pre,1.526589847951513
AL,2017-05-01,post,1.2862525204545676
AL,2017-06-01,post,1.2032427417829439
AL,2017-07-01,post,1.3579537892384081
AL,2017-08-01,post,1.7781586918387404
AL,2017-09-01,post,2.4359567906444255
AL,2017-10-01,post,3.38608456051098
AL,2017-11-01,post,4.394700141731278
AL,2017-12-01,post,5.286676357427112
AL,2018-01-01,post,5.918239900873743
AL,2018-02-01,post,5.991457022247062
AL,2018-03-01,post,5.2018419880879065
AL,2018-04-01,post,3.725629358291016
AP,2013-01-01,pre,0
AP,2013-02-01,pre,0.6482645449936797
AP,2013-03-01,pre,1.0740372466244423
AP,2013-04-01,pre,1.194935881764252
AP,2013-05-01,pre,1.0281087082888263
AP,2013-06-01,pre,0.6371441858885589
AP,2013-07-01,pre,0.08316606640329383
AP,2013-08-01,pre,-0.3650223970847861
AP,2013-09-01,pre,-0.5833585870719702
AP,2013-10-01,pre,-0.6832305755839059
AP,2013-11-01,pre,-0.8207220621863343
AP,2013-12-01,pre,-1.0685928324459297
AP,2014-01-01,pre,-1.4046428355447773
AP,2014-02-01,pre,-1.7578669442560795
AP,2014-03-01,pre,-2.0151687156312903
AP,2014-04-01,pre,-2.0681913056724994
AP,2014-05-01,pre,-1.8128640311099957
AP,2014-06-01,pre,-1.292843481220359
AP,2014-07-01,pre,-0.7233528079559903
AP,2014-08-01,pre,-0.4056411532638293
AP,2014-09-01,pre,-0.4333877950956406
AP,2014-10-01,pre,-0.750426753480383
AP,2014-11-01,pre,-1.2212241883131725
AP,2014-12-01,pre,-1.654996536830879
AP,2015-01-01,pre,-1.859998637712053
AP,2015-02-01,pre,-1.867869837025168
AP,2015-03-01,pre,-1.7644968170435078
AP,2015-04-01,pre,-1.620025104294939
AP,2015-05-01,pre,-1.4935464910919904
AP,2015-06-01,pre,-1.4450805020112227
AP,2015-07-01,pre,-1.4625865326781877
AP,2015-08-01,pre,-1.6552170269070388
AP,2015-09-01,pre,-2.0288323591221342
AP,2015-10-01,pre,-2.489626221517298
AP,2015-11-01,pre,-2.9303059295163933
AP,2015-12-01,pre,-3.351431765405451
AP,2016-01-01,pre,-3.7105843498524536
AP,2016-02-01,pre,-3.9322701246859992
AP,2016-03-01,pre,-3.9243793654402594
AP,2016-04-01,pre,-3.769386202086608
AP,2016-05-01,pre,-3.5051312962830252
AP,2016-06-01,pre,-3.0844189897720042
AP,2016-07-01,pre,-2.5208352069459465
AP,2016-08-01,pre,-1.8571305270159826
AP,2016-09-01,pre,-1.142440964454039
AP,2016-10-01,pre,-0.4885145629832124
AP,2016-11-01,pre,0.2030071065123309
AP,2016-12-01,pre,0.9439625824779654
AP,2017-01-01,pre,1.5368424806359258
AP,2017-02-01,pre,1.8609632360441566
AP,2017-03-01,pre,1.839275981502226
AP,2017-04-01,pre,1.6200934184629716
AP,2017-05-01,post,1.3968185346770525
AP,2017-06-01,post,1.3298936282358653
AP,2017-07-01,post,1.4980180823636857
AP,2017-08-01,post,1.9283215647284493
AP,2017-09-01,post,2.592946976527415
AP,2017-10-01,post,3.549048141937959
AP,2017-11-01,post,4.565280566415495
AP,2017-12-01,post,5.46682921191038
AP,2018-01-01,post,6.109763300127483
AP,2018-02-01,post,6.194173991611578
AP,2018-03-01,post,5.413152518254719
AP,2018-04-01,post,3.941844725011265
BA,2013-01-01,pre,1.4210854715202004e-14
BA,2013-02-01,pre,0.6489746440624771
BA,2013-03-01,pre,1.0751551496603469
BA,2013-04-01,pre,1.1948459391874735
BA,2013-05-01,pre,1.0257658404145502
BA,2013-06-01,pre,0.6325321392627927
BA,2013-07-01,pre,0.07687152340442083
BA,2013-08-01,pre,-0.3724807995672137
BA,2013-09-01,pre,-0.5911286878943827
BA,2013-10-01,pre,-0.6901491120446224
BA,2013-11-01,pre,-0.8255843422926432
BA,2013-12-01,pre,-1.0707082869067932
BA,2014-01-01,pre,-1.4036902484148328
BA,2014-02-01,pre,-1.7542756808875168
BA,2014-03-01,pre,-2.009592545619597
BA,2014-04-01,pre,-2.0620224362597668
BA,2014-05-01,pre,-1.8080510207016687
BA,2014-06-01,pre,-1.291366866902564
BA,2014-07-01,pre,-0.726347092193464
BA,2014-08-01,pre,-0.4133093895276403
BA,2014-09-01,pre,-0.445737575157068
BA,2014-10-01,pre,-0.7674399793252462
BA,2014-11-01,pre,-1.2429226310400452
BA,2014-12-01,pre,-1.6810833873753523
BA,2015-01-01,pre,-1.8894530964801248
BA,2015-02-01,pre,-1.898867055072813
BA,2015-03-01,pre,-1.7947510787455627
BA,2015-04-01,pre,-1.6479843769105287
BA,2015-05-01,pre,-1.5185300221586715
BA,2015-06-01,pre,-1.4667038421629144
BA,2015-07-01,pre,-1.4806898976331553
BA,2015-08-01,pre,-1.6699440686821845
BA,2015-09-01,pre,-2.0407234955975895
BA,2015-10-01,pre,-2.4993055106381235
BA,2015-11-01,pre,-2.9385348265653874
BA,2015-12-01,pre,-3.3595004063663083
BA,2016-01-01,pre,-3.7202972341537475
BA,2016-02-01,pre,-3.9445959123788583
BA,2016-03-01,pre,-3.9383977722087877
BA,2016-04-01,pre,-3.7828355996162486
BA,2016-05-01,pre,-3.516369130248748
BA,2016-06-01,pre,-3.093799216784049
BA,2016-07-01,pre,-2.530426468681071
BA,2016-08-01,pre,-1.8701465490087372
BA,2016-09-01,pre,-1.1616197303382023
BA,2016-10-01,pre,-0.5140100482122705
BA,2016-11-01,pre,0.1739443465864099
BA,2016-12-01,pre,0.9170581246988263
BA,2017-01-01,pre,1.518546603933416
BA,2017-02-01,pre,1.855327495856045
BA,2017-03-01,pre,1.846034643140868
BA,2017-04-01,pre,1.636199906215566
BA,2017-05-01,post,1.418322805399498
BA,2017-06-01,post,1.3525649137719853
BA,2017-07-01,post,1.5190147881525178
BA,2017-08-01,post,1.9465461398743855
BA,2017-09-01,post,2.6089275357408894
BA,2017-10-01,post,3.562825667660505
BA,2017-11-01,post,4.576243997693865
BA,2017-12-01,post,5.47244377252251
BA,2018-01-01,post,6.106895834680984
BA,2018-02-01,post,6.181284397595547
BA,2018-03-01,post,5.390481114682402
BA,2018-04-01,post,3.9103378908665434
CE,2013-01-01,pre,1.4210854715202004e-14
CE,2013-02-01,pre,0.6336470062749839
CE,2013-03-01,pre,1.0457423579023128
CE,2013-04-01,pre,1.1584197403009426
CE,2013-05-01,pre,0.9887409931839102
CE,2013-06-01,pre,0.5960302537216506
CE,2013-07-01,pre,0.03931923113171365
CE,2013-08-01,pre,-0.4105508413642127
CE,2013-09-01,pre,-0.6302635709312341
CE,2013-10-01,pre,-0.7328698902453965
CE,2013-11-01,pre,-0.8761910647270241
CE,2013-12-01,pre,-1.1319030698680308
CE,2014-01-01,pre,-1.4763645743020675
CE,2014-02-01,pre,-1.8373664719632927
CE,2014-03-01,pre,-2.1007211389145226
CE,2014-04-01,pre,-2.1559117170285163
CE,2014-05-01,pre,-1.8973111052731753
CE,2014-06-01,pre,-1.370157684901983
CE,2014-07-01,pre,-0.7960254549369665
CE,2014-08-01,pre,-0.48004531281722507
CE,2014-09-01,pre,-0.5122368459889657
CE,2014-10-01,pre,-0.8302155704273986
CE,2014-11-01,pre,-1.2938114505892315
CE,2014-12-01,pre,-1.7105997259982928
CE,2015-01-01,pre,-1.8927749473345301
CE,2015-02-01,pre,-1.8793124589019357
CE,2015-03-01,pre,-1.7643243795666024
CE,2015-04-01,pre,-1.6195515406333385
CE,2015-05-01,pre,-1.5020207900016942
CE,2015-06-01,pre,-1.4692738330899004
CE,2015-07-01,pre,-1.5052575059186495
CE,2015-08-01,pre,-1.7159394482369095
CE,2015-09-01,pre,-2.104449756832935
CE,2015-10-01,pre,-2.573740937543448
CE,2015-11-01,pre,-3.016403600297778
CE,2015-12-01,pre,-3.434238297383459
CE,2016-01-01,pre,-3.78571321465472
CE,2016-02-01,pre,-3.999686139060188
CE,2016-03-01,pre,-3.990790476267051
CE,2016-04-01,pre,-3.8452141492436596
CE,2016-05-01,pre,-3.596173549753601
CE,2016-06-01,pre,-3.184609219391689
CE,2016-07-01,pre,-2.6151209261173562
CE,2016-08-01,pre,-1.93038582282054
CE,2016-09-01,pre,-1.1874811052866079
CE,2016-10-01,pre,-0.5130017495584269
CE,2016-11-01,pre,0.17829383264943033
CE,2016-12-01,pre,0.8898310926732336
CE,2017-01-01,pre,1.426860604014692
CE,2017-02-01,pre,1.6833805155117005
CE,2017-03-01,pre,1.6026451546365195
CE,2017-04-01,pre,1.3437925203462129
CE,2017-05-01,post,1.1004680472115353
CE,2017-06-01,post,1.0288396122378174
CE,2017-07-01,post,1.1985252830015298
CE,2017-08-01,post,1.6298203852444146
CE,2017-09-01,post,2.2911959814227885
CE,2017-10-01,post,3.242115509917781
CE,2017-11-01,post,4.255091430359258
CE,2017-12-01,post,5.16254523366122
CE,2018-01-01,post,5.821124129176724
CE,2018-02-01,post,5.9254546784023034
CE,2018-03-01,post,5.164022017997283
CE,2018-04-01,post,3.711136908797698
DF,2013-01-01,pre,0
DF,2013-02-01,pre,0.6491655383816521
DF,2013-03-01,pre,1.0755345272472283
DF,2013-04-01,pre,1.200128407772013
DF,2013-05-01,pre,1.0414944191494016
DF,2013-06-01,pre,0.658593230136205
DF,2013-07-01,pre,0.1089376423613686
DF,2013-08-01,pre,-0.3378108271119231
DF,2013-09-01,pre,-0.5566337041050673
DF,2013-10-01,pre,-0.6573515941066432
DF,2013-11-01,pre,-0.7973913245685509
DF,2013-12-01,pre,-1.0488923043558458
DF,2014-01-01,pre,-1.3880905684679448
DF,2014-02-01,pre,-1.744419450835494
DF,2014-03-01,pre,-2.003193454084112
DF,2014-04-01,pre,-2.0555189406784535
DF,2014-05-01,pre,-1.7971688202351004
DF,2014-06-01,pre,-1.2724194277996475
DF,2014-07-01,pre,-0.7034928393376134
DF,2014-08-01,pre,-0.3962308152159295
DF,2014-09-01,pre,-0.4401960939482876
DF,2014-10-01,pre,-0.77121307783014
DF,2014-11-01,pre,-1.2444412613446332
DF,2014-12-01,pre,-1.6635394312539944
DF,2015-01-01,pre,-1.8400807628044191
DF,2015-02-01,pre,-1.8148755192136292
DF,2015-03-01,pre,-1.6849994163411424
DF,2015-04-01,pre,-1.5270676953411737
DF,2015-05-01,pre,-1.3991988659148973
DF,2015-06-01,pre,-1.3566870888891174
DF,2015-07-01,pre,-1.3811031746708835
DF,2015-08-01,pre,-1.580722895936205
DF,2015-09-01,pre,-1.964507501815362
DF,2015-10-01,pre,-2.43816844601308
DF,2015-11-01,pre,-2.8935380814142775
DF,2015-12-01,pre,-3.32735088065202
DF,2016-01-01,pre,-3.6928797374785063
DF,2016-02-01,pre,-3.913022589297526
DF,2016-03-01,pre,-3.8993251293705242
DF,2016-04-01,pre,-3.7392116136179965
DF,2016-05-01,pre,-3.4705304897011615
DF,2016-06-01,pre,-3.041818080172476
DF,2016-07-01,pre,-2.461559374520391
DF,2016-08-01,pre,-1.77272984556717
DF,2016-09-01,pre,-1.0316834501669234
DF,2016-10-01,pre,-0.3620516198203205
DF,2016-11-01,pre,0.3233630962272116
DF,2016-12-01,pre,1.0300446758222392
DF,2017-01-01,pre,1.5648604573802487
DF,2017-02-01,pre,1.8212411058303815
DF,2017-03-01,pre,1.73894071942307
DF,2017-04-01,pre,1.4757190144879502
DF,2017-05-01,post,1.2232628849118328
DF,2017-06-01,post,1.139129220622138
DF,2017-07-01,post,1.2970469721782791
DF,2017-08-01,post,1.7214677592312455
DF,2017-09-01,post,2.383758184733267
DF,2017-10-01,post,3.3412453833045532
DF,2017-11-01,post,4.361939789397908
DF,2017-12-01,post,5.273031672255158
DF,2018-01-01,post,5.925968952252845
DF,2018-02-01,post,6.013696766856015
DF,2018-03-01,post,5.225775468812998
DF,2018-04-01,post,3.7408891840365754
ES,2013-01-01,pre,1.4210854715202004e-14
ES,2013-02-01,pre,0.6409010146147409
ES,2013-03-01,pre,1.0285856656634849
ES,2013-04-01,pre,1.1111487145299037
ES,2013-05-01,pre,0.916298446986346
ES,2013-06-01,pre,0.5260026660536425
ES,2013-07-01,pre,0.014726666029545754
ES,2013-08-01,pre,-0.37541502949382277
ES,2013-09-01,pre,-0.579388119849753
ES,2013-10-01,pre,-0.7188306718937127
ES,2013-11-01,pre,-0.9304810226803255
ES,2013-12-01,pre,-1.2642727226283057
ES,2014-01-01,pre,-1.6646507368732273
ES,2014-02-01,pre,-2.032225240702232
ES,2014-03-01,pre,-2.2571221676956554
ES,2014-04-01,pre,-2.2407834552414982
ES,2014-05-01,pre,-1.8932650678560208
ES,2014-06-01,pre,-1.291026863365019
ES,2014-07-01,pre,-0.6659159320515471
ES,2014-08-01,pre,-0.30247458964257135
ES,2014-09-01,pre,-0.2899919854082924
ES,2014-10-01,pre,-0.6084106010135457
ES,2014-11-01,pre,-1.1435815280874095
ES,2014-12-01,pre,-1.6896558184506745
ES,2015-01-01,pre,-2.0457849270719493
ES,2015-02-01,pre,-2.2240398909985544
ES,2015-03-01,pre,-2.264114801789205
ES,2015-04-01,pre,-2.176098581936074
ES,2015-05-01,pre,-2.0041039829284983
ES,2015-06-01,pre,-1.8357096183786297
ES,2015-07-01,pre,-1.6932877483610014
ES,2015-08-01,pre,-1.725116879261961
ES,2015-09-01,pre,-1.9490793125436454
ES,2015-10-01,pre,-2.2968880212967377
ES,2015-11-01,pre,-2.6957441865311154
ES,2015-12-01,pre,-3.1536731892529986
ES,2016-01-01,pre,-3.5909968063567703
ES,2016-02-01,pre,-3.8959421047605076
ES,2016-03-01,pre,-3.9691738555956135
ES,2016-04-01,pre,-3.8870272616709087
ES,2016-05-01,pre,-3.684479826489138
ES,2016-06-01,pre,-3.2956119857587254
ES,2016-07-01,pre,-2.740919120955212
ES,2016-08-01,pre,-2.054792710677887
ES,2016-09-01,pre,-1.2623115723043554
ES,2016-10-01,pre,-0.48189458160420884
ES,2016-11-01,pre,0.3629112488880679
ES,2016-12-01,pre,1.2373217742152889
ES,2017-01-01,pre,1.9232923143120786
ES,2017-02-01,pre,2.3117548769030662
ES,2017-03-01,pre,2.372872519817804
ES,2017-04-01,pre,2.2784753118549617
ES,2017-05-01,post,2.226024748294222
ES,2017-06-01,post,2.355280182115621
ES,2017-07-01,post,2.7066930465127825
ES,2017-08-01,post,3.2813603451336206
ES,2017-09-01,post,4.029186675730202
ES,2017-10-01,post,5.064769454034149
ES,2017-11-01,post,6.2152570349682605
ES,2017-12-01,post,7.327856253866287
ES,2018-01-01,post,8.247528005078621
ES,2018-02-01,post,8.615140656372972
ES,2018-03-01,post,8.066334366468155
ES,2018-04-01,post,6.7407463886166
GO,2013-01-01,pre,0
GO,2013-02-01,pre,0.6344491012897464
GO,2013-03-01,pre,1.0567804770343656
GO,2013-04-01,pre,1.193562610788888
GO,2013-05-01,pre,1.057967688949077
GO,2013-06-01,pre,0.6974146814439024
GO,2013-07-01,pre,0.1605281133835632
GO,2013-08-01,pre,-0.28274893103984766
GO,2013-09-01,pre,-0.5033426804832146
GO,2013-10-01,pre,-0.6093712016156871
GO,2013-11-01,pre,-0.7545816716213523
GO,2013-12-01,pre,-1.0073665733601302
GO,2014-01-01,pre,-1.346764496319338
GO,2014-02-01,pre,-1.7033342326210885
GO,2014-03-01,pre,-1.966420589770138
GO,2014-04-01,pre,-2.0289822608645665
GO,2014-05-01,pre,-1.7852287500576125
GO,2014-06-01,pre,-1.274127206741781
GO,2014-07-01,pre,-0.7181650380114633
GO,2014-08-01,pre,-0.42437780871621555
GO,2014-09-01,pre,-0.4795936058467305
GO,2014-10-01,pre,-0.8133921346375246
GO,2014-11-01,pre,-1.2809040713510598
GO,2014-12-01,pre,-1.6918206678625012
GO,2015-01-01,pre,-1.8625447349353834
GO,2015-02-01,pre,-1.8409785521627526
GO,2015-03-01,pre,-1.7269901938947072
GO,2015-04-01,pre,-1.592251191564685
GO,2015-05-01,pre,-1.488822114000115
GO,2015-06-01,pre,-1.4682786563717087
GO,2015-07-01,pre,-1.50993196791336
GO,2015-08-01,pre,-1.723970095716524
GO,2015-09-01,pre,-2.1226333558635844
GO,2015-10-01,pre,-2.60957771060788
GO,2015-11-01,pre,-3.071239846326705
GO,2015-12-01,pre,-3.498843525633731
GO,2016-01-01,pre,-3.846385286060382
GO,2016-02-01,pre,-4.043944065028498
GO,2016-03-01,pre,-4.01457880298625
GO,2016-04-01,pre,-3.8533022495196576
GO,2016-05-01,pre,-3.592573352473309
GO,2016-06-01,pre,-3.169021504468617
GO,2016-07-01,pre,-2.5814930256727706
GO,2016-08-01,pre,-1.8697908837580997
GO,2016-09-01,pre,-1.097701418014367
GO,2016-10-01,pre,-0.4083231915117267
GO,2016-11-01,pre,0.26819483206628547
GO,2016-12-01,pre,0.9263290588290971
GO,2017-01-01,pre,1.374043213712099
GO,2017-02-01,pre,1.5205713497929594
GO,2017-03-01,pre,1.3282798066472168
GO,2017-04-01,pre,0.9698879446316795
GO,2017-05-01,post,0.6421988134334242
GO,2017-06-01,post,0.50661232304914
GO,2017-07-01,post,0.6334703990243753
GO,2017-08-01,post,1.0389861667036087
GO,2017-09-01,post,1.685574702428326
GO,2017-10-01,post,2.625884108125149
GO,2017-11-01,post,3.6254659544994325
GO,2017-12-01,post,4.522410606604652
GO,2018-01-01,post,5.174871315929082
GO,2018-02-01,post,5.277088336774369
GO,2018-03-01,post,4.518808924876666
GO,2018-04-01,post,3.076464305045846
MA,2013-01-01,pre,0
MA,2013-02-01,pre,0.654636374745877
MA,2013-03-01,pre,1.0868049939753774
MA,2013-04-01,pre,1.2127152836049078
MA,2013-05-01,pre,1.0490222576679145
MA,2013-06-01,pre,0.662223365562923
MA,2013-07-01,pre,0.1152655058960903
MA,2013-08-01,pre,-0.3262735256651297
MA,2013-09-01,pre,-0.5459435224584865
MA,2013-10-01,pre,-0.6560004925076726
MA,2013-11-01,pre,-0.8055122112870521
MA,2013-12-01,pre,-1.0626807377594787
MA,2014-01-01,pre,-1.4007058670226513
MA,2014-02-01,pre,-1.7476196396644639
MA,2014-03-01,pre,-1.996336938582587
MA,2014-04-01,pre,-2.042297929445212
MA,2014-05-01,pre,-1.7853916527205769
MA,2014-06-01,pre,-1.2694828966369585
MA,2014-07-01,pre,-0.7096630973057927
MA,2014-08-01,pre,-0.40299285324036305
MA,2014-09-01,pre,-0.43678143366777533
MA,2014-10-01,pre,-0.7590035398860522
MA,2014-11-01,pre,-1.2407971384048153
MA,2014-12-01,pre,-1.692743320872495
MA,2015-01-01,pre,-1.9204792138905589
MA,2015-02-01,pre,-1.9536278854579336
MA,2015-03-01,pre,-1.8706548789230908
MA,2015-04-01,pre,-1.7359688737565193
MA,2015-05-01,pre,-1.6081128540179748
MA,2015-06-01,pre,-1.5504045282076078
MA,2015-07-01,pre,-1.557724517143484
MA,2015-08-01,pre,-1.7417691984697967
MA,2015-09-01,pre,-2.1138998291674653
MA,2015-10-01,pre,-2.5789504843943405
MA,2015-11-01,pre,-3.0227464881802035
MA,2015-12-01,pre,-3.4405318787535037
MA,2016-01-01,pre,-3.7858105318362902
MA,2016-02-01,pre,-3.983211996484485
MA,2016-03-01,pre,-3.943573378504695
MA,2016-04-01,pre,-3.754100247521791
MA,2016-05-01,pre,-3.4542378301866137
MA,2016-06-01,pre,-2.997901062147804
MA,2016-07-01,pre,-2.4007699911949203
MA,2016-08-01,pre,-1.7068661978244393
MA,2016-09-01,pre,-0.9654638572687304
MA,2016-10-01,pre,-0.29135090739863756
MA,2016-11-01,pre,0.4040445250954292
MA,2016-12-01,pre,1.1261918822460188
MA,2017-01-01,pre,1.6820900852843153
MA,2017-02-01,pre,1.9614084056692747
MA,2017-03-01,pre,1.8974728347889567
MA,2017-04-01,pre,1.6467258118625239
MA,2017-05-01,post,1.4054481632738032
MA,2017-06-01,post,1.3331931647968815
MA,2017-07-01,post,1.509325746196879
MA,2017-08-01,post,1.9558171930009678
MA,2017-09-01,post,2.635560635004552
MA,2017-10-01,post,3.601822219792055
MA,2017-11-01,post,4.622673380062594
MA,2017-12-01,post,5.521222482259859
MA,2018-01-01,post,6.153537374418917
MA,2018-02-01,post,6.222110558487842
MA,2018-03-01,post,5.425903143013443
MA,2018-04-01,post,3.941008277400371
MG,2013-01-01,pre,0
MG,2013-02-01,pre,0.6435005788673465
MG,2013-03-01,pre,1.0643309883687664
MG,2013-04-01,pre,1.181691261217182
MG,2013-05-01,pre,1.013081820728516
MG,2013-06-01,pre,0.6207772189834628
MG,2013-07-01,pre,0.06532441776994347
MG,2013-08-01,pre,-0.38366021141339957
MG,2013-09-01,pre,-0.6024949853382822
MG,2013-10-01,pre,-0.7031504494564018
MG,2013-11-01,pre,-0.8426257337723655
MG,2013-12-01,pre,-1.0934408313929822
MG,2014-01-01,pre,-1.4326446571673443
MG,2014-02-01,pre,-1.7888108661505981
MG,2014-03-01,pre,-2.0481554192278253
MG,2014-04-01,pre,-2.1014379647258465
MG,2014-05-01,pre,-1.8441017817263798
MG,2014-06-01,pre,-1.320692748326465
MG,2014-07-01,pre,-0.7492314460070872
MG,2014-08-01,pre,-0.43261735434404613
MG,2014-09-01,pre,-0.4629770657929697
MG,2014-10-01,pre,-0.7815371160960041
MG,2014-11-01,pre,-1.250391064102871
MG,2014-12-01,pre,-1.6774614557236731
MG,2015-01-01,pre,-1.872440357068868
MG,2015-02-01,pre,-1.8699714608629137
MG,2015-03-01,pre,-1.7596423327711506
MG,2015-04-01,pre,-1.6129178721246973
MG,2015-05-01,pre,-1.4883884434549373
MG,2015-06-01,pre,-1.4450142192807505
MG,2015-07-01,pre,-1.4689291061010579
MG,2015-08-01,pre,-1.6679528180658991
MG,2015-09-01,pre,-2.0469928758565743
MG,2015-10-01,pre,-2.5110801650212977
MG,2015-11-01,pre,-2.9530791866375807
MG,2015-12-01,pre,-3.374064720881705
MG,2016-01-01,pre,-3.731677767649998
MG,2016-02-01,pre,-3.951576060701882
MG,2016-03-01,pre,-3.9437752314341736
MG,2016-04-01,pre,-3.792032608949839
MG,2016-05-01,pre,-3.5327284674963266
MG,2016-06-01,pre,-3.114581208739253
MG,2016-07-01,pre,-2.548003098409339
MG,2016-08-01,pre,-1.8759683312358106
MG,2016-09-01,pre,-1.1507286985833218
MG,2016-10-01,pre,-0.48936052566426724
MG,2016-11-01,pre,0.20179939734161678
MG,2016-12-01,pre,0.9317138826831552
MG,2017-01-01,pre,1.504218660710265
MG,2017-02-01,pre,1.8042262967976939
MG,2017-03-01,pre,1.7621334350742046
MG,2017-04-01,pre,1.5300832320840385
MG,2017-05-01,post,1.3011504743324593
MG,2017-06-01,post,1.2337627252468337
MG,2017-07-01,post,1.4031045236792465
MG,2017-08-01,post,1.8340477801964283
MG,2017-09-01,post,2.4978289931221553
MG,2017-10-01,post,3.4526684139336936
MG,2017-11-01,post,4.468706926669157
MG,2017-12-01,post,5.373358959625548
MG,2018-01-01,post,6.022252236200558
MG,2018-02-01,post,6.11299495618475
MG,2018-03-01,post,5.336826329540145
MG,2018-04-01,post,3.868967944810521
MS,2013-01-01,pre,-1.4210854715202004e-14
MS,2013-02-01,pre,0.6512690093102123
MS,2013-03-01,pre,1.0780411353423176
MS,2013-04-01,pre,1.197224889986643
MS,2013-05-01,pre,1.0271284614118201
MS,2013-06-01,pre,0.6329904908389778
MS,2013-07-01,pre,0.07717933060322935
MS,2013-08-01,pre,-0.37148200456280733
MS,2013-09-01,pre,-0.5895412462372747
MS,2013-10-01,pre,-0.6884843672004877
MS,2013-11-01,pre,-0.825199123277585
MS,2013-12-01,pre,-1.0730844343048176
MS,2014-01-01,pre,-1.40927492642939
MS,2014-02-01,pre,-1.7626462973436645
MS,2014-03-01,pre,-2.019201385269895
MS,2014-04-01,pre,-2.0702302143775597
MS,2014-05-01,pre,-1.811964145100461
MS,2014-06-01,pre,-1.2890808634416402
MS,2014-07-01,pre,-0.7174649947942839
MS,2014-08-01,pre,-0.39860785238100505
MS,2014-09-01,pre,-0.42625172981067294
MS,2014-10-01,pre,-0.744518862091013
MS,2014-11-01,pre,-1.216858296260753
MS,2014-12-01,pre,-1.650751048662542
MS,2015-01-01,pre,-1.8538863571933604
MS,2015-02-01,pre,-1.8575601146670095
MS,2015-03-01,pre,-1.7483325797207812
MS,2015-04-01,pre,-1.5980034750034235
MS,2015-05-01,pre,-1.4667065864699822
MS,2015-06-01,pre,-1.4146297628203683
MS,2015-07-01,pre,-1.4294591493444813
MS,2015-08-01,pre,-1.6199461075819102
MS,2015-09-01,pre,-1.9917605677739942
MS,2015-10-01,pre,-2.4514605683797015
MS,2015-11-01,pre,-2.8926413525833397
MS,2015-12-01,pre,-3.3164198625870966
MS,2016-01-01,pre,-3.6797435240389973
MS,2016-02-01,pre,-3.9055411114570404
MS,2016-03-01,pre,-3.899889595243792
MS,2016-04-01,pre,-3.744371525872424
MS,2016-05-01,pre,-3.477889692027418
MS,2016-06-01,pre,-3.0551332318375586
MS,2016-07-01,pre,-2.491016137619468
MS,2016-08-01,pre,-1.8289243824786325
MS,2016-09-01,pre,-1.1173609253416856
MS,2016-10-01,pre,-0.46564229384905786
MS,2016-11-01,pre,0.2267036148880237
MS,2016-12-01,pre,0.9729714947831383
MS,2017-01-01,pre,1.5759437811876182
MS,2017-02-01,pre,1.9134412133793148
MS,2017-03-01,pre,1.9058661402019936
MS,2017-04-01,pre,1.6996870911220725
MS,2017-05-01,post,1.487146864472109
MS,2017-06-01,post,1.4276997043446045
MS,2017-07-01,post,1.6002401230578158
MS,2017-08-01,post,2.033224836910094
MS,2017-09-01,post,2.700430505225995
MS,2017-10-01,post,3.6598420640046214
MS,2017-11-01,post,4.680420597655896
MS,2017-12-01,post,5.585449798493826
MS,2018-01-01,post,6.229213110585121
MS,2018-02-01,post,6.310845378266691
MS,2018-03-01,post,5.523098674218815
MS,2018-04-01,post,4.041971761902943
MT,2013-01-01,pre,0
MT,2013-02-01,pre,0.7445075362125664
MT,2013-03-01,pre,1.2295334293712727
MT,2013-04-01,pre,1.303922054452343
MT,2013-05-01,pre,1.0009652223064904
MT,2013-06-01,pre,0.47304320778040676
MT,2013-07-01,pre,-0.15663640870934614
MT,2013-08-01,pre,-0.6330047544364277
MT,2013-09-01,pre,-0.8435774312573727
MT,2013-10-01,pre,-0.9040497049769556
MT,2013-11-01,pre,-0.9663757747535726
MT,2013-12-01,pre,-1.1277717109779815
MT,2014-01-01,pre,-1.3756405633264706
MT,2014-02-01,pre,-1.6474414384306613
MT,2014-03-01,pre,-1.834889815244324
MT,2014-04-01,pre,-1.8451860295874667
MT,2014-05-01,pre,-1.5932559437242872
MT,2014-06-01,pre,-1.1303000185913703
MT,2014-07-01,pre,-0.5989200488162396
MT,2014-08-01,pre,-0.2446184113947112
MT,2014-09-01,pre,-0.20026676908032925
MT,2014-10-01,pre,-0.49364564876144357
MT,2014-11-01,pre,-1.0584767010712994
MT,2014-12-01,pre,-1.7186295971686718
MT,2015-01-01,pre,-2.226110453938503
MT,2015-02-01,pre,-2.504667087005913
MT,2015-03-01,pre,-2.534590019784744
MT,2015-04-01,pre,-2.3682402793940724
MT,2015-05-01,pre,-2.1068343944717185
MT,2015-06-01,pre,-1.8607279319585217
MT,2015-07-01,pre,-1.6778625113097831
MT,2015-08-01,pre,-1.6816414669461608
MT,2015-09-01,pre,-1.866050195104691
MT,2015-10-01,pre,-2.1573989536435363
MT,2015-11-01,pre,-2.470337551507285
MT,2015-12-01,pre,-2.8458006613400357
MT,2016-01-01,pre,-3.2672531529268127
MT,2016-02-01,pre,-3.6214434373899422
MT,2016-03-01,pre,-3.7140108732118904
MT,2016-04-01,pre,-3.5471556150112065
MT,2016-05-01,pre,-3.1983700376309088
MT,2016-06-01,pre,-2.7459774191661523
MT,2016-07-01,pre,-2.314081834385675
MT,2016-08-01,pre,-1.9700719444197858
MT,2016-09-01,pre,-1.668274365332067
MT,2016-10-01,pre,-1.312520149077912
MT,2016-11-01,pre,-0.6090897350145923
MT,2016-12-01,pre,0.5899236634774638
MT,2017-01-01,pre,2.0611815304950056
MT,2017-02-01,pre,3.4786776002823103
MT,2017-03-01,pre,4.479776886928676
MT,2017-04-01,pre,5.042930546553578
MT,2017-05-01,post,5.343182263080138
MT,2017-06-01,post,5.555568214429201
MT,2017-07-01,post,5.845636951380143
MT,2017-08-01,post,6.325474208522664
MT,2017-09-01,post,7.031011913920352
MT,2017-10-01,post,8.017263677928568
MT,2017-11-01,post,9.04211988930922
MT,2017-12-01,post,9.836696395864038
MT,2018-01-01,post,10.253150636451423
MT,2018-02-01,post,10.068491800734236
MT,2018-03-01,post,9.036054494177051
MT,2018-04-01,post,7.330407732672896
PA,2013-01-01,pre,0
PA,2013-02-01,pre,0.6483950706822696
PA,2013-03-01,pre,1.0734782256814128
PA,2013-04-01,pre,1.192978192415623
PA,2013-05-01,pre,1.0250153567296536
PA,2013-06-01,pre,0.6330255009824128
PA,2013-07-01,pre,0.07801024735644546
PA,2013-08-01,pre,-0.37089294089226144
PA,2013-09-01,pre,-0.5895388560772261
PA,2013-10-01,pre,-0.6890471505075624
PA,2013-11-01,pre,-0.8261804080443653
PA,2013-12-01,pre,-1.0739811993360036
PA,2014-01-01,pre,-1.4097907328457495
PA,2014-02-01,pre,-1.762946168556482
PA,2014-03-01,pre,-2.0197606031058797
PA,2014-04-01,pre,-2.0718534507240207
PA,2014-05-01,pre,-1.8153845813005063
PA,2014-06-01,pre,-1.2946537478902513
PA,2014-07-01,pre,-0.7265864768445738
PA,2014-08-01,pre,-0.41324309013336347
PA,2014-09-01,pre,-0.44707473817294385
PA,2014-10-01,pre,-0.7698724789362643
PA,2014-11-01,pre,-1.2435642927427182
PA,2014-12-01,pre,-1.6753849511268015
PA,2015-01-01,pre,-1.874006800156252
PA,2015-02-01,pre,-1.8729570925631123
PA,2015-03-01,pre,-1.7610199401358813
PA,2015-04-01,pre,-1.6106944731004518
PA,2015-05-01,pre,-1.481529346956421
PA,2015-06-01,pre,-1.4326328053120108
PA,2015-07-01,pre,-1.4503951227062117
PA,2015-08-01,pre,-1.6435174646750141
PA,2015-09-01,pre,-2.0183256013507673
PA,2015-10-01,pre,-2.4807692251791877
PA,2015-11-01,pre,-2.9237613806374156
PA,2015-12-01,pre,-3.3477568887707463
PA,2016-01-01,pre,-3.709689076688406
PA,2016-02-01,pre,-3.9331888733759968
PA,2016-03-01,pre,-3.925826417256417
PA,2016-04-01,pre,-3.770318210767911
PA,2016-05-01,pre,-3.5047540996159228
PA,2016-06-01,pre,-3.081714434238748
PA,2016-07-01,pre,-2.514344541292317
PA,2016-08-01,pre,-1.8462910988945254
PA,2016-09-01,pre,-1.128357503779128
PA,2016-10-01,pre,-0.4737267542960666
PA,2016-11-01,pre,0.2149043932417527
PA,2016-12-01,pre,0.9495089005767312
PA,2017-01-01,pre,1.5341830353835775
PA,2017-02-01,pre,1.8505051717826433
PA,2017-03-01,pre,1.8233182293396482
PA,2017-04-01,pre,1.6015996731124034
PA,2017-05-01,post,1.3775493785730788
PA,2017-06-01,post,1.310142544289704
PA,2017-07-01,post,1.4770815543162712
PA,2017-08-01,post,1.9057423231422348
PA,2017-09-01,post,2.569227020584478
PA,2017-10-01,post,3.524965111145235
PA,2017-11-01,post,4.541616685807185
PA,2017-12-01,post,5.443736771212954
PA,2018-01-01,post,6.0856369546913385
PA,2018-02-01,post,6.166086064101066
PA,2018-03-01,post,5.377934445445092
PA,2018-04-01,post,3.8975972116228093
PB,2013-01-01,pre,0
PB,2013-02-01,pre,0.6476426321205508
PB,2013-03-01,pre,1.0702368068345862
PB,2013-04-01,pre,1.186862076908497
PB,2013-05-01,pre,1.0159210700815606
PB,2013-06-01,pre,0.6213615401878627
PB,2013-07-01,pre,0.06509352311340422
PB,2013-08-01,pre,-0.3833492004804384
PB,2013-09-01,pre,-0.6014068692014689
PB,2013-10-01,pre,-0.7014511016832472
PB,2013-11-01,pre,-0.841394594281212
PB,2013-12-01,pre,-1.0941980129254318
PB,2014-01-01,pre,-1.4358533213659825
PB,2014-02-01,pre,-1.7941076027172898
PB,2014-03-01,pre,-2.0539305536250083
PB,2014-04-01,pre,-2.105071231602466
PB,2014-05-01,pre,-1.8429383659262584
PB,2014-06-01,pre,-1.3132510679718052
PB,2014-07-01,pre,-0.7349533721324946
PB,2014-08-01,pre,-0.4116817143598297
PB,2014-09-01,pre,-0.4362768818894125
PB,2014-10-01,pre,-0.7511709313927213
PB,2014-11-01,pre,-1.217853857124794
PB,2014-12-01,pre,-1.6426692788479613
PB,2015-01-01,pre,-1.8348483078215025
PB,2015-02-01,pre,-1.8284288366212422
PB,2015-03-01,pre,-1.71323367567868
PB,2015-04-01,pre,-1.5617558780455028
PB,2015-05-01,pre,-1.4332894813101973
PB,2015-06-01,pre,-1.3871258580538068
PB,2015-07-01,pre,-1.4094036251550648
PB,2015-08-01,pre,-1.607372798150891
PB,2015-09-01,pre,-1.9853272037530019
PB,2015-10-01,pre,-2.4489266383072277
PB,2015-11-01,pre,-2.8921170099444993
PB,2015-12-01,pre,-3.3163037045031984
PB,2016-01-01,pre,-3.677961060062998
PB,2016-02-01,pre,-3.901290441744507
PB,2016-03-01,pre,-3.8951420398214083
PB,2016-04-01,pre,-3.742914723684464
PB,2016-05-01,pre,-3.4820778533492245
PB,2016-06-01,pre,-3.0628649808294455
PB,2016-07-01,pre,-2.496603966816096
PB,2016-08-01,pre,-1.8259870680413286
PB,2016-09-01,pre,-1.102023015493856
PB,2016-10-01,pre,-0.4395498380646643
PB,2016-11-01,pre,0.2564612506288455
PB,2016-12-01,pre,0.9948627927396956
PB,2017-01-01,pre,1.578773912314432
PB,2017-02-01,pre,1.8918133791448355
PB,2017-03-01,pre,1.8630635302229877
PB,2017-04-01,pre,1.6437699810132216
PB,2017-05-01,post,1.426432842148671
PB,2017-06-01,post,1.368877513804449
PB,2017-07-01,post,1.5460349260383879
PB,2017-08-01,post,1.9834024624254027
PB,2017-09-01,post,2.6530590591361403
PB,2017-10-01,post,3.6146271162476893
PB,2017-11-01,post,4.639062705119514
PB,2017-12-01,post,5.552584637336494
PB,2018-01-01,post,6.209256494030342
PB,2018-02-01,post,6.304604956422651
PB,2018-03-01,post,5.528177376420999
PB,2018-04-01,post,4.055504892234978
PE,2013-01-01,pre,-1.4210854715202004e-14
PE,2013-02-01,pre,0.6490077857445158
PE,2013-03-01,pre,1.0743606001611425
PE,2013-04-01,pre,1.1940988796491325
PE,2013-05-01,pre,1.0261009867811026
PE,2013-06-01,pre,0.6341013459472435
PE,2013-07-01,pre,0.07944149984639637
PE,2013-08-01,pre,-0.36882723930359873
PE,2013-09-01,pre,-0.5870703583410517
PE,2013-10-01,pre,-0.686794206212312
PE,2013-11-01,pre,-0.8248382700843848
PE,2013-12-01,pre,-1.074134639752785
PE,2014-01-01,pre,-1.411755446953606
PE,2014-02-01,pre,-1.7664202872090726
PE,2014-03-01,pre,-2.024208395325985
PE,2014-04-01,pre,-2.076191009943841
PE,2014-05-01,pre,-1.8182511757851216
PE,2014-06-01,pre,-1.2948533620234883
PE,2014-07-01,pre,-0.7228498735327378
PE,2014-08-01,pre,-0.4044894679929598
PE,2014-09-01,pre,-0.43291933140432093
PE,2014-10-01,pre,-0.751041236841175
PE,2014-11-01,pre,-1.2215634113773177
PE,2014-12-01,pre,-1.6520903383932222
PE,2015-01-01,pre,-1.8512257166346302
PE,2015-02-01,pre,-1.851845985950007
PE,2015-03-01,pre,-1.7418824223029077
PE,2015-04-01,pre,-1.5930316372548532
PE,2015-05-01,pre,-1.4646407735817348
PE,2015-06-01,pre,-1.4162066170622012
PE,2015-07-01,pre,-1.4346500650935354
PE,2015-08-01,pre,-1.6285016248132251
PE,2015-09-01,pre,-2.00347400190239
PE,2015-10-01,pre,-2.465693491413262
PE,2015-11-01,pre,-2.908321570360684
PE,2015-12-01,pre,-3.3319471548885957
PE,2016-01-01,pre,-3.6933645555703265
PE,2016-02-01,pre,-3.916438916417036
PE,2016-03-01,pre,-3.909084204507934
PE,2016-04-01,pre,-3.7541540551117976
PE,2016-05-01,pre,-3.489695447987316
PE,2016-06-01,pre,-3.068080937449963
PE,2016-07-01,pre,-2.5023142929771467
PE,2016-08-01,pre,-1.8353379106566763
PE,2016-09-01,pre,-1.1171634551003535
PE,2016-10-01,pre,-0.4605851006029127
PE,2016-11-01,pre,0.2316347101714058
PE,2016-12-01,pre,0.9705282540450355
PE,2017-01-01,pre,1.5591937000075973
PE,2017-02-01,pre,1.8787191657815896
PE,2017-03-01,pre,1.854174564589897
PE,2017-04-01,pre,1.6348286938103485
PE,2017-05-01,post,1.4134047121105624
PE,2017-06-01,post,1.3492199564200007
PE,2017-07-01,post,1.5197425148977999
PE,2017-08-01,post,1.95187237010434
PE,2017-09-01,post,2.618131234493532
PE,2017-10-01,post,3.5764794968210936
PE,2017-11-01,post,4.596127724603477
PE,2017-12-01,post,5.502137591583491
PE,2018-01-01,post,6.149231200135674
PE,2018-02-01,post,6.23559308627739
PE,2018-03-01,post,5.453121267526541
PE,2018-04-01,post,3.977590427363353
PI,2013-01-01,pre,-1.4210854715202004e-14
PI,2013-02-01,pre,0.6486217830091903
PI,2013-03-01,pre,1.0734908139850603
PI,2013-04-01,pre,1.1922448664842165
PI,2013-05-01,pre,1.022477178606394
PI,2013-06-01,pre,0.6294838709552977
PI,2013-07-01,pre,0.07591895519426828
PI,2013-08-01,pre,-0.3702648974677487
PI,2013-09-01,pre,-0.5892933258555502
PI,2013-10-01,pre,-0.693807553743369
PI,2013-11-01,pre,-0.8378519272713874
PI,2013-12-01,pre,-1.0923491761270867
PI,2014-01-01,pre,-1.4321906762378802
PI,2014-02-01,pre,-1.7852817930327234
PI,2014-03-01,pre,-2.040252413217985
PI,2014-04-01,pre,-2.0893847179975467
PI,2014-05-01,pre,-1.8300374010379983
PI,2014-06-01,pre,-1.3072319705926247
PI,2014-07-01,pre,-0.7379684308207572
PI,2014-08-01,pre,-0.4226572898267733
PI,2014-09-01,pre,-0.4515926733132716
PI,2014-10-01,pre,-0.7697032186082851
PI,2014-11-01,pre,-1.243253510605058
PI,2014-12-01,pre,-1.680859411180819
PI,2015-01-01,pre,-1.8901110898843
PI,2015-02-01,pre,-1.9027906205989638
PI,2015-03-01,pre,-1.803354686086223
PI,2015-04-01,pre,-1.660351020605546
PI,2015-05-01,pre,-1.5328119651773733
PI,2015-06-01,pre,-1.4821144415408867
PI,2015-07-01,pre,-1.4985401257323048
PI,2015-08-01,pre,-1.691068936726282
PI,2015-09-01,pre,-2.066490986250926
PI,2015-10-01,pre,-2.529702821446989
PI,2015-11-01,pre,-2.971158853794506
PI,2015-12-01,pre,-3.390339132394402
PI,2016-01-01,pre,-3.743255583185359
PI,2016-02-01,pre,-3.9549065363832625
PI,2016-03-01,pre,-3.9349908039807246
PI,2016-04-01,pre,-3.768111878282795
PI,2016-05-01,pre,-3.492106965746146
PI,2016-06-01,pre,-3.058232253917339
PI,2016-07-01,pre,-2.4795801810603706
PI,2016-08-01,pre,-1.7997546448009132
PI,2016-09-01,pre,-1.0691407490391214
PI,2016-10-01,pre,-0.4024942123237736
PI,2016-11-01,pre,0.29270485497993093
PI,2016-12-01,pre,1.0243116178701115
PI,2017-01-01,pre,1.597264601679953
PI,2017-02-01,pre,1.8975267552394683
PI,2017-03-01,pre,1.8556085153175843
PI,2017-04-01,pre,1.6246128488619291
PI,2017-05-01,post,1.398695930862516
PI,2017-06-01,post,1.3361228568858934
PI,2017-07-01,post,1.513532996909845
PI,2017-08-01,post,1.9547346742524496
PI,2017-09-01,post,2.6277911429698975
PI,2017-10-01,post,3.589628431123373
PI,2017-11-01,post,4.610330109956337
PI,2017-12-01,post,5.514973282752436
PI,2018-01-01,post,6.159022092973089
PI,2018-02-01,post,6.241735547986622
PI,2018-03-01,post,5.457200305734048
PI,2018-04-01,post,3.980850868158072
PR,2013-01-01,pre,2.842170943040401e-14
PR,2013-02-01,pre,0.6493848988515509
PR,2013-03-01,pre,1.0754149171250447
PR,2013-04-01,pre,1.1946446896169363
PR,2013-05-01,pre,1.0248117809154422
PR,2013-06-01,pre,0.6312050757165224
PR,2013-07-01,pre,0.07619916363626089
PR,2013-08-01,pre,-0.37188413273617016
PR,2013-09-01,pre,-0.5906573384004901
PR,2013-10-01,pre,-0.6918505042971219
PR,2013-11-01,pre,-0.8306082714732383
PR,2013-12-01,pre,-1.0793022382272426
PR,2014-01-01,pre,-1.4147493131081745
PR,2014-02-01,pre,-1.7659675461625852
PR,2014-03-01,pre,-2.0207654578924377
PR,2014-04-01,pre,-2.071582421848447
PR,2014-05-01,pre,-1.8153801848489621
PR,2014-06-01,pre,-1.2964259714089508
PR,2014-07-01,pre,-0.7298811934048075
PR,2014-08-01,pre,-0.4158450418726858
PR,2014-09-01,pre,-0.4466019500124503
PR,2014-10-01,pre,-0.7668020697717566
PR,2014-11-01,pre,-1.241993041333501
PR,2014-12-01,pre,-1.681005432341749
PR,2015-01-01,pre,-1.8911364014384446
PR,2015-02-01,pre,-1.9031547123512667
PR,2015-03-01,pre,-1.801602112827652
PR,2015-04-01,pre,-1.6563014786350578
PR,2015-05-01,pre,-1.5270073401171942
PR,2015-06-01,pre,-1.4746968767351234
PR,2015-07-01,pre,-1.488711805686762
PR,2015-08-01,pre,-1.678403500282144
PR,2015-09-01,pre,-2.0502741820681223
PR,2015-10-01,pre,-2.510123916838083
PR,2015-11-01,pre,-2.949846273896867
PR,2015-12-01,pre,-3.3699608110254076
PR,2016-01-01,pre,-3.727743103038506
PR,2016-02-01,pre,-3.9472194773732383
PR,2016-03-01,pre,-3.9354994547297792
PR,2016-04-01,pre,-3.774861550035993
PR,2016-05-01,pre,-3.503715215697511
PR,2016-06-01,pre,-3.0759747065514915
PR,2016-07-01,pre,-2.506527509303524
PR,2016-08-01,pre,-1.8392557933194382
PR,2016-09-01,pre,-1.1231271776794785
PR,2016-10-01,pre,-0.46875191980664965
PR,2016-11-01,pre,0.2222699380565274
PR,2016-12-01,pre,0.9623993664171593
PR,2017-01-01,pre,1.5554913466372113
PR,2017-02-01,pre,1.881417356102915
PR,2017-03-01,pre,1.8625891135168757
PR,2017-04-01,pre,1.6470160323057996
PR,2017-05-01,post,1.427819846165562
PR,2017-06-01,post,1.3644452104281584
PR,2017-07-01,post,1.535946495251281
PR,2017-08-01,post,1.9694413754744886
PR,2017-09-01,post,2.6365497163213973
PR,2017-10-01,post,3.5939979241747437
PR,2017-11-01,post,4.610575190409037
PR,2017-12-01,post,5.509857026452053
PR,2018-01-01,post,6.1472651718933236
PR,2018-02-01,post,6.223803102622568
PR,2018-03-01,post,5.434310848501553
PR,2018-04-01,post,3.95449519540621
RN,2013-01-01,pre,-1.4210854715202004e-14
RN,2013-02-01,pre,0.6559461328554477
RN,2013-03-01,pre,1.0780672249806287
RN,2013-04-01,pre,1.2339220820647796
RN,2013-05-01,pre,1.133217533950159
RN,2013-06-01,pre,0.8230098576121918
RN,2013-07-01,pre,0.3555077117017902
RN,2013-08-01,pre,-0.018403470562489588
RN,2013-09-01,pre,-0.2356414612362414
RN,2013-10-01,pre,-0.4129889518803225
RN,2013-11-01,pre,-0.6796127993063408
RN,2013-12-01,pre,-1.077342682774514
RN,2014-01-01,pre,-1.5388234781190704
RN,2014-02-01,pre,-1.9533607945801492
RN,2014-03-01,pre,-2.2143621990551594
RN,2014-04-01,pre,-2.214879517265075
RN,2014-05-01,pre,-1.8591074213372991
RN,2014-06-01,pre,-1.220139310308241
RN,2014-07-01,pre,-0.570536565587588
RN,2014-08-01,pre,-0.22221069384271175
RN,2014-09-01,pre,-0.235057821555003
RN,2014-10-01,pre,-0.558016767636957
RN,2014-11-01,pre,-1.0479163573888712
RN,2014-12-01,pre,-1.4853074548073693
RN,2015-01-01,pre,-1.6907790837112202
RN,2015-02-01,pre,-1.733265919315727
RN,2015-03-01,pre,-1.6937009843377382
RN,2015-04-01,pre,-1.5888963141635912
RN,2015-05-01,pre,-1.4470472740639053
RN,2015-06-01,pre,-1.3347634950275449
RN,2015-07-01,pre,-1.2586475797533296
RN,2015-08-01,pre,-1.3679210297071904
RN,2015-09-01,pre,-1.7055439511113804
RN,2015-10-01,pre,-2.190916086659044
RN,2015-11-01,pre,-2.7133860404308905
RN,2015-12-01,pre,-3.225396822164555
RN,2016-01-01,pre,-3.607070622335428
RN,2016-02-01,pre,-3.762076375038191
RN,2016-03-01,pre,-3.659201596407854
RN,2016-04-01,pre,-3.4409912131313973
RN,2016-05-01,pre,-3.143053969536851
RN,2016-06-01,pre,-2.6527564601695133
RN,2016-07-01,pre,-1.9376780794409143
RN,2016-08-01,pre,-1.0112050455132504
RN,2016-09-01,pre,0.055633588320915806
RN,2016-10-01,pre,1.0307547609413206
RN,2016-11-01,pre,1.8584225373644045
RN,2016-12-01,pre,2.4107587086340487
RN,2017-01-01,pre,2.496297464797351
RN,2017-02-01,pre,2.1485027402078174
RN,2017-03-01,pre,1.521167956392631
RN,2017-04-01,pre,0.9049779620184779
RN,2017-05-01,post,0.5211985413897651
RN,2017-06-01,post,0.5009966574804707
RN,2017-07-01,post,0.8391627819415817
RN,2017-08-01,post,1.4753027705318544
RN,2017-09-01,post,2.3005034229921932
RN,2017-10-01,post,3.414587136496408
RN,2017-11-01,post,4.640422589833449
RN,2017-12-01,post,5.861709333876206
RN,2018-01-01,post,6.918870720315638
RN,2018-02-01,post,7.412433024925448
RN,2018-03-01,post,6.959146133772805
RN,2018-04-01,post,5.704914550156431
RO,2013-01-01,pre,1.4210854715202004e-14
RO,2013-02-01,pre,0.6552247128020099
RO,2013-03-01,pre,1.0838652408047693
RO,2013-04-01,pre,1.2003201352009398
RO,2013-05-01,pre,1.0239128434390778
RO,2013-06-01,pre,0.6235172306508474
RO,2013-07-01,pre,0.06412891157077638
RO,2013-08-01,pre,-0.38580651432134516
RO,2013-09-01,pre,-0.6035085805368396
RO,2013-10-01,pre,-0.7007506389958138
RO,2013-11-01,pre,-0.8347134135678402
RO,2013-12-01,pre,-1.0798945413147152
RO,2014-01-01,pre,-1.4134601370638933
RO,2014-02-01,pre,-1.7644556571257084
RO,2014-03-01,pre,-2.01860376039005
RO,2014-04-01,pre,-2.067458621842448
RO,2014-05-01,pre,-1.8079379454551372
RO,2014-06-01,pre,-1.2854691748982248
RO,2014-07-01,pre,-0.7138746717610616
RO,2014-08-01,pre,-0.3929546495197229
RO,2014-09-01,pre,-0.4177986292375664
RO,2014-10-01,pre,-0.735413433220856
RO,2014-11-01,pre,-1.2111326928647514
RO,2014-12-01,pre,-1.6522268208695863
RO,2015-01-01,pre,-1.864337997749871
RO,2015-02-01,pre,-1.875063215101349
RO,2015-03-01,pre,-1.7678041381816598
RO,2015-04-01,pre,-1.61442519947758
RO,2015-05-01,pre,-1.4768744327463708
RO,2015-06-01,pre,-1.4171022605531363
RO,2015-07-01,pre,-1.4246477507079618
RO,2015-08-01,pre,-1.6084454957373566
RO,2015-09-01,pre,-1.9734678015149427
RO,2015-10-01,pre,-2.427008144636332
RO,2015-11-01,pre,-2.8638482914104344
RO,2015-12-01,pre,-3.2868691227605638
RO,2016-01-01,pre,-3.653757514272911
RO,2016-02-01,pre,-3.8856850611273472
RO,2016-03-01,pre,-3.8846637407830116
RO,2016-04-01,pre,-3.729196564954492
RO,2016-05-01,pre,-3.4597993251428534
RO,2016-06-01,pre,-3.035838461958079
RO,2016-07-01,pre,-2.4762793984798463
RO,2016-08-01,pre,-1.8255845271664413
RO,2016-09-01,pre,-1.1289199190733825
RO,2016-10-01,pre,-0.4878277950105172
RO,2016-11-01,pre,0.20545648118149984
RO,2016-12-01,pre,0.9692748373174709
RO,2017-01-01,pre,1.6056319487168054
RO,2017-02-01,pre,1.984972450122072
RO,2017-03-01,pre,2.017333228114893
RO,2017-04-01,pre,1.8428302106784145
RO,2017-05-01,post,1.652621150475042
RO,2017-06-01,post,1.6061308776837393
RO,2017-07-01,post,1.7850133031390243
RO,2017-08-01,post,2.2209814078808705
RO,2017-09-01,post,2.8905913517534145
RO,2017-10-01,post,3.852237950069693
RO,2017-11-01,post,4.874829139962387
RO,2017-12-01,post,5.777907004478735
RO,2018-01-01,post,6.414970903892623
RO,2018-02-01,post,6.4872424534022315
RO,2018-03-01,post,5.689197094834341
RO,2018-04-01,post,4.197061131118346
RR,2013-01-01,pre,0
RR,2013-02-01,pre,0.6748304866050319
RR,2013-03-01,pre,1.1132722606113958
RR,2013-04-01,pre,1.239032299300348
RR,2013-05-01,pre,1.0737214675516782
RR,2013-06-01,pre,0.6844677901594736
RR,2013-07-01,pre,0.13602145863976034
RR,2013-08-01,pre,-0.30281395590476734
RR,2013-09-01,pre,-0.5152521009363937
RR,2013-10-01,pre,-0.614755227060229
RR,2013-11-01,pre,-0.7638796748768186
RR,2013-12-01,pre,-1.0358400431652655
RR,2014-01-01,pre,-1.3995703384395597
RR,2014-02-01,pre,-1.7766744919409945
RR,2014-03-01,pre,-2.0444934250188282
RR,2014-04-01,pre,-2.0856258744175165
RR,2014-05-01,pre,-1.7938387526809834
RR,2014-06-01,pre,-1.2200328316581022
RR,2014-07-01,pre,-0.5925861976421061
RR,2014-08-01,pre,-0.22370749722158223
RR,2014-09-01,pre,-0.20974542422274567
RR,2014-10-01,pre,-0.49702589770217287
RR,2014-11-01,pre,-0.93975811069987
RR,2014-12-01,pre,-1.3346266813027796
RR,2015-01-01,pre,-1.4916499250383453
RR,2015-02-01,pre,-1.4475660592851654
RR,2015-03-01,pre,-1.298611741980622
RR,2015-04-01,pre,-1.1231992595532603
RR,2015-05-01,pre,-0.9810367498280641
RR,2015-06-01,pre,-0.9298126171984649
RR,2015-07-01,pre,-0.9524345570960691
RR,2015-08-01,pre,-1.1533605366278579
RR,2015-09-01,pre,-1.536181956552312
RR,2015-10-01,pre,-2.0109478411723387
RR,2015-11-01,pre,-2.475813907718802
RR,2015-12-01,pre,-2.9280205621954423
RR,2016-01-01,pre,-3.312368877897171
RR,2016-02-01,pre,-3.545443787844178
RR,2016-03-01,pre,-3.5367545235245643
RR,2016-04-01,pre,-3.374908285403322
RR,2016-05-01,pre,-3.1030382263364373
RR,2016-06-01,pre,-2.6746744340492086
RR,2016-07-01,pre,-2.100257502196385
RR,2016-08-01,pre,-1.4165537282392648
RR,2016-09-01,pre,-0.6709252762429685
RR,2016-10-01,pre,0.02237015203206738
RR,2016-11-01,pre,0.7527765422181574
RR,2016-12-01,pre,1.516664280532524
RR,2017-01-01,pre,2.1121848238554293
RR,2017-02-01,pre,2.428059307958236
RR,2017-03-01,pre,2.4048924710530315
RR,2017-04-01,pre,2.20144547597819
RR,2017-05-01,post,2.009680126364401
RR,2017-06-01,post,1.9860517310079615
RR,2017-07-01,post,2.200310870969716
RR,2017-08-01,post,2.676004743036586
RR,2017-09-01,post,3.384318662833593
RR,2017-10-01,post,4.392563179722671
RR,2017-11-01,post,5.475599757453551
RR,2017-12-01,post,6.458766761852345
RR,2018-01-01,post,7.18704579294392
RR,2018-02-01,post,7.33704466156756
RR,2018-03-01,post,6.582724715961874
RR,2018-04-01,post,5.101381332420772
RS,2013-01-01,pre,-1.4210854715202004e-14
RS,2013-02-01,pre,0.637784437596693
RS,2013-03-01,pre,1.0533180621908258
RS,2013-04-01,pre,1.1665875058763788
RS,2013-05-01,pre,0.9950783130697971
RS,2013-06-01,pre,0.6003053227706374
RS,2013-07-01,pre,0.04261186509253889
RS,2013-08-01,pre,-0.4077244821075823
RS,2013-09-01,pre,-0.6272139051711036
RS,2013-10-01,pre,-0.7285010408871102
RS,2013-11-01,pre,-0.8690212678002354
RS,2013-12-01,pre,-1.1211411981855832
RS,2014-01-01,pre,-1.4617629182165643
RS,2014-02-01,pre,-1.8193123159675366
RS,2014-03-01,pre,-2.079947055861169
RS,2014-04-01,pre,-2.1340327148506617
RS,2014-05-01,pre,-1.8766681842325
RS,2014-06-01,pre,-1.352877312696208
RS,2014-07-01,pre,-0.7818789164611246
RS,2014-08-01,pre,-0.46708017665706336
RS,2014-09-01,pre,-0.4995594126575611
RS,2014-10-01,pre,-0.8190146148627662
RS,2014-11-01,pre,-1.2869186859015684
RS,2014-12-01,pre,-1.711189604837628
RS,2015-01-01,pre,-1.9023652006325165
RS,2015-02-01,pre,-1.896520340962681
RS,2015-03-01,pre,-1.7848690122256272
RS,2015-04-01,pre,-1.6389640973378334
RS,2015-05-01,pre,-1.5170410790438922
RS,2015-06-01,pre,-1.4777748774799733
RS,2015-07-01,pre,-1.5066102352360957
RS,2015-08-01,pre,-1.7104049930410383
RS,2015-09-01,pre,-2.092845281024168
RS,2015-10-01,pre,-2.5577630379174394
RS,2015-11-01,pre,-2.9980739656948003
RS,2015-12-01,pre,-3.4159961742309974
RS,2016-01-01,pre,-3.7703223911777
RS,2016-02-01,pre,-3.9883212672320525
RS,2016-03-01,pre,-3.981446239637492
RS,2016-04-01,pre,-3.8337482140026253
RS,2016-05-01,pre,-3.5800139009597416
RS,2016-06-01,pre,-3.1656413273685047
RS,2016-07-01,pre,-2.5988526103229503
RS,2016-08-01,pre,-1.9230709134216681
RS,2016-09-01,pre,-1.192626944302262
RS,2016-10-01,pre,-0.5279515112659681
RS,2016-11-01,pre,0.1620363881154816
RS,2016-12-01,pre,0.8850816340215175
RS,2017-01-01,pre,1.4459142264179405
RS,2017-02-01,pre,1.732489517502799
RS,2017-03-01,pre,1.6792833922796575
RS,2017-04-01,pre,1.4403639692631742
RS,2017-05-01,post,1.208757451534396
RS,2017-06-01,post,1.1415030675770765
RS,2017-07-01,post,1.3114769591885533
RS,2017-08-01,post,1.7419325098761647
RS,2017-09-01,post,2.403418421649519
RS,2017-10-01,post,3.3547330492137917
RS,2017-11-01,post,4.367258361112576
RS,2017-12-01,post,5.270222653712793
RS,2018-01-01,post,5.919874903498211
RS,2018-02-01,post,6.013374995330878
RS,2018-03-01,post,5.241467096013267
RS,2018-04-01,post,3.7789058993914466
SC,2013-01-01,pre,0
SC,2013-02-01,pre,0.6396974069822932
SC,2013-03-01,pre,1.0601956153030585
SC,2013-04-01,pre,1.1788513608139084
SC,2013-05-01,pre,1.0119238448904895
SC,2013-06-01,pre,0.6214335836264269
SC,2013-07-01,pre,0.06731598497290747
SC,2013-08-01,pre,-0.3817891919150327
SC,2013-09-01,pre,-0.6023541468111091
SC,2013-10-01,pre,-0.705852091210474
SC,2013-11-01,pre,-0.8456890618161594
SC,2013-12-01,pre,-1.0929888890415498
SC,2014-01-01,pre,-1.4257344335580768
SC,2014-02-01,pre,-1.774124633921133
SC,2014-03-01,pre,-2.0283752060515496
SC,2014-04-01,pre,-2.0825982605680764
SC,2014-05-01,pre,-1.8338978255066252
SC,2014-06-01,pre,-1.3249512367823115
SC,2014-07-01,pre,-0.7705393182920091
SC,2014-08-01,pre,-0.469808878090447
SC,2014-09-01,pre,-0.5124981115015146
SC,2014-10-01,pre,-0.8402550870899432
SC,2014-11-01,pre,-1.319273521611251
SC,2014-12-01,pre,-1.760790311717031
SC,2015-01-01,pre,-1.9733690228621015
SC,2015-02-01,pre,-1.9900134858898184
SC,2015-03-01,pre,-1.8958895373143463
SC,2015-04-01,pre,-1.7590413922393253
SC,2015-05-01,pre,-1.6377170242910353
SC,2015-06-01,pre,-1.5921727575517224
SC,2015-07-01,pre,-1.611531564687212
SC,2015-08-01,pre,-1.8056503476160657
SC,2015-09-01,pre,-2.1819144776787454
SC,2015-10-01,pre,-2.644229851860146
SC,2015-11-01,pre,-3.082124136214304
SC,2015-12-01,pre,-3.495585467762254
SC,2016-01-01,pre,-3.843897593991585
SC,2016-02-01,pre,-4.054401986969921
SC,2016-03-01,pre,-4.037514462413512
SC,2016-04-01,pre,-3.8770030875607375
SC,2016-05-01,pre,-3.608638017883166
SC,2016-06-01,pre,-3.1816185724958075
SC,2016-07-01,pre,-2.6078265101720888
SC,2016-08-01,pre,-1.9319424389319408
SC,2016-09-01,pre,-1.2066574893208042
SC,2016-10-01,pre,-0.5492973363964353
SC,2016-11-01,pre,0.13319050593386805
SC,2016-12-01,pre,0.8517073903526438
SC,2017-01-01,pre,1.4124041623865509
SC,2017-02-01,pre,1.7008470933736959
SC,2017-03-01,pre,1.6460349583650355
SC,2017-04-01,pre,1.399924570101831
SC,2017-05-01,post,1.156733149936528
SC,2017-06-01,post,1.0758400816775122
SC,2017-07-01,post,1.2350475855741792
SC,2017-08-01,post,1.6588246801904205
SC,2017-09-01,post,2.3161194868110613
SC,2017-10-01,post,3.261414072840779
SC,2017-11-01,post,4.262847964186108
SC,2017-12-01,post,5.1470745312226
SC,2018-01-01,post,5.772225239106447
SC,2018-02-01,post,5.842180887368883
SC,2018-03-01,post,5.054469498821078
SC,2018-04-01,post,3.584253600470788
SE,2013-01-01,pre,0
SE,2013-02-01,pre,0.6518742932988602
SE,2013-03-01,pre,1.0811002249122197
SE,2013-04-01,pre,1.2040416557322686
SE,2013-05-01,pre,1.0384331985819273
SE,2013-06-01,pre,0.6483705478326414
SE,2013-07-01,pre,0.09492812487125946
SE,2013-08-01,pre,-0.3534334170053768
SE,2013-09-01,pre,-0.5718716159679218
SE,2013-10-01,pre,-0.670762784545758
SE,2013-11-01,pre,-0.8058982113232389
SE,2013-12-01,pre,-1.0504591655330842
SE,2014-01-01,pre,-1.3826679069919834
SE,2014-02-01,pre,-1.7325454275325285
SE,2014-03-01,pre,-1.987254562915851
SE,2014-04-01,pre,-2.039504204154724
SE,2014-05-01,pre,-1.7859570717782987
SE,2014-06-01,pre,-1.2698729852573933
SE,2014-07-01,pre,-0.7057230558575753
SE,2014-08-01,pre,-0.39405129074768297
SE,2014-09-01,pre,-0.42829669010744453
SE,2014-10-01,pre,-0.7518813821259442
SE,2014-11-01,pre,-1.2285082721231078
SE,2014-12-01,pre,-1.6666052976411265
SE,2015-01-01,pre,-1.8737530597367709
SE,2015-02-01,pre,-1.8813187120986754
SE,2015-03-01,pre,-1.7752514812274853
SE,2015-04-01,pre,-1.627060641937561
SE,2015-05-01,pre,-1.4966303232938856
SE,2015-06-01,pre,-1.4437215424970589
SE,2015-07-01,pre,-1.4560461206545767
SE,2015-08-01,pre,-1.6436300799767025
SE,2015-09-01,pre,-2.014022370678134
SE,2015-10-01,pre,-2.4740615458195094
SE,2015-11-01,pre,-2.916233660504389
SE,2015-12-01,pre,-3.340298445484706
SE,2016-01-01,pre,-3.703225285678826
SE,2016-02-01,pre,-3.9277570434942675
SE,2016-03-01,pre,-3.919798888591856
SE,2016-04-01,pre,-3.7611113816372352
SE,2016-05-01,pre,-3.490923901703951
SE,2016-06-01,pre,-3.065153224295443
SE,2016-07-01,pre,-2.4995163689693953
SE,2016-08-01,pre,-1.8376665752752501
SE,2016-09-01,pre,-1.1282234892009768
SE,2016-10-01,pre,-0.48043401380925843
SE,2016-11-01,pre,0.2066480006544964
SE,2016-12-01,pre,0.947610721154561
SE,2017-01-01,pre,1.5458259538490324
SE,2017-02-01,pre,1.8786189352786664
SE,2017-03-01,pre,1.8648405992003632
SE,2017-04-01,pre,1.6504179654432107
SE,2017-05-01,post,1.427783072164857
SE,2017-06-01,post,1.357682371720358
SE,2017-07-01,post,1.5209410119890663
SE,2017-08-01,post,1.946883232687668
SE,2017-09-01,post,2.6093780928751897
SE,2017-10-01,post,3.5645173512060353
SE,2017-11-01,post,4.579316440445069
SE,2017-12-01,post,5.4764824380991115
SE,2018-01-01,post,6.110765220683078
SE,2018-02-01,post,6.183450130350579
SE,2018-03-01,post,5.3894647331127885
SE,2018-04-01,post,3.9053610254142797
SP,2013-01-01,pre,0
SP,2013-02-01,pre,0.6518731539840985
SP,2013-03-01,pre,1.0792978354769076
SP,2013-04-01,pre,1.1991446446015601
SP,2013-05-01,pre,1.029004139302586
SP,2013-06-01,pre,0.636135174540911
SP,2013-07-01,pre,0.08460146294112292
SP,2013-08-01,pre,-0.35896561453220954
SP,2013-09-01,pre,-0.5783203955891594
SP,2013-10-01,pre,-0.6867635009883202
SP,2013-11-01,pre,-0.8357488429345921
SP,2013-12-01,pre,-1.0945262894104957
SP,2014-01-01,pre,-1.4358775904703265
SP,2014-02-01,pre,-1.7870090663876539
SP,2014-03-01,pre,-2.0386850583150533
SP,2014-04-01,pre,-2.084396639724204
SP,2014-05-01,pre,-1.8230711300576559
SP,2014-06-01,pre,-1.3002023250605248
SP,2014-07-01,pre,-0.7326759753346579
SP,2014-08-01,pre,-0.41917791229282386
SP,2014-09-01,pre,-0.447826267576545
SP,2014-10-01,pre,-0.7660051425313554
SP,2014-11-01,pre,-1.2430603478810411
SP,2014-12-01,pre,-1.6880303914091996
SP,2015-01-01,pre,-1.9071540519086057
SP,2015-02-01,pre,-1.930716770155513
SP,2015-03-01,pre,-1.8396466093325046
SP,2015-04-01,pre,-1.700069063272906
SP,2015-05-01,pre,-1.5710561289220948
SP,2015-06-01,pre,-1.5157240544516242
SP,2015-07-01,pre,-1.5275258943283063
SP,2015-08-01,pre,-1.7162464477970474
SP,2015-09-01,pre,-2.0903616937472407
SP,2015-10-01,pre,-2.5543272466207583
SP,2015-11-01,pre,-2.996228556172369
SP,2015-12-01,pre,-3.413889714212985
SP,2016-01-01,pre,-3.7617179604489763
SP,2016-02-01,pre,-3.9645683903004425
SP,2016-03-01,pre,-3.932846178529118
SP,2016-04-01,pre,-3.7526362674520186
SP,2016-05-01,pre,-3.462610623416438
SP,2016-06-01,pre,-3.014916543283249
SP,2016-07-01,pre,-2.4239181058289745
SP,2016-08-01,pre,-1.7336810727374683
SP,2016-09-01,pre,-0.9939653429015038
SP,2016-10-01,pre,-0.31955641999557827
SP,2016-11-01,pre,0.3790569979207703
SP,2016-12-01,pre,1.1074414254601948
SP,2017-01-01,pre,1.6719256180925868
SP,2017-02-01,pre,1.9615816749520718
SP,2017-03-01,pre,1.909945940737785
SP,2017-04-01,pre,1.6726596578844806
SP,2017-05-01,post,1.4449660986405064
SP,2017-06-01,post,1.3846251572065285
SP,2017-07-01,post,1.5685679038465992
SP,2017-08-01,post,2.018738958694996
SP,2017-09-01,post,2.6997195010170003
SP,2017-10-01,post,3.6673627537874722
SP,2017-11-01,post,4.69195294083714
SP,2017-12-01,post,5.597384313747909
SP,2018-01-01,post,6.238996151667408
SP,2018-02-01,post,6.316799848958524
SP,2018-03-01,post,5.526911034198179
SP,2018-04-01,post,4.044957756950964
