competencia,year,month,uf,formal_hiring_balance,source_series
202001,2020,01,11,-343,novo_caged_mov
202001,2020,01,12,130,novo_caged_mov
202001,2020,01,13,893,novo_caged_mov
202001,2020,01,14,322,novo_caged_mov
202001,2020,01,15,459,novo_caged_mov
202001,2020,01,16,-79,novo_caged_mov
202001,2020,01,17,90,novo_caged_mov
202001,2020,01,21,-25,novo_caged_mov
202001,2020,01,22,-486,novo_caged_mov
202001,2020,01,23,1644,novo_caged_mov
202001,2020,01,24,-1353,novo_caged_mov
202001,2020,01,25,-1312,novo_caged_mov
202001,2020,01,26,-2756,novo_caged_mov
202001,2020,01,27,-4257,novo_caged_mov
202001,2020,01,28,257,novo_caged_mov
202001,2020,01,29,2034,novo_caged_mov
202001,2020,01,31,4165,novo_caged_mov
202001,2020,01,32,297,novo_caged_mov
202001,2020,01,33,-11243,novo_caged_mov
202001,2020,01,35,33057,novo_caged_mov
202001,2020,01,41,16139,novo_caged_mov
202001,2020,01,42,26194,novo_caged_mov
202001,2020,01,43,11562,novo_caged_mov
202001,2020,01,50,1350,novo_caged_mov
202001,2020,01,51,8567,novo_caged_mov
202001,2020,01,52,6702,novo_caged_mov
202001,2020,01,53,663,novo_caged_mov
202001,2020,01,99,7,novo_caged_mov
202002,2020,02,11,649,novo_caged_mov
202002,2020,02,12,857,novo_caged_mov
202002,2020,02,13,1851,novo_caged_mov
202002,2020,02,14,789,novo_caged_mov
202002,2020,02,15,3764,novo_caged_mov
202002,2020,02,16,298,novo_caged_mov
202002,2020,02,17,1260,novo_caged_mov
202002,2020,02,21,1822,novo_caged_mov
202002,2020,02,22,839,novo_caged_mov
202002,2020,02,23,6481,novo_caged_mov
202002,2020,02,24,-2439,novo_caged_mov
202002,2020,02,25,-2702,novo_caged_mov
202002,2020,02,26,-1660,novo_caged_mov
202002,2020,02,27,-8364,novo_caged_mov
202002,2020,02,28,-2129,novo_caged_mov
202002,2020,02,29,6814,novo_caged_mov
202002,2020,02,31,25404,novo_caged_mov
202002,2020,02,32,3616,novo_caged_mov
202002,2020,02,33,4221,novo_caged_mov
202002,2020,02,35,68441,novo_caged_mov
202002,2020,02,41,26360,novo_caged_mov
202002,2020,02,42,18407,novo_caged_mov
202002,2020,02,43,21193,novo_caged_mov
202002,2020,02,50,5513,novo_caged_mov
202002,2020,02,51,2960,novo_caged_mov
202002,2020,02,52,9477,novo_caged_mov
202002,2020,02,53,4650,novo_caged_mov
202002,2020,02,99,-4,novo_caged_mov
202003,2020,03,11,-764,novo_caged_mov
202003,2020,03,12,56,novo_caged_mov
202003,2020,03,13,-2608,novo_caged_mov
202003,2020,03,14,472,novo_caged_mov
202003,2020,03,15,-1769,novo_caged_mov
202003,2020,03,16,-242,novo_caged_mov
202003,2020,03,17,-86,novo_caged_mov
202003,2020,03,21,-1143,novo_caged_mov
202003,2020,03,22,86,novo_caged_mov
202003,2020,03,23,-2684,novo_caged_mov
202003,2020,03,24,-2053,novo_caged_mov
202003,2020,03,25,-668,novo_caged_mov
202003,2020,03,26,-24794,novo_caged_mov
202003,2020,03,27,-5622,novo_caged_mov
202003,2020,03,28,-2626,novo_caged_mov
202003,2020,03,29,-13753,novo_caged_mov
202003,2020,03,31,-16485,novo_caged_mov
202003,2020,03,32,-3948,novo_caged_mov
202003,2020,03,33,-29122,novo_caged_mov
202003,2020,03,35,-78240,novo_caged_mov
202003,2020,03,41,-12990,novo_caged_mov
202003,2020,03,42,-6946,novo_caged_mov
202003,2020,03,43,-13451,novo_caged_mov
202003,2020,03,50,-321,novo_caged_mov
202003,2020,03,51,-2731,novo_caged_mov
202003,2020,03,52,-1601,novo_caged_mov
202003,2020,03,53,-8278,novo_caged_mov
202003,2020,03,99,-5,novo_caged_mov
202004,2020,04,11,-5043,novo_caged_mov
202004,2020,04,12,-284,novo_caged_mov
202004,2020,04,13,-9086,novo_caged_mov
202004,2020,04,14,-1097,novo_caged_mov
202004,2020,04,15,-9666,novo_caged_mov
202004,2020,04,16,-858,novo_caged_mov
202004,2020,04,17,-2686,novo_caged_mov
202004,2020,04,21,-5953,novo_caged_mov
202004,2020,04,22,-5612,novo_caged_mov
202004,2020,04,23,-31085,novo_caged_mov
202004,2020,04,24,-8778,novo_caged_mov
202004,2020,04,25,-8693,novo_caged_mov
202004,2020,04,26,-26212,novo_caged_mov
202004,2020,04,27,-7690,novo_caged_mov
202004,2020,04,28,-5113,novo_caged_mov
202004,2020,04,29,-35098,novo_caged_mov
202004,2020,04,31,-93863,novo_caged_mov
202004,2020,04,32,-18741,novo_caged_mov
202004,2020,04,33,-84490,novo_caged_mov
202004,2020,04,35,-272471,novo_caged_mov
202004,2020,04,41,-58685,novo_caged_mov
202004,2020,04,42,-75426,novo_caged_mov
202004,2020,04,43,-77576,novo_caged_mov
202004,2020,04,50,-7577,novo_caged_mov
202004,2020,04,51,-12773,novo_caged_mov
202004,2020,04,52,-21434,novo_caged_mov
202004,2020,04,53,-16327,novo_caged_mov
202004,2020,04,99,0,novo_caged_mov
202005,2020,05,11,-1286,novo_caged_mov
202005,2020,05,12,106,novo_caged_mov
202005,2020,05,13,-4976,novo_caged_mov
202005,2020,05,14,-380,novo_caged_mov
202005,2020,05,15,-2897,novo_caged_mov
202005,2020,05,16,-228,novo_caged_mov
202005,2020,05,17,-1234,novo_caged_mov
202005,2020,05,21,-1257,novo_caged_mov
202005,2020,05,22,-3436,novo_caged_mov
202005,2020,05,23,-9687,novo_caged_mov
202005,2020,05,24,-3341,novo_caged_mov
202005,2020,05,25,-3532,novo_caged_mov
202005,2020,05,26,-7541,novo_caged_mov
202005,2020,05,27,-2480,novo_caged_mov
202005,2020,05,28,-3622,novo_caged_mov
202005,2020,05,29,-18302,novo_caged_mov
202005,2020,05,31,-36305,novo_caged_mov
202005,2020,05,32,-7034,novo_caged_mov
202005,2020,05,33,-36985,novo_caged_mov
202005,2020,05,35,-110415,novo_caged_mov
202005,2020,05,41,-25555,novo_caged_mov
202005,2020,05,42,-23742,novo_caged_mov
202005,2020,05,43,-33819,novo_caged_mov
202005,2020,05,50,-2314,novo_caged_mov
202005,2020,05,51,-1633,novo_caged_mov
202005,2020,05,52,-5321,novo_caged_mov
202005,2020,05,53,-5646,novo_caged_mov
202005,2020,05,99,72,novo_caged_mov
202006,2020,06,11,731,novo_caged_mov
202006,2020,06,12,167,novo_caged_mov
202006,2020,06,13,-434,novo_caged_mov
202006,2020,06,14,77,novo_caged_mov
202006,2020,06,15,4395,novo_caged_mov
202006,2020,06,16,-9,novo_caged_mov
202006,2020,06,17,1108,novo_caged_mov
202006,2020,06,21,3716,novo_caged_mov
202006,2020,06,22,336,novo_caged_mov
202006,2020,06,23,-1832,novo_caged_mov
202006,2020,06,24,1695,novo_caged_mov
202006,2020,06,25,40,novo_caged_mov
202006,2020,06,26,-3565,novo_caged_mov
202006,2020,06,27,814,novo_caged_mov
202006,2020,06,28,-805,novo_caged_mov
202006,2020,06,29,-2984,novo_caged_mov
202006,2020,06,31,1078,novo_caged_mov
202006,2020,06,32,-340,novo_caged_mov
202006,2020,06,33,-17709,novo_caged_mov
202006,2020,06,35,-17091,novo_caged_mov
202006,2020,06,41,1815,novo_caged_mov
202006,2020,06,42,3252,novo_caged_mov
202006,2020,06,43,-5888,novo_caged_mov
202006,2020,06,50,1183,novo_caged_mov
202006,2020,06,51,6412,novo_caged_mov
202006,2020,06,52,3579,novo_caged_mov
202006,2020,06,53,-2985,novo_caged_mov
202006,2020,06,99,133,novo_caged_mov
202007,2020,07,11,1434,novo_caged_mov
202007,2020,07,12,420,novo_caged_mov
202007,2020,07,13,3403,novo_caged_mov
202007,2020,07,14,203,novo_caged_mov
202007,2020,07,15,8501,novo_caged_mov
202007,2020,07,16,-74,novo_caged_mov
202007,2020,07,17,1745,novo_caged_mov
202007,2020,07,21,5372,novo_caged_mov
202007,2020,07,22,1561,novo_caged_mov
202007,2020,07,23,6956,novo_caged_mov
202007,2020,07,24,1358,novo_caged_mov
202007,2020,07,25,2080,novo_caged_mov
202007,2020,07,26,5741,novo_caged_mov
202007,2020,07,27,1659,novo_caged_mov
202007,2020,07,28,-788,novo_caged_mov
202007,2020,07,29,4170,novo_caged_mov
202007,2020,07,31,20581,novo_caged_mov
202007,2020,07,32,1917,novo_caged_mov
202007,2020,07,33,-5257,novo_caged_mov
202007,2020,07,35,19109,novo_caged_mov
202007,2020,07,41,10089,novo_caged_mov
202007,2020,07,42,11444,novo_caged_mov
202007,2020,07,43,2402,novo_caged_mov
202007,2020,07,50,3262,novo_caged_mov
202007,2020,07,51,6555,novo_caged_mov
202007,2020,07,52,6259,novo_caged_mov
202007,2020,07,53,1341,novo_caged_mov
202007,2020,07,99,1854,novo_caged_mov
202008,2020,08,11,1461,novo_caged_mov
202008,2020,08,12,911,novo_caged_mov
202008,2020,08,13,7209,novo_caged_mov
202008,2020,08,14,744,novo_caged_mov
202008,2020,08,15,9762,novo_caged_mov
202008,2020,08,16,417,novo_caged_mov
202008,2020,08,17,1973,novo_caged_mov
202008,2020,08,21,5892,novo_caged_mov
202008,2020,08,22,2073,novo_caged_mov
202008,2020,08,23,12170,novo_caged_mov
202008,2020,08,24,5931,novo_caged_mov
202008,2020,08,25,9716,novo_caged_mov
202008,2020,08,26,12522,novo_caged_mov
202008,2020,08,27,3809,novo_caged_mov
202008,2020,08,28,327,novo_caged_mov
202008,2020,08,29,8983,novo_caged_mov
202008,2020,08,31,27823,novo_caged_mov
202008,2020,08,32,6056,novo_caged_mov
202008,2020,08,33,661,novo_caged_mov
202008,2020,08,35,62437,novo_caged_mov
202008,2020,08,41,16234,novo_caged_mov
202008,2020,08,42,18055,novo_caged_mov
202008,2020,08,43,6720,novo_caged_mov
202008,2020,08,50,2206,novo_caged_mov
202008,2020,08,51,3553,novo_caged_mov
202008,2020,08,52,7168,novo_caged_mov
202008,2020,08,53,3304,novo_caged_mov
202008,2020,08,99,8,novo_caged_mov
202009,2020,09,11,1432,novo_caged_mov
202009,2020,09,12,578,novo_caged_mov
202009,2020,09,13,5830,novo_caged_mov
202009,2020,09,14,1111,novo_caged_mov
202009,2020,09,15,9810,novo_caged_mov
202009,2020,09,16,456,novo_caged_mov
202009,2020,09,17,1774,novo_caged_mov
202009,2020,09,21,5088,novo_caged_mov
202009,2020,09,22,2433,novo_caged_mov
202009,2020,09,23,12794,novo_caged_mov
202009,2020,09,24,4427,novo_caged_mov
202009,2020,09,25,1899,novo_caged_mov
202009,2020,09,26,22205,novo_caged_mov
202009,2020,09,27,16673,novo_caged_mov
202009,2020,09,28,3505,novo_caged_mov
202009,2020,09,29,16700,novo_caged_mov
202009,2020,09,31,36671,novo_caged_mov
202009,2020,09,32,7114,novo_caged_mov
202009,2020,09,33,9913,novo_caged_mov
202009,2020,09,35,75105,novo_caged_mov
202009,2020,09,41,19635,novo_caged_mov
202009,2020,09,42,24577,novo_caged_mov
202009,2020,09,43,15297,novo_caged_mov
202009,2020,09,50,2878,novo_caged_mov
202009,2020,09,51,5301,novo_caged_mov
202009,2020,09,52,7906,novo_caged_mov
202009,2020,09,53,2447,novo_caged_mov
202009,2020,09,99,5,novo_caged_mov
202010,2020,10,11,1461,novo_caged_mov
202010,2020,10,12,805,novo_caged_mov
202010,2020,10,13,5730,novo_caged_mov
202010,2020,10,14,709,novo_caged_mov
202010,2020,10,15,9651,novo_caged_mov
202010,2020,10,16,808,novo_caged_mov
202010,2020,10,17,1447,novo_caged_mov
202010,2020,10,21,5937,novo_caged_mov
202010,2020,10,22,3514,novo_caged_mov
202010,2020,10,23,16577,novo_caged_mov
202010,2020,10,24,4685,novo_caged_mov
202010,2020,10,25,1456,novo_caged_mov
202010,2020,10,26,13134,novo_caged_mov
202010,2020,10,27,4631,novo_caged_mov
202010,2020,10,28,3732,novo_caged_mov
202010,2020,10,29,16162,novo_caged_mov
202010,2020,10,31,41604,novo_caged_mov
202010,2020,10,32,9289,novo_caged_mov
202010,2020,10,33,16285,novo_caged_mov
202010,2020,10,35,116764,novo_caged_mov
202010,2020,10,41,32393,novo_caged_mov
202010,2020,10,42,32331,novo_caged_mov
202010,2020,10,43,26226,novo_caged_mov
202010,2020,10,50,4531,novo_caged_mov
202010,2020,10,51,6324,novo_caged_mov
202010,2020,10,52,8201,novo_caged_mov
202010,2020,10,53,4553,novo_caged_mov
202010,2020,10,99,-2,novo_caged_mov
202011,2020,11,11,1047,novo_caged_mov
202011,2020,11,12,785,novo_caged_mov
202011,2020,11,13,5412,novo_caged_mov
202011,2020,11,14,1191,novo_caged_mov
202011,2020,11,15,6290,novo_caged_mov
202011,2020,11,16,242,novo_caged_mov
202011,2020,11,17,1041,novo_caged_mov
202011,2020,11,21,4391,novo_caged_mov
202011,2020,11,22,2157,novo_caged_mov
202011,2020,11,23,16463,novo_caged_mov
202011,2020,11,24,4758,novo_caged_mov
202011,2020,11,25,10125,novo_caged_mov
202011,2020,11,26,13724,novo_caged_mov
202011,2020,11,27,3694,novo_caged_mov
202011,2020,11,28,2716,novo_caged_mov
202011,2020,11,29,13854,novo_caged_mov
202011,2020,11,31,32125,novo_caged_mov
202011,2020,11,32,11184,novo_caged_mov
202011,2020,11,33,32699,novo_caged_mov
202011,2020,11,35,135841,novo_caged_mov
202011,2020,11,41,29114,novo_caged_mov
202011,2020,11,42,32809,novo_caged_mov
202011,2020,11,43,29191,novo_caged_mov
202011,2020,11,50,5324,novo_caged_mov
202011,2020,11,51,2635,novo_caged_mov
202011,2020,11,52,5981,novo_caged_mov
202011,2020,11,53,4145,novo_caged_mov
202011,2020,11,99,10,novo_caged_mov
202012,2020,12,11,287,novo_caged_mov
202012,2020,12,12,-52,novo_caged_mov
202012,2020,12,13,-1516,novo_caged_mov
202012,2020,12,14,343,novo_caged_mov
202012,2020,12,15,-5597,novo_caged_mov
202012,2020,12,16,280,novo_caged_mov
202012,2020,12,17,110,novo_caged_mov
202012,2020,12,21,-3017,novo_caged_mov
202012,2020,12,22,-210,novo_caged_mov
202012,2020,12,23,3723,novo_caged_mov
202012,2020,12,24,-946,novo_caged_mov
202012,2020,12,25,1210,novo_caged_mov
202012,2020,12,26,-2433,novo_caged_mov
202012,2020,12,27,1532,novo_caged_mov
202012,2020,12,28,610,novo_caged_mov
202012,2020,12,29,-85,novo_caged_mov
202012,2020,12,31,-6025,novo_caged_mov
202012,2020,12,32,-1889,novo_caged_mov
202012,2020,12,33,6086,novo_caged_mov
202012,2020,12,35,-40071,novo_caged_mov
202012,2020,12,41,-9185,novo_caged_mov
202012,2020,12,42,-13078,novo_caged_mov
202012,2020,12,43,-1244,novo_caged_mov
202012,2020,12,50,-2584,novo_caged_mov
202012,2020,12,51,-4042,novo_caged_mov
202012,2020,12,52,-1204,novo_caged_mov
202012,2020,12,53,-958,novo_caged_mov
202012,2020,12,99,-2163,novo_caged_mov
202101,2021,01,11,353,novo_caged_mov
202101,2021,01,12,456,novo_caged_mov
202101,2021,01,13,1912,novo_caged_mov
202101,2021,01,14,452,novo_caged_mov
202101,2021,01,15,2056,novo_caged_mov
202101,2021,01,16,31,novo_caged_mov
202101,2021,01,17,1428,novo_caged_mov
202101,2021,01,21,28,novo_caged_mov
202101,2021,01,22,1659,novo_caged_mov
202101,2021,01,23,8011,novo_caged_mov
202101,2021,01,24,2212,novo_caged_mov
202101,2021,01,25,-185,novo_caged_mov
202101,2021,01,26,1411,novo_caged_mov
202101,2021,01,27,-192,novo_caged_mov
202101,2021,01,28,467,novo_caged_mov
202101,2021,01,29,14920,novo_caged_mov
202101,2021,01,31,24645,novo_caged_mov
202101,2021,01,32,5006,novo_caged_mov
202101,2021,01,33,-678,novo_caged_mov
202101,2021,01,35,74920,novo_caged_mov
202101,2021,01,41,23905,novo_caged_mov
202101,2021,01,42,32028,novo_caged_mov
202101,2021,01,43,26692,novo_caged_mov
202101,2021,01,50,3385,novo_caged_mov
202101,2021,01,51,12321,novo_caged_mov
202101,2021,01,52,16009,novo_caged_mov
202101,2021,01,53,3790,novo_caged_mov
202101,2021,01,99,17,novo_caged_mov
202102,2021,02,11,1735,novo_caged_mov
202102,2021,02,12,1059,novo_caged_mov
202102,2021,02,13,-742,novo_caged_mov
202102,2021,02,14,359,novo_caged_mov
202102,2021,02,15,6926,novo_caged_mov
202102,2021,02,16,294,novo_caged_mov
202102,2021,02,17,2573,novo_caged_mov
202102,2021,02,21,3309,novo_caged_mov
202102,2021,02,22,2840,novo_caged_mov
202102,2021,02,23,12410,novo_caged_mov
202102,2021,02,24,1842,novo_caged_mov
202102,2021,02,25,-76,novo_caged_mov
202102,2021,02,26,1829,novo_caged_mov
202102,2021,02,27,-552,novo_caged_mov
202102,2021,02,28,194,novo_caged_mov
202102,2021,02,29,18806,novo_caged_mov
202102,2021,02,31,51373,novo_caged_mov
202102,2021,02,32,7200,novo_caged_mov
202102,2021,02,33,15713,novo_caged_mov
202102,2021,02,35,127460,novo_caged_mov
202102,2021,02,41,40938,novo_caged_mov
202102,2021,02,42,33777,novo_caged_mov
202102,2021,02,43,28841,novo_caged_mov
202102,2021,02,50,7015,novo_caged_mov
202102,2021,02,51,11507,novo_caged_mov
202102,2021,02,52,17910,novo_caged_mov
202102,2021,02,53,3320,novo_caged_mov
202102,2021,02,99,55,novo_caged_mov
202103,2021,03,11,604,novo_caged_mov
202103,2021,03,12,282,novo_caged_mov
202103,2021,03,13,1824,novo_caged_mov
202103,2021,03,14,266,novo_caged_mov
202103,2021,03,15,4291,novo_caged_mov
202103,2021,03,16,255,novo_caged_mov
202103,2021,03,17,1287,novo_caged_mov
202103,2021,03,21,3662,novo_caged_mov
202103,2021,03,22,1293,novo_caged_mov
202103,2021,03,23,-1294,novo_caged_mov
202103,2021,03,24,2081,novo_caged_mov
202103,2021,03,25,2063,novo_caged_mov
202103,2021,03,26,-2593,novo_caged_mov
202103,2021,03,27,-8426,novo_caged_mov
202103,2021,03,28,-1482,novo_caged_mov
202103,2021,03,29,9422,novo_caged_mov
202103,2021,03,31,34990,novo_caged_mov
202103,2021,03,32,4330,novo_caged_mov
202103,2021,03,33,12722,novo_caged_mov
202103,2021,03,35,48046,novo_caged_mov
202103,2021,03,41,10288,novo_caged_mov
202103,2021,03,42,20500,novo_caged_mov
202103,2021,03,43,16744,novo_caged_mov
202103,2021,03,50,5086,novo_caged_mov
202103,2021,03,51,3772,novo_caged_mov
202103,2021,03,52,4186,novo_caged_mov
202103,2021,03,53,2113,novo_caged_mov
202103,2021,03,99,18,novo_caged_mov
202104,2021,04,11,717,novo_caged_mov
202104,2021,04,12,571,novo_caged_mov
202104,2021,04,13,2042,novo_caged_mov
202104,2021,04,14,294,novo_caged_mov
202104,2021,04,15,4398,novo_caged_mov
202104,2021,04,16,-64,novo_caged_mov
202104,2021,04,17,1271,novo_caged_mov
202104,2021,04,21,3100,novo_caged_mov
202104,2021,04,22,2077,novo_caged_mov
202104,2021,04,23,3408,novo_caged_mov
202104,2021,04,24,-97,novo_caged_mov
202104,2021,04,25,532,novo_caged_mov
202104,2021,04,26,5071,novo_caged_mov
202104,2021,04,27,-3253,novo_caged_mov
202104,2021,04,28,-362,novo_caged_mov
202104,2021,04,29,9951,novo_caged_mov
202104,2021,04,31,14674,novo_caged_mov
202104,2021,04,32,2123,novo_caged_mov
202104,2021,04,33,4418,novo_caged_mov
202104,2021,04,35,23032,novo_caged_mov
202104,2021,04,41,9266,novo_caged_mov
202104,2021,04,42,10370,novo_caged_mov
202104,2021,04,43,-941,novo_caged_mov
202104,2021,04,50,4491,novo_caged_mov
202104,2021,04,51,1663,novo_caged_mov
202104,2021,04,52,11314,novo_caged_mov
202104,2021,04,53,3575,novo_caged_mov
202104,2021,04,99,281,novo_caged_mov
202105,2021,05,11,1452,novo_caged_mov
202105,2021,05,12,1614,novo_caged_mov
202105,2021,05,13,3875,novo_caged_mov
202105,2021,05,14,281,novo_caged_mov
202105,2021,05,15,8972,novo_caged_mov
202105,2021,05,16,473,novo_caged_mov
202105,2021,05,17,1748,novo_caged_mov
202105,2021,05,21,3701,novo_caged_mov
202105,2021,05,22,3419,novo_caged_mov
202105,2021,05,23,4575,novo_caged_mov
202105,2021,05,24,2171,novo_caged_mov
202105,2021,05,25,2982,novo_caged_mov
202105,2021,05,26,8250,novo_caged_mov
202105,2021,05,27,3233,novo_caged_mov
202105,2021,05,28,525,novo_caged_mov
202105,2021,05,29,11118,novo_caged_mov
202105,2021,05,31,36581,novo_caged_mov
202105,2021,05,32,10672,novo_caged_mov
202105,2021,05,33,17768,novo_caged_mov
202105,2021,05,35,84243,novo_caged_mov
202105,2021,05,41,16367,novo_caged_mov
202105,2021,05,42,13328,novo_caged_mov
202105,2021,05,43,6922,novo_caged_mov
202105,2021,05,50,4946,novo_caged_mov
202105,2021,05,51,8173,novo_caged_mov
202105,2021,05,52,12948,novo_caged_mov
202105,2021,05,53,3556,novo_caged_mov
202105,2021,05,99,4812,novo_caged_mov
202106,2021,06,11,2975,novo_caged_mov
202106,2021,06,12,1027,novo_caged_mov
202106,2021,06,13,5445,novo_caged_mov
202106,2021,06,14,783,novo_caged_mov
202106,2021,06,15,10359,novo_caged_mov
202106,2021,06,16,381,novo_caged_mov
202106,2021,06,17,1965,novo_caged_mov
202106,2021,06,21,7043,novo_caged_mov
202106,2021,06,22,5107,novo_caged_mov
202106,2021,06,23,9929,novo_caged_mov
202106,2021,06,24,4882,novo_caged_mov
202106,2021,06,25,3390,novo_caged_mov
202106,2021,06,26,6927,novo_caged_mov
202106,2021,06,27,4987,novo_caged_mov
202106,2021,06,28,1112,novo_caged_mov
202106,2021,06,29,8530,novo_caged_mov
202106,2021,06,31,39234,novo_caged_mov
202106,2021,06,32,4710,novo_caged_mov
202106,2021,06,33,16054,novo_caged_mov
202106,2021,06,35,88536,novo_caged_mov
202106,2021,06,41,15976,novo_caged_mov
202106,2021,06,42,15552,novo_caged_mov
202106,2021,06,43,11529,novo_caged_mov
202106,2021,06,50,4196,novo_caged_mov
202106,2021,06,51,14265,novo_caged_mov
202106,2021,06,52,16489,novo_caged_mov
202106,2021,06,53,4750,novo_caged_mov
202106,2021,06,99,3903,novo_caged_mov
202107,2021,07,11,2504,novo_caged_mov
202107,2021,07,12,872,novo_caged_mov
202107,2021,07,13,7497,novo_caged_mov
202107,2021,07,14,364,novo_caged_mov
202107,2021,07,15,9589,novo_caged_mov
202107,2021,07,16,843,novo_caged_mov
202107,2021,07,17,1822,novo_caged_mov
202107,2021,07,21,5121,novo_caged_mov
202107,2021,07,22,2842,novo_caged_mov
202107,2021,07,23,13678,novo_caged_mov
202107,2021,07,24,4627,novo_caged_mov
202107,2021,07,25,3447,novo_caged_mov
202107,2021,07,26,9177,novo_caged_mov
202107,2021,07,27,4094,novo_caged_mov
202107,2021,07,28,1516,novo_caged_mov
202107,2021,07,29,10955,novo_caged_mov
202107,2021,07,31,37059,novo_caged_mov
202107,2021,07,32,2494,novo_caged_mov
202107,2021,07,33,19056,novo_caged_mov
202107,2021,07,35,96235,novo_caged_mov
202107,2021,07,41,14286,novo_caged_mov
202107,2021,07,42,13410,novo_caged_mov
202107,2021,07,43,14854,novo_caged_mov
202107,2021,07,50,4282,novo_caged_mov
202107,2021,07,51,12632,novo_caged_mov
202107,2021,07,52,13679,novo_caged_mov
202107,2021,07,53,7734,novo_caged_mov
202107,2021,07,99,2056,novo_caged_mov
202108,2021,08,11,2286,novo_caged_mov
202108,2021,08,12,387,novo_caged_mov
202108,2021,08,13,5900,novo_caged_mov
202108,2021,08,14,601,novo_caged_mov
202108,2021,08,15,9174,novo_caged_mov
202108,2021,08,16,870,novo_caged_mov
202108,2021,08,17,1519,novo_caged_mov
202108,2021,08,21,4675,novo_caged_mov
202108,2021,08,22,2979,novo_caged_mov
202108,2021,08,23,16773,novo_caged_mov
202108,2021,08,24,7550,novo_caged_mov
202108,2021,08,25,10555,novo_caged_mov
202108,2021,08,26,17391,novo_caged_mov
202108,2021,08,27,5487,novo_caged_mov
202108,2021,08,28,1748,novo_caged_mov
202108,2021,08,29,18305,novo_caged_mov
202108,2021,08,31,41328,novo_caged_mov
202108,2021,08,32,5084,novo_caged_mov
202108,2021,08,33,23195,novo_caged_mov
202108,2021,08,35,112903,novo_caged_mov
202108,2021,08,41,22156,novo_caged_mov
202108,2021,08,42,20371,novo_caged_mov
202108,2021,08,43,12403,novo_caged_mov
202108,2021,08,50,2959,novo_caged_mov
202108,2021,08,51,6023,novo_caged_mov
202108,2021,08,52,11923,novo_caged_mov
202108,2021,08,53,9354,novo_caged_mov
202108,2021,08,99,-555,novo_caged_mov
202109,2021,09,11,429,novo_caged_mov
202109,2021,09,12,1117,novo_caged_mov
202109,2021,09,13,4300,novo_caged_mov
202109,2021,09,14,552,novo_caged_mov
202109,2021,09,15,7852,novo_caged_mov
202109,2021,09,16,290,novo_caged_mov
202109,2021,09,17,1917,novo_caged_mov
202109,2021,09,21,3266,novo_caged_mov
202109,2021,09,22,3377,novo_caged_mov
202109,2021,09,23,14104,novo_caged_mov
202109,2021,09,24,6386,novo_caged_mov
202109,2021,09,25,5137,novo_caged_mov
202109,2021,09,26,27157,novo_caged_mov
202109,2021,09,27,16978,novo_caged_mov
202109,2021,09,28,6388,novo_caged_mov
202109,2021,09,29,11478,novo_caged_mov
202109,2021,09,31,25896,novo_caged_mov
202109,2021,09,32,6067,novo_caged_mov
202109,2021,09,33,20617,novo_caged_mov
202109,2021,09,35,83575,novo_caged_mov
202109,2021,09,41,15144,novo_caged_mov
202109,2021,09,42,18316,novo_caged_mov
202109,2021,09,43,14408,novo_caged_mov
202109,2021,09,50,2959,novo_caged_mov
202109,2021,09,51,5918,novo_caged_mov
202109,2021,09,52,6909,novo_caged_mov
202109,2021,09,53,6546,novo_caged_mov
202109,2021,09,99,-90,novo_caged_mov
202110,2021,10,11,854,novo_caged_mov
202110,2021,10,12,1045,novo_caged_mov
202110,2021,10,13,2099,novo_caged_mov
202110,2021,10,14,476,novo_caged_mov
202110,2021,10,15,2810,novo_caged_mov
202110,2021,10,16,-99,novo_caged_mov
202110,2021,10,17,1794,novo_caged_mov
202110,2021,10,21,5188,novo_caged_mov
202110,2021,10,22,1538,novo_caged_mov
202110,2021,10,23,7962,novo_caged_mov
202110,2021,10,24,3885,novo_caged_mov
202110,2021,10,25,4278,novo_caged_mov
202110,2021,10,26,11556,novo_caged_mov
202110,2021,10,27,3556,novo_caged_mov
202110,2021,10,28,2322,novo_caged_mov
202110,2021,10,29,12592,novo_caged_mov
202110,2021,10,31,19117,novo_caged_mov
202110,2021,10,32,3335,novo_caged_mov
202110,2021,10,33,19538,novo_caged_mov
202110,2021,10,35,78770,novo_caged_mov
202110,2021,10,41,15869,novo_caged_mov
202110,2021,10,42,18083,novo_caged_mov
202110,2021,10,43,20312,novo_caged_mov
202110,2021,10,50,3407,novo_caged_mov
202110,2021,10,51,3742,novo_caged_mov
202110,2021,10,52,3641,novo_caged_mov
202110,2021,10,53,5401,novo_caged_mov
202110,2021,10,99,12,novo_caged_mov
202111,2021,11,11,1504,novo_caged_mov
202111,2021,11,12,965,novo_caged_mov
202111,2021,11,13,4787,novo_caged_mov
202111,2021,11,14,422,novo_caged_mov
202111,2021,11,15,6053,novo_caged_mov
202111,2021,11,16,972,novo_caged_mov
202111,2021,11,17,1276,novo_caged_mov
202111,2021,11,21,2846,novo_caged_mov
202111,2021,11,22,1616,novo_caged_mov
202111,2021,11,23,12593,novo_caged_mov
202111,2021,11,24,3209,novo_caged_mov
202111,2021,11,25,4398,novo_caged_mov
202111,2021,11,26,11025,novo_caged_mov
202111,2021,11,27,3727,novo_caged_mov
202111,2021,11,28,1828,novo_caged_mov
202111,2021,11,29,15990,novo_caged_mov
202111,2021,11,31,22878,novo_caged_mov
202111,2021,11,32,8495,novo_caged_mov
202111,2021,11,33,35534,novo_caged_mov
202111,2021,11,35,117087,novo_caged_mov
202111,2021,11,41,17506,novo_caged_mov
202111,2021,11,42,18054,novo_caged_mov
202111,2021,11,43,18773,novo_caged_mov
202111,2021,11,50,2050,novo_caged_mov
202111,2021,11,51,1416,novo_caged_mov
202111,2021,11,52,2830,novo_caged_mov
202111,2021,11,53,7902,novo_caged_mov
202111,2021,11,99,-1624,novo_caged_mov
202112,2021,12,11,-1016,novo_caged_mov
202112,2021,12,12,-247,novo_caged_mov
202112,2021,12,13,-3155,novo_caged_mov
202112,2021,12,14,-89,novo_caged_mov
202112,2021,12,15,-7222,novo_caged_mov
202112,2021,12,16,-325,novo_caged_mov
202112,2021,12,17,-1732,novo_caged_mov
202112,2021,12,21,-1087,novo_caged_mov
202112,2021,12,22,-1896,novo_caged_mov
202112,2021,12,23,-1487,novo_caged_mov
202112,2021,12,24,-1022,novo_caged_mov
202112,2021,12,25,-222,novo_caged_mov
202112,2021,12,26,-6151,novo_caged_mov
202112,2021,12,27,622,novo_caged_mov
202112,2021,12,28,-588,novo_caged_mov
202112,2021,12,29,-5635,novo_caged_mov
202112,2021,12,31,-25244,novo_caged_mov
202112,2021,12,32,-4980,novo_caged_mov
202112,2021,12,33,-4735,novo_caged_mov
202112,2021,12,35,-93374,novo_caged_mov
202112,2021,12,41,-24479,novo_caged_mov
202112,2021,12,42,-37353,novo_caged_mov
202112,2021,12,43,-18032,novo_caged_mov
202112,2021,12,50,-4794,novo_caged_mov
202112,2021,12,51,-7954,novo_caged_mov
202112,2021,12,52,-7460,novo_caged_mov
202112,2021,12,53,-3201,novo_caged_mov
202112,2021,12,99,-2953,novo_caged_mov
202201,2022,01,11,741,novo_caged_mov
202201,2022,01,12,231,novo_caged_mov
202201,2022,01,13,625,novo_caged_mov
202201,2022,01,14,337,novo_caged_mov
202201,2022,01,15,-796,novo_caged_mov
202201,2022,01,16,480,novo_caged_mov
202201,2022,01,17,817,novo_caged_mov
202201,2022,01,21,591,novo_caged_mov
202201,2022,01,22,-520,novo_caged_mov
202201,2022,01,23,-1508,novo_caged_mov
202201,2022,01,24,-2430,novo_caged_mov
202201,2022,01,25,-984,novo_caged_mov
202201,2022,01,26,537,novo_caged_mov
202201,2022,01,27,-324,novo_caged_mov
202201,2022,01,28,-1253,novo_caged_mov
202201,2022,01,29,11279,novo_caged_mov
202201,2022,01,31,-1083,novo_caged_mov
202201,2022,01,32,3680,novo_caged_mov
202201,2022,01,33,1699,novo_caged_mov
202201,2022,01,35,48355,novo_caged_mov
202201,2022,01,41,18351,novo_caged_mov
202201,2022,01,42,23358,novo_caged_mov
202201,2022,01,43,17064,novo_caged_mov
202201,2022,01,50,3483,novo_caged_mov
202201,2022,01,51,14747,novo_caged_mov
202201,2022,01,52,12521,novo_caged_mov
202201,2022,01,53,3107,novo_caged_mov
202201,2022,01,99,2073,novo_caged_mov
202202,2022,02,11,2728,novo_caged_mov
202202,2022,02,12,713,novo_caged_mov
202202,2022,02,13,3219,novo_caged_mov
202202,2022,02,14,1058,novo_caged_mov
202202,2022,02,15,3277,novo_caged_mov
202202,2022,02,16,155,novo_caged_mov
202202,2022,02,17,1727,novo_caged_mov
202202,2022,02,21,3524,novo_caged_mov
202202,2022,02,22,1794,novo_caged_mov
202202,2022,02,23,8053,novo_caged_mov
202202,2022,02,24,1589,novo_caged_mov
202202,2022,02,25,-1537,novo_caged_mov
202202,2022,02,26,534,novo_caged_mov
202202,2022,02,27,-533,novo_caged_mov
202202,2022,02,28,1720,novo_caged_mov
202202,2022,02,29,12613,novo_caged_mov
202202,2022,02,31,37196,novo_caged_mov
202202,2022,02,32,7079,novo_caged_mov
202202,2022,02,33,20428,novo_caged_mov
202202,2022,02,35,98193,novo_caged_mov
202202,2022,02,41,28389,novo_caged_mov
202202,2022,02,42,28606,novo_caged_mov
202202,2022,02,43,26208,novo_caged_mov
202202,2022,02,50,7425,novo_caged_mov
202202,2022,02,51,8531,novo_caged_mov
202202,2022,02,52,17679,novo_caged_mov
202202,2022,02,53,7200,novo_caged_mov
202202,2022,02,99,939,novo_caged_mov
202203,2022,03,11,1465,novo_caged_mov
202203,2022,03,12,766,novo_caged_mov
202203,2022,03,13,1673,novo_caged_mov
202203,2022,03,14,387,novo_caged_mov
202203,2022,03,15,2349,novo_caged_mov
202203,2022,03,16,1225,novo_caged_mov
202203,2022,03,17,1525,novo_caged_mov
202203,2022,03,21,1611,novo_caged_mov
202203,2022,03,22,848,novo_caged_mov
202203,2022,03,23,3386,novo_caged_mov
202203,2022,03,24,-1061,novo_caged_mov
202203,2022,03,25,872,novo_caged_mov
202203,2022,03,26,-6250,novo_caged_mov
202203,2022,03,27,-10079,novo_caged_mov
202203,2022,03,28,-2527,novo_caged_mov
202203,2022,03,29,7952,novo_caged_mov
202203,2022,03,31,28368,novo_caged_mov
202203,2022,03,32,2947,novo_caged_mov
202203,2022,03,33,11410,novo_caged_mov
202203,2022,03,35,39265,novo_caged_mov
202203,2022,03,41,8636,novo_caged_mov
202203,2022,03,42,11155,novo_caged_mov
202203,2022,03,43,13463,novo_caged_mov
202203,2022,03,50,6000,novo_caged_mov
202203,2022,03,51,644,novo_caged_mov
202203,2022,03,52,8410,novo_caged_mov
202203,2022,03,53,4578,novo_caged_mov
202203,2022,03,99,-2829,novo_caged_mov
202204,2022,04,11,1321,novo_caged_mov
202204,2022,04,12,800,novo_caged_mov
202204,2022,04,13,3700,novo_caged_mov
202204,2022,04,14,440,novo_caged_mov
202204,2022,04,15,4526,novo_caged_mov
202204,2022,04,16,755,novo_caged_mov
202204,2022,04,17,601,novo_caged_mov
202204,2022,04,21,3412,novo_caged_mov
202204,2022,04,22,1014,novo_caged_mov
202204,2022,04,23,5313,novo_caged_mov
202204,2022,04,24,1622,novo_caged_mov
202204,2022,04,25,2412,novo_caged_mov
202204,2022,04,26,-880,novo_caged_mov
202204,2022,04,27,-234,novo_caged_mov
202204,2022,04,28,1685,novo_caged_mov
202204,2022,04,29,15907,novo_caged_mov
202204,2022,04,31,20895,novo_caged_mov
202204,2022,04,32,5427,novo_caged_mov
202204,2022,04,33,22473,novo_caged_mov
202204,2022,04,35,56852,novo_caged_mov
202204,2022,04,41,9098,novo_caged_mov
202204,2022,04,42,7181,novo_caged_mov
202204,2022,04,43,8564,novo_caged_mov
202204,2022,04,50,2660,novo_caged_mov
202204,2022,04,51,4338,novo_caged_mov
202204,2022,04,52,13314,novo_caged_mov
202204,2022,04,53,5486,novo_caged_mov
202204,2022,04,99,-1716,novo_caged_mov
202205,2022,05,11,1987,novo_caged_mov
202205,2022,05,12,889,novo_caged_mov
202205,2022,05,13,4159,novo_caged_mov
202205,2022,05,14,494,novo_caged_mov
202205,2022,05,15,6382,novo_caged_mov
202205,2022,05,16,334,novo_caged_mov
202205,2022,05,17,1846,novo_caged_mov
202205,2022,05,21,4910,novo_caged_mov
202205,2022,05,22,2678,novo_caged_mov
202205,2022,05,23,7472,novo_caged_mov
202205,2022,05,24,3519,novo_caged_mov
202205,2022,05,25,3128,novo_caged_mov
202205,2022,05,26,6508,novo_caged_mov
202205,2022,05,27,3435,novo_caged_mov
202205,2022,05,28,855,novo_caged_mov
202205,2022,05,29,16342,novo_caged_mov
202205,2022,05,31,29970,novo_caged_mov
202205,2022,05,32,11991,novo_caged_mov
202205,2022,05,33,20226,novo_caged_mov
202205,2022,05,35,85659,novo_caged_mov
202205,2022,05,41,13894,novo_caged_mov
202205,2022,05,42,7416,novo_caged_mov
202205,2022,05,43,4275,novo_caged_mov
202205,2022,05,50,6644,novo_caged_mov
202205,2022,05,51,8280,novo_caged_mov
202205,2022,05,52,14634,novo_caged_mov
202205,2022,05,53,4420,novo_caged_mov
202205,2022,05,99,4671,novo_caged_mov
202206,2022,06,11,2499,novo_caged_mov
202206,2022,06,12,1184,novo_caged_mov
202206,2022,06,13,5237,novo_caged_mov
202206,2022,06,14,538,novo_caged_mov
202206,2022,06,15,9834,novo_caged_mov
202206,2022,06,16,866,novo_caged_mov
202206,2022,06,17,1650,novo_caged_mov
202206,2022,06,21,6733,novo_caged_mov
202206,2022,06,22,4194,novo_caged_mov
202206,2022,06,23,9597,novo_caged_mov
202206,2022,06,24,3729,novo_caged_mov
202206,2022,06,25,3633,novo_caged_mov
202206,2022,06,26,7134,novo_caged_mov
202206,2022,06,27,3504,novo_caged_mov
202206,2022,06,28,836,novo_caged_mov
202206,2022,06,29,13359,novo_caged_mov
202206,2022,06,31,33372,novo_caged_mov
202206,2022,06,32,2318,novo_caged_mov
202206,2022,06,33,23032,novo_caged_mov
202206,2022,06,35,75021,novo_caged_mov
202206,2022,06,41,14045,novo_caged_mov
202206,2022,06,42,9664,novo_caged_mov
202206,2022,06,43,7893,novo_caged_mov
202206,2022,06,50,4318,novo_caged_mov
202206,2022,06,51,14006,novo_caged_mov
202206,2022,06,52,12357,novo_caged_mov
202206,2022,06,53,4341,novo_caged_mov
202206,2022,06,99,3050,novo_caged_mov
202207,2022,07,11,1557,novo_caged_mov
202207,2022,07,12,1026,novo_caged_mov
202207,2022,07,13,3622,novo_caged_mov
202207,2022,07,14,591,novo_caged_mov
202207,2022,07,15,6033,novo_caged_mov
202207,2022,07,16,763,novo_caged_mov
202207,2022,07,17,2503,novo_caged_mov
202207,2022,07,21,5308,novo_caged_mov
202207,2022,07,22,2030,novo_caged_mov
202207,2022,07,23,10097,novo_caged_mov
202207,2022,07,24,2516,novo_caged_mov
202207,2022,07,25,4144,novo_caged_mov
202207,2022,07,26,9084,novo_caged_mov
202207,2022,07,27,1918,novo_caged_mov
202207,2022,07,28,820,novo_caged_mov
202207,2022,07,29,13111,novo_caged_mov
202207,2022,07,31,19540,novo_caged_mov
202207,2022,07,32,-514,novo_caged_mov
202207,2022,07,33,13348,novo_caged_mov
202207,2022,07,35,68165,novo_caged_mov
202207,2022,07,41,16050,novo_caged_mov
202207,2022,07,42,4593,novo_caged_mov
202207,2022,07,43,7493,novo_caged_mov
202207,2022,07,50,3972,novo_caged_mov
202207,2022,07,51,8039,novo_caged_mov
202207,2022,07,52,9072,novo_caged_mov
202207,2022,07,53,4216,novo_caged_mov
202207,2022,07,99,-195,novo_caged_mov
202208,2022,08,11,1883,novo_caged_mov
202208,2022,08,12,858,novo_caged_mov
202208,2022,08,13,4088,novo_caged_mov
202208,2022,08,14,1081,novo_caged_mov
202208,2022,08,15,7098,novo_caged_mov
202208,2022,08,16,1016,novo_caged_mov
202208,2022,08,17,2147,novo_caged_mov
202208,2022,08,21,5472,novo_caged_mov
202208,2022,08,22,831,novo_caged_mov
202208,2022,08,23,8713,novo_caged_mov
202208,2022,08,24,6338,novo_caged_mov
202208,2022,08,25,5913,novo_caged_mov
202208,2022,08,26,15119,novo_caged_mov
202208,2022,08,27,4335,novo_caged_mov
202208,2022,08,28,1872,novo_caged_mov
202208,2022,08,29,17416,novo_caged_mov
202208,2022,08,31,27381,novo_caged_mov
202208,2022,08,32,4567,novo_caged_mov
202208,2022,08,33,30838,novo_caged_mov
202208,2022,08,35,74973,novo_caged_mov
202208,2022,08,41,15118,novo_caged_mov
202208,2022,08,42,10223,novo_caged_mov
202208,2022,08,43,9691,novo_caged_mov
202208,2022,08,50,4439,novo_caged_mov
202208,2022,08,51,4143,novo_caged_mov
202208,2022,08,52,7587,novo_caged_mov
202208,2022,08,53,5346,novo_caged_mov
202208,2022,08,99,153,novo_caged_mov
202209,2022,09,11,1745,novo_caged_mov
202209,2022,09,12,761,novo_caged_mov
202209,2022,09,13,5211,novo_caged_mov
202209,2022,09,14,1087,novo_caged_mov
202209,2022,09,15,7849,novo_caged_mov
202209,2022,09,16,738,novo_caged_mov
202209,2022,09,17,2019,novo_caged_mov
202209,2022,09,21,7082,novo_caged_mov
202209,2022,09,22,2781,novo_caged_mov
202209,2022,09,23,12091,novo_caged_mov
202209,2022,09,24,4232,novo_caged_mov
202209,2022,09,25,3819,novo_caged_mov
202209,2022,09,26,20743,novo_caged_mov
202209,2022,09,27,15639,novo_caged_mov
202209,2022,09,28,5278,novo_caged_mov
202209,2022,09,29,15600,novo_caged_mov
202209,2022,09,31,22525,novo_caged_mov
202209,2022,09,32,7735,novo_caged_mov
202209,2022,09,33,15100,novo_caged_mov
202209,2022,09,35,62244,novo_caged_mov
202209,2022,09,41,12988,novo_caged_mov
202209,2022,09,42,15024,novo_caged_mov
202209,2022,09,43,10340,novo_caged_mov
202209,2022,09,50,4057,novo_caged_mov
202209,2022,09,51,6332,novo_caged_mov
202209,2022,09,52,8377,novo_caged_mov
202209,2022,09,53,6808,novo_caged_mov
202209,2022,09,99,-120,novo_caged_mov
202210,2022,10,11,599,novo_caged_mov
202210,2022,10,12,675,novo_caged_mov
202210,2022,10,13,3482,novo_caged_mov
202210,2022,10,14,509,novo_caged_mov
202210,2022,10,15,1451,novo_caged_mov
202210,2022,10,16,-499,novo_caged_mov
202210,2022,10,17,1038,novo_caged_mov
202210,2022,10,21,3127,novo_caged_mov
202210,2022,10,22,919,novo_caged_mov
202210,2022,10,23,5010,novo_caged_mov
202210,2022,10,24,1953,novo_caged_mov
202210,2022,10,25,1245,novo_caged_mov
202210,2022,10,26,8296,novo_caged_mov
202210,2022,10,27,4364,novo_caged_mov
202210,2022,10,28,983,novo_caged_mov
202210,2022,10,29,6731,novo_caged_mov
202210,2022,10,31,7329,novo_caged_mov
202210,2022,10,32,3172,novo_caged_mov
202210,2022,10,33,8592,novo_caged_mov
202210,2022,10,35,61539,novo_caged_mov
202210,2022,10,41,10436,novo_caged_mov
202210,2022,10,42,7017,novo_caged_mov
202210,2022,10,43,13850,novo_caged_mov
202210,2022,10,50,1657,novo_caged_mov
202210,2022,10,51,809,novo_caged_mov
202210,2022,10,52,946,novo_caged_mov
202210,2022,10,53,4800,novo_caged_mov
202210,2022,10,99,-576,novo_caged_mov
202211,2022,11,11,226,novo_caged_mov
202211,2022,11,12,461,novo_caged_mov
202211,2022,11,13,2114,novo_caged_mov
202211,2022,11,14,717,novo_caged_mov
202211,2022,11,15,-1178,novo_caged_mov
202211,2022,11,16,-131,novo_caged_mov
202211,2022,11,17,808,novo_caged_mov
202211,2022,11,21,1735,novo_caged_mov
202211,2022,11,22,-49,novo_caged_mov
202211,2022,11,23,6557,novo_caged_mov
202211,2022,11,24,1805,novo_caged_mov
202211,2022,11,25,2552,novo_caged_mov
202211,2022,11,26,8253,novo_caged_mov
202211,2022,11,27,2664,novo_caged_mov
202211,2022,11,28,1243,novo_caged_mov
202211,2022,11,29,4243,novo_caged_mov
202211,2022,11,31,3284,novo_caged_mov
202211,2022,11,32,3701,novo_caged_mov
202211,2022,11,33,25176,novo_caged_mov
202211,2022,11,35,54340,novo_caged_mov
202211,2022,11,41,4890,novo_caged_mov
202211,2022,11,42,4248,novo_caged_mov
202211,2022,11,43,11635,novo_caged_mov
202211,2022,11,50,1632,novo_caged_mov
202211,2022,11,51,-4459,novo_caged_mov
202211,2022,11,52,-2512,novo_caged_mov
202211,2022,11,53,4134,novo_caged_mov
202211,2022,11,99,-2594,novo_caged_mov
202212,2022,12,11,-1353,novo_caged_mov
202212,2022,12,12,-801,novo_caged_mov
202212,2022,12,13,-5403,novo_caged_mov
202212,2022,12,14,-966,novo_caged_mov
202212,2022,12,15,-15266,novo_caged_mov
202212,2022,12,16,-979,novo_caged_mov
202212,2022,12,17,-2533,novo_caged_mov
202212,2022,12,21,-4911,novo_caged_mov
202212,2022,12,22,-4030,novo_caged_mov
202212,2022,12,23,-6969,novo_caged_mov
202212,2022,12,24,-3018,novo_caged_mov
202212,2022,12,25,-2388,novo_caged_mov
202212,2022,12,26,-9395,novo_caged_mov
202212,2022,12,27,-3910,novo_caged_mov
202212,2022,12,28,-1290,novo_caged_mov
202212,2022,12,29,-16259,novo_caged_mov
202212,2022,12,31,-46951,novo_caged_mov
202212,2022,12,32,-7083,novo_caged_mov
202212,2022,12,33,-8224,novo_caged_mov
202212,2022,12,35,-146666,novo_caged_mov
202212,2022,12,41,-36244,novo_caged_mov
202212,2022,12,42,-39297,novo_caged_mov
202212,2022,12,43,-27927,novo_caged_mov
202212,2022,12,50,-6744,novo_caged_mov
202212,2022,12,51,-8864,novo_caged_mov
202212,2022,12,52,-12222,novo_caged_mov
202212,2022,12,53,-8262,novo_caged_mov
202212,2022,12,99,-3056,novo_caged_mov
202301,2023,01,11,-497,novo_caged_mov
202301,2023,01,12,-648,novo_caged_mov
202301,2023,01,13,436,novo_caged_mov
202301,2023,01,14,969,novo_caged_mov
202301,2023,01,15,-1893,novo_caged_mov
202301,2023,01,16,66,novo_caged_mov
202301,2023,01,17,1098,novo_caged_mov
202301,2023,01,21,1057,novo_caged_mov
202301,2023,01,22,276,novo_caged_mov
202301,2023,01,23,-2981,novo_caged_mov
202301,2023,01,24,-37,novo_caged_mov
202301,2023,01,25,-1723,novo_caged_mov
202301,2023,01,26,327,novo_caged_mov
202301,2023,01,27,-133,novo_caged_mov
202301,2023,01,28,-417,novo_caged_mov
202301,2023,01,29,3644,novo_caged_mov
202301,2023,01,31,-1654,novo_caged_mov
202301,2023,01,32,1635,novo_caged_mov
202301,2023,01,33,-558,novo_caged_mov
202301,2023,01,35,18547,novo_caged_mov
202301,2023,01,41,6301,novo_caged_mov
202301,2023,01,42,15696,novo_caged_mov
202301,2023,01,43,10389,novo_caged_mov
202301,2023,01,50,4789,novo_caged_mov
202301,2023,01,51,15127,novo_caged_mov
202301,2023,01,52,10614,novo_caged_mov
202301,2023,01,53,-1069,novo_caged_mov
202301,2023,01,99,3936,novo_caged_mov
202302,2023,02,11,2398,novo_caged_mov
202302,2023,02,12,812,novo_caged_mov
202302,2023,02,13,1566,novo_caged_mov
202302,2023,02,14,214,novo_caged_mov
202302,2023,02,15,5559,novo_caged_mov
202302,2023,02,16,149,novo_caged_mov
202302,2023,02,17,1914,novo_caged_mov
202302,2023,02,21,831,novo_caged_mov
202302,2023,02,22,922,novo_caged_mov
202302,2023,02,23,4348,novo_caged_mov
202302,2023,02,24,427,novo_caged_mov
202302,2023,02,25,514,novo_caged_mov
202302,2023,02,26,6761,novo_caged_mov
202302,2023,02,27,169,novo_caged_mov
202302,2023,02,28,1298,novo_caged_mov
202302,2023,02,29,8101,novo_caged_mov
202302,2023,02,31,27266,novo_caged_mov
202302,2023,02,32,3566,novo_caged_mov
202302,2023,02,33,14630,novo_caged_mov
202302,2023,02,35,64877,novo_caged_mov
202302,2023,02,41,24125,novo_caged_mov
202302,2023,02,42,19676,novo_caged_mov
202302,2023,02,43,20139,novo_caged_mov
202302,2023,02,50,5925,novo_caged_mov
202302,2023,02,51,5069,novo_caged_mov
202302,2023,02,52,11535,novo_caged_mov
202302,2023,02,53,7517,novo_caged_mov
202302,2023,02,99,1477,novo_caged_mov
202303,2023,03,11,1091,novo_caged_mov
202303,2023,03,12,566,novo_caged_mov
202303,2023,03,13,1547,novo_caged_mov
202303,2023,03,14,1057,novo_caged_mov
202303,2023,03,15,4031,novo_caged_mov
202303,2023,03,16,-41,novo_caged_mov
202303,2023,03,17,1822,novo_caged_mov
202303,2023,03,21,2758,novo_caged_mov
202303,2023,03,22,1930,novo_caged_mov
202303,2023,03,23,4745,novo_caged_mov
202303,2023,03,24,-78,novo_caged_mov
202303,2023,03,25,-815,novo_caged_mov
202303,2023,03,26,-5265,novo_caged_mov
202303,2023,03,27,127,novo_caged_mov
202303,2023,03,28,1389,novo_caged_mov
202303,2023,03,29,9328,novo_caged_mov
202303,2023,03,31,38690,novo_caged_mov
202303,2023,03,32,4448,novo_caged_mov
202303,2023,03,33,19427,novo_caged_mov
202303,2023,03,35,51628,novo_caged_mov
202303,2023,03,41,13392,novo_caged_mov
202303,2023,03,42,11883,novo_caged_mov
202303,2023,03,43,12177,novo_caged_mov
202303,2023,03,50,3668,novo_caged_mov
202303,2023,03,51,-20,novo_caged_mov
202303,2023,03,52,13670,novo_caged_mov
202303,2023,03,53,5099,novo_caged_mov
202303,2023,03,99,-3083,novo_caged_mov
202304,2023,04,11,808,novo_caged_mov
202304,2023,04,12,156,novo_caged_mov
202304,2023,04,13,1964,novo_caged_mov
202304,2023,04,14,604,novo_caged_mov
202304,2023,04,15,6042,novo_caged_mov
202304,2023,04,16,394,novo_caged_mov
202304,2023,04,17,882,novo_caged_mov
202304,2023,04,21,2201,novo_caged_mov
202304,2023,04,22,1883,novo_caged_mov
202304,2023,04,23,4488,novo_caged_mov
202304,2023,04,24,1577,novo_caged_mov
202304,2023,04,25,-3181,novo_caged_mov
202304,2023,04,26,-2425,novo_caged_mov
202304,2023,04,27,-4063,novo_caged_mov
202304,2023,04,28,-569,novo_caged_mov
202304,2023,04,29,11252,novo_caged_mov
202304,2023,04,31,27430,novo_caged_mov
202304,2023,04,32,5789,novo_caged_mov
202304,2023,04,33,18114,novo_caged_mov
202304,2023,04,35,55037,novo_caged_mov
202304,2023,04,41,9427,novo_caged_mov
202304,2023,04,42,7012,novo_caged_mov
202304,2023,04,43,11490,novo_caged_mov
202304,2023,04,50,3632,novo_caged_mov
202304,2023,04,51,3671,novo_caged_mov
202304,2023,04,52,11925,novo_caged_mov
202304,2023,04,53,5768,novo_caged_mov
202304,2023,04,99,-1303,novo_caged_mov
202305,2023,05,11,1712,novo_caged_mov
202305,2023,05,12,562,novo_caged_mov
202305,2023,05,13,1887,novo_caged_mov
202305,2023,05,14,-30,novo_caged_mov
202305,2023,05,15,7270,novo_caged_mov
202305,2023,05,16,58,novo_caged_mov
202305,2023,05,17,1165,novo_caged_mov
202305,2023,05,21,2422,novo_caged_mov
202305,2023,05,22,2668,novo_caged_mov
202305,2023,05,23,3435,novo_caged_mov
202305,2023,05,24,1758,novo_caged_mov
202305,2023,05,25,2868,novo_caged_mov
202305,2023,05,26,464,novo_caged_mov
202305,2023,05,27,-8188,novo_caged_mov
202305,2023,05,28,-172,novo_caged_mov
202305,2023,05,29,9428,novo_caged_mov
202305,2023,05,31,26626,novo_caged_mov
202305,2023,05,32,13593,novo_caged_mov
202305,2023,05,33,12418,novo_caged_mov
202305,2023,05,35,50112,novo_caged_mov
202305,2023,05,41,7785,novo_caged_mov
202305,2023,05,42,3596,novo_caged_mov
202305,2023,05,43,-2511,novo_caged_mov
202305,2023,05,50,3250,novo_caged_mov
202305,2023,05,51,3350,novo_caged_mov
202305,2023,05,52,6297,novo_caged_mov
202305,2023,05,53,1576,novo_caged_mov
202305,2023,05,99,1871,novo_caged_mov
202306,2023,06,11,2050,novo_caged_mov
202306,2023,06,12,1018,novo_caged_mov
202306,2023,06,13,2181,novo_caged_mov
202306,2023,06,14,-121,novo_caged_mov
202306,2023,06,15,6852,novo_caged_mov
202306,2023,06,16,501,novo_caged_mov
202306,2023,06,17,1624,novo_caged_mov
202306,2023,06,21,4889,novo_caged_mov
202306,2023,06,22,4170,novo_caged_mov
202306,2023,06,23,6571,novo_caged_mov
202306,2023,06,24,2474,novo_caged_mov
202306,2023,06,25,-223,novo_caged_mov
202306,2023,06,26,5327,novo_caged_mov
202306,2023,06,27,1465,novo_caged_mov
202306,2023,06,28,632,novo_caged_mov
202306,2023,06,29,8319,novo_caged_mov
202306,2023,06,31,25537,novo_caged_mov
202306,2023,06,32,636,novo_caged_mov
202306,2023,06,33,13490,novo_caged_mov
202306,2023,06,35,36418,novo_caged_mov
202306,2023,06,41,7899,novo_caged_mov
202306,2023,06,42,1899,novo_caged_mov
202306,2023,06,43,-211,novo_caged_mov
202306,2023,06,50,3030,novo_caged_mov
202306,2023,06,51,10683,novo_caged_mov
202306,2023,06,52,5091,novo_caged_mov
202306,2023,06,53,2743,novo_caged_mov
202306,2023,06,99,2254,novo_caged_mov
202307,2023,07,11,972,novo_caged_mov
202307,2023,07,12,741,novo_caged_mov
202307,2023,07,13,3723,novo_caged_mov
202307,2023,07,14,228,novo_caged_mov
202307,2023,07,15,6938,novo_caged_mov
202307,2023,07,16,991,novo_caged_mov
202307,2023,07,17,1163,novo_caged_mov
202307,2023,07,21,2586,novo_caged_mov
202307,2023,07,22,3729,novo_caged_mov
202307,2023,07,23,6490,novo_caged_mov
202307,2023,07,24,3531,novo_caged_mov
202307,2023,07,25,3477,novo_caged_mov
202307,2023,07,26,4401,novo_caged_mov
202307,2023,07,27,2169,novo_caged_mov
202307,2023,07,28,492,novo_caged_mov
202307,2023,07,29,5180,novo_caged_mov
202307,2023,07,31,12353,novo_caged_mov
202307,2023,07,32,1811,novo_caged_mov
202307,2023,07,33,12710,novo_caged_mov
202307,2023,07,35,43331,novo_caged_mov
202307,2023,07,41,7184,novo_caged_mov
202307,2023,07,42,2220,novo_caged_mov
202307,2023,07,43,-2129,novo_caged_mov
202307,2023,07,50,2386,novo_caged_mov
202307,2023,07,51,6214,novo_caged_mov
202307,2023,07,52,5435,novo_caged_mov
202307,2023,07,53,4275,novo_caged_mov
202307,2023,07,99,101,novo_caged_mov
202308,2023,08,11,1939,novo_caged_mov
202308,2023,08,12,448,novo_caged_mov
202308,2023,08,13,4553,novo_caged_mov
202308,2023,08,14,689,novo_caged_mov
202308,2023,08,15,6903,novo_caged_mov
202308,2023,08,16,989,novo_caged_mov
202308,2023,08,17,2331,novo_caged_mov
202308,2023,08,21,2409,novo_caged_mov
202308,2023,08,22,2764,novo_caged_mov
202308,2023,08,23,10932,novo_caged_mov
202308,2023,08,24,5975,novo_caged_mov
202308,2023,08,25,8782,novo_caged_mov
202308,2023,08,26,15566,novo_caged_mov
202308,2023,08,27,3383,novo_caged_mov
202308,2023,08,28,2445,novo_caged_mov
202308,2023,08,29,11518,novo_caged_mov
202308,2023,08,31,15237,novo_caged_mov
202308,2023,08,32,315,novo_caged_mov
202308,2023,08,33,18992,novo_caged_mov
202308,2023,08,35,65462,novo_caged_mov
202308,2023,08,41,13568,novo_caged_mov
202308,2023,08,42,6702,novo_caged_mov
202308,2023,08,43,2561,novo_caged_mov
202308,2023,08,50,3226,novo_caged_mov
202308,2023,08,51,4633,novo_caged_mov
202308,2023,08,52,6151,novo_caged_mov
202308,2023,08,53,3867,novo_caged_mov
202308,2023,08,99,-1496,novo_caged_mov
202309,2023,09,11,1365,novo_caged_mov
202309,2023,09,12,360,novo_caged_mov
202309,2023,09,13,2973,novo_caged_mov
202309,2023,09,14,763,novo_caged_mov
202309,2023,09,15,9041,novo_caged_mov
202309,2023,09,16,1027,novo_caged_mov
202309,2023,09,17,1321,novo_caged_mov
202309,2023,09,21,2850,novo_caged_mov
202309,2023,09,22,2494,novo_caged_mov
202309,2023,09,23,10483,novo_caged_mov
202309,2023,09,24,4254,novo_caged_mov
202309,2023,09,25,4193,novo_caged_mov
202309,2023,09,26,18864,novo_caged_mov
202309,2023,09,27,16160,novo_caged_mov
202309,2023,09,28,5956,novo_caged_mov
202309,2023,09,29,9854,novo_caged_mov
202309,2023,09,31,12631,novo_caged_mov
202309,2023,09,32,4415,novo_caged_mov
202309,2023,09,33,17998,novo_caged_mov
202309,2023,09,35,47306,novo_caged_mov
202309,2023,09,41,9046,novo_caged_mov
202309,2023,09,42,12017,novo_caged_mov
202309,2023,09,43,1267,novo_caged_mov
202309,2023,09,50,1801,novo_caged_mov
202309,2023,09,51,4410,novo_caged_mov
202309,2023,09,52,4489,novo_caged_mov
202309,2023,09,53,4093,novo_caged_mov
202309,2023,09,99,333,novo_caged_mov
202310,2023,10,11,404,novo_caged_mov
202310,2023,10,12,127,novo_caged_mov
202310,2023,10,13,2733,novo_caged_mov
202310,2023,10,14,-115,novo_caged_mov
202310,2023,10,15,4863,novo_caged_mov
202310,2023,10,16,453,novo_caged_mov
202310,2023,10,17,1758,novo_caged_mov
202310,2023,10,21,2357,novo_caged_mov
202310,2023,10,22,2187,novo_caged_mov
202310,2023,10,23,6130,novo_caged_mov
202310,2023,10,24,2257,novo_caged_mov
202310,2023,10,25,3773,novo_caged_mov
202310,2023,10,26,8272,novo_caged_mov
202310,2023,10,27,4163,novo_caged_mov
202310,2023,10,28,1603,novo_caged_mov
202310,2023,10,29,5905,novo_caged_mov
202310,2023,10,31,4907,novo_caged_mov
202310,2023,10,32,3424,novo_caged_mov
202310,2023,10,33,18803,novo_caged_mov
202310,2023,10,35,69442,novo_caged_mov
202310,2023,10,41,14945,novo_caged_mov
202310,2023,10,42,12031,novo_caged_mov
202310,2023,10,43,10766,novo_caged_mov
202310,2023,10,50,2265,novo_caged_mov
202310,2023,10,51,1887,novo_caged_mov
202310,2023,10,52,682,novo_caged_mov
202310,2023,10,53,5179,novo_caged_mov
202310,2023,10,99,-835,novo_caged_mov
202311,2023,11,11,516,novo_caged_mov
202311,2023,11,12,243,novo_caged_mov
202311,2023,11,13,2584,novo_caged_mov
202311,2023,11,14,417,novo_caged_mov
202311,2023,11,15,-51,novo_caged_mov
202311,2023,11,16,414,novo_caged_mov
202311,2023,11,17,482,novo_caged_mov
202311,2023,11,21,1429,novo_caged_mov
202311,2023,11,22,-124,novo_caged_mov
202311,2023,11,23,4674,novo_caged_mov
202311,2023,11,24,3342,novo_caged_mov
202311,2023,11,25,3657,novo_caged_mov
202311,2023,11,26,7664,novo_caged_mov
202311,2023,11,27,2834,novo_caged_mov
202311,2023,11,28,1739,novo_caged_mov
202311,2023,11,29,7374,novo_caged_mov
202311,2023,11,31,808,novo_caged_mov
202311,2023,11,32,1772,novo_caged_mov
202311,2023,11,33,23514,novo_caged_mov
202311,2023,11,35,47273,novo_caged_mov
202311,2023,11,41,7842,novo_caged_mov
202311,2023,11,42,6672,novo_caged_mov
202311,2023,11,43,11799,novo_caged_mov
202311,2023,11,50,1918,novo_caged_mov
202311,2023,11,51,-4178,novo_caged_mov
202311,2023,11,52,-7073,novo_caged_mov
202311,2023,11,53,4052,novo_caged_mov
202311,2023,11,99,-1496,novo_caged_mov
202312,2023,12,11,-2206,novo_caged_mov
202312,2023,12,12,-364,novo_caged_mov
202312,2023,12,13,-2836,novo_caged_mov
202312,2023,12,14,-852,novo_caged_mov
202312,2023,12,15,-10760,novo_caged_mov
202312,2023,12,16,-787,novo_caged_mov
202312,2023,12,17,-1999,novo_caged_mov
202312,2023,12,21,-3686,novo_caged_mov
202312,2023,12,22,-3479,novo_caged_mov
202312,2023,12,23,-3725,novo_caged_mov
202312,2023,12,24,-2567,novo_caged_mov
202312,2023,12,25,-1504,novo_caged_mov
202312,2023,12,26,-8635,novo_caged_mov
202312,2023,12,27,101,novo_caged_mov
202312,2023,12,28,-744,novo_caged_mov
202312,2023,12,29,-17299,novo_caged_mov
202312,2023,12,31,-46510,novo_caged_mov
202312,2023,12,32,-6870,novo_caged_mov
202312,2023,12,33,-3611,novo_caged_mov
202312,2023,12,35,-163937,novo_caged_mov
202312,2023,12,41,-34894,novo_caged_mov
202312,2023,12,42,-38478,novo_caged_mov
202312,2023,12,43,-28832,novo_caged_mov
202312,2023,12,50,-8401,novo_caged_mov
202312,2023,12,51,-12251,novo_caged_mov
202312,2023,12,52,-16228,novo_caged_mov
202312,2023,12,53,-5731,novo_caged_mov
202312,2023,12,99,-3074,novo_caged_mov
202401,2024,01,11,189,novo_caged_mov
202401,2024,01,12,-33,novo_caged_mov
202401,2024,01,13,1056,novo_caged_mov
202401,2024,01,14,323,novo_caged_mov
202401,2024,01,15,111,novo_caged_mov
202401,2024,01,16,1203,novo_caged_mov
202401,2024,01,17,1447,novo_caged_mov
202401,2024,01,21,-831,novo_caged_mov
202401,2024,01,22,721,novo_caged_mov
202401,2024,01,23,1264,novo_caged_mov
202401,2024,01,24,1457,novo_caged_mov
202401,2024,01,25,332,novo_caged_mov
202401,2024,01,26,2292,novo_caged_mov
202401,2024,01,27,773,novo_caged_mov
202401,2024,01,28,777,novo_caged_mov
202401,2024,01,29,4821,novo_caged_mov
202401,2024,01,31,13784,novo_caged_mov
202401,2024,01,32,3616,novo_caged_mov
202401,2024,01,33,1344,novo_caged_mov
202401,2024,01,35,38499,novo_caged_mov
202401,2024,01,41,20198,novo_caged_mov
202401,2024,01,42,26210,novo_caged_mov
202401,2024,01,43,20810,novo_caged_mov
202401,2024,01,50,4989,novo_caged_mov
202401,2024,01,51,17253,novo_caged_mov
202401,2024,01,52,14926,novo_caged_mov
202401,2024,01,53,2858,novo_caged_mov
202401,2024,01,99,6,novo_caged_mov
202402,2024,02,11,2537,novo_caged_mov
202402,2024,02,12,853,novo_caged_mov
202402,2024,02,13,3383,novo_caged_mov
202402,2024,02,14,785,novo_caged_mov
202402,2024,02,15,7079,novo_caged_mov
202402,2024,02,16,152,novo_caged_mov
202402,2024,02,17,2273,novo_caged_mov
202402,2024,02,21,-1220,novo_caged_mov
202402,2024,02,22,533,novo_caged_mov
202402,2024,02,23,3897,novo_caged_mov
202402,2024,02,24,283,novo_caged_mov
202402,2024,02,25,-9,novo_caged_mov
202402,2024,02,26,2145,novo_caged_mov
202402,2024,02,27,-2886,novo_caged_mov
202402,2024,02,28,1579,novo_caged_mov
202402,2024,02,29,6249,novo_caged_mov
202402,2024,02,31,35980,novo_caged_mov
202402,2024,02,32,4754,novo_caged_mov
202402,2024,02,33,17672,novo_caged_mov
202402,2024,02,35,101163,novo_caged_mov
202402,2024,02,41,33043,novo_caged_mov
202402,2024,02,42,26367,novo_caged_mov
202402,2024,02,43,25452,novo_caged_mov
202402,2024,02,50,5998,novo_caged_mov
202402,2024,02,51,7429,novo_caged_mov
202402,2024,02,52,14106,novo_caged_mov
202402,2024,02,53,6511,novo_caged_mov
202402,2024,02,99,3,novo_caged_mov
202403,2024,03,11,1395,novo_caged_mov
202403,2024,03,12,1183,novo_caged_mov
202403,2024,03,13,3200,novo_caged_mov
202403,2024,03,14,632,novo_caged_mov
202403,2024,03,15,2006,novo_caged_mov
202403,2024,03,16,277,novo_caged_mov
202403,2024,03,17,977,novo_caged_mov
202403,2024,03,21,2777,novo_caged_mov
202403,2024,03,22,3015,novo_caged_mov
202403,2024,03,23,6185,novo_caged_mov
202403,2024,03,24,1415,novo_caged_mov
202403,2024,03,25,263,novo_caged_mov
202403,2024,03,26,1364,novo_caged_mov
202403,2024,03,27,-9589,novo_caged_mov
202403,2024,03,28,-1875,novo_caged_mov
202403,2024,03,29,12482,novo_caged_mov
202403,2024,03,31,40796,novo_caged_mov
202403,2024,03,32,6101,novo_caged_mov
202403,2024,03,33,24466,novo_caged_mov
202403,2024,03,35,76941,novo_caged_mov
202403,2024,03,41,17858,novo_caged_mov
202403,2024,03,42,13892,novo_caged_mov
202403,2024,03,43,10490,novo_caged_mov
202403,2024,03,50,4197,novo_caged_mov
202403,2024,03,51,1085,novo_caged_mov
202403,2024,03,52,15742,novo_caged_mov
202403,2024,03,53,7023,novo_caged_mov
202403,2024,03,99,17,novo_caged_mov
202404,2024,04,11,724,novo_caged_mov
202404,2024,04,12,1267,novo_caged_mov
202404,2024,04,13,3576,novo_caged_mov
202404,2024,04,14,480,novo_caged_mov
202404,2024,04,15,7332,novo_caged_mov
202404,2024,04,16,902,novo_caged_mov
202404,2024,04,17,1464,novo_caged_mov
202404,2024,04,21,2978,novo_caged_mov
202404,2024,04,22,2072,novo_caged_mov
202404,2024,04,23,5678,novo_caged_mov
202404,2024,04,24,2691,novo_caged_mov
202404,2024,04,25,739,novo_caged_mov
202404,2024,04,26,-1103,novo_caged_mov
202404,2024,04,27,-1607,novo_caged_mov
202404,2024,04,28,1570,novo_caged_mov
202404,2024,04,29,10649,novo_caged_mov
202404,2024,04,31,25868,novo_caged_mov
202404,2024,04,32,8167,novo_caged_mov
202404,2024,04,33,16077,novo_caged_mov
202404,2024,04,35,76299,novo_caged_mov
202404,2024,04,41,18032,novo_caged_mov
202404,2024,04,42,13457,novo_caged_mov
202404,2024,04,43,13512,novo_caged_mov
202404,2024,04,50,2567,novo_caged_mov
202404,2024,04,51,2999,novo_caged_mov
202404,2024,04,52,13584,novo_caged_mov
202404,2024,04,53,5258,novo_caged_mov
202404,2024,04,99,4801,novo_caged_mov
202405,2024,05,11,758,novo_caged_mov
202405,2024,05,12,924,novo_caged_mov
202405,2024,05,13,3467,novo_caged_mov
202405,2024,05,14,535,novo_caged_mov
202405,2024,05,15,3385,novo_caged_mov
202405,2024,05,16,316,novo_caged_mov
202405,2024,05,17,527,novo_caged_mov
202405,2024,05,21,2416,novo_caged_mov
202405,2024,05,22,2134,novo_caged_mov
202405,2024,05,23,6956,novo_caged_mov
202405,2024,05,24,2736,novo_caged_mov
202405,2024,05,25,1776,novo_caged_mov
202405,2024,05,26,3992,novo_caged_mov
202405,2024,05,27,2224,novo_caged_mov
202405,2024,05,28,723,novo_caged_mov
202405,2024,05,29,8785,novo_caged_mov
202405,2024,05,31,19430,novo_caged_mov
202405,2024,05,32,7277,novo_caged_mov
202405,2024,05,33,15627,novo_caged_mov
202405,2024,05,35,42355,novo_caged_mov
202405,2024,05,41,8082,novo_caged_mov
202405,2024,05,42,4274,novo_caged_mov
202405,2024,05,43,-22180,novo_caged_mov
202405,2024,05,50,1932,novo_caged_mov
202405,2024,05,51,3100,novo_caged_mov
202405,2024,05,52,1752,novo_caged_mov
202405,2024,05,53,2493,novo_caged_mov
202405,2024,05,99,6015,novo_caged_mov
202406,2024,06,11,1424,novo_caged_mov
202406,2024,06,12,914,novo_caged_mov
202406,2024,06,13,5036,novo_caged_mov
202406,2024,06,14,315,novo_caged_mov
202406,2024,06,15,7893,novo_caged_mov
202406,2024,06,16,1974,novo_caged_mov
202406,2024,06,17,705,novo_caged_mov
202406,2024,06,21,6025,novo_caged_mov
202406,2024,06,22,2914,novo_caged_mov
202406,2024,06,23,7620,novo_caged_mov
202406,2024,06,24,4533,novo_caged_mov
202406,2024,06,25,3420,novo_caged_mov
202406,2024,06,26,8022,novo_caged_mov
202406,2024,06,27,2686,novo_caged_mov
202406,2024,06,28,1821,novo_caged_mov
202406,2024,06,29,8899,novo_caged_mov
202406,2024,06,31,28354,novo_caged_mov
202406,2024,06,32,141,novo_caged_mov
202406,2024,06,33,17229,novo_caged_mov
202406,2024,06,35,47957,novo_caged_mov
202406,2024,06,41,13572,novo_caged_mov
202406,2024,06,42,10284,novo_caged_mov
202406,2024,06,43,-8569,novo_caged_mov
202406,2024,06,50,1645,novo_caged_mov
202406,2024,06,51,9674,novo_caged_mov
202406,2024,06,52,8605,novo_caged_mov
202406,2024,06,53,3176,novo_caged_mov
202406,2024,06,99,5436,novo_caged_mov
202407,2024,07,11,2311,novo_caged_mov
202407,2024,07,12,544,novo_caged_mov
202407,2024,07,13,4739,novo_caged_mov
202407,2024,07,14,137,novo_caged_mov
202407,2024,07,15,5092,novo_caged_mov
202407,2024,07,16,472,novo_caged_mov
202407,2024,07,17,205,novo_caged_mov
202407,2024,07,21,2573,novo_caged_mov
202407,2024,07,22,1715,novo_caged_mov
202407,2024,07,23,3488,novo_caged_mov
202407,2024,07,24,5774,novo_caged_mov
202407,2024,07,25,4389,novo_caged_mov
202407,2024,07,26,7578,novo_caged_mov
202407,2024,07,27,2946,novo_caged_mov
202407,2024,07,28,1264,novo_caged_mov
202407,2024,07,29,9614,novo_caged_mov
202407,2024,07,31,11133,novo_caged_mov
202407,2024,07,32,-1029,novo_caged_mov
202407,2024,07,33,10598,novo_caged_mov
202407,2024,07,35,61847,novo_caged_mov
202407,2024,07,41,14185,novo_caged_mov
202407,2024,07,42,12150,novo_caged_mov
202407,2024,07,43,6690,novo_caged_mov
202407,2024,07,50,1013,novo_caged_mov
202407,2024,07,51,5812,novo_caged_mov
202407,2024,07,52,5541,novo_caged_mov
202407,2024,07,53,2981,novo_caged_mov
202407,2024,07,99,4259,novo_caged_mov
202408,2024,08,11,1208,novo_caged_mov
202408,2024,08,12,352,novo_caged_mov
202408,2024,08,13,5354,novo_caged_mov
202408,2024,08,14,795,novo_caged_mov
202408,2024,08,15,4688,novo_caged_mov
202408,2024,08,16,1350,novo_caged_mov
202408,2024,08,17,1139,novo_caged_mov
202408,2024,08,21,2516,novo_caged_mov
202408,2024,08,22,2065,novo_caged_mov
202408,2024,08,23,9294,novo_caged_mov
202408,2024,08,24,7239,novo_caged_mov
202408,2024,08,25,9014,novo_caged_mov
202408,2024,08,26,18112,novo_caged_mov
202408,2024,08,27,5171,novo_caged_mov
202408,2024,08,28,2812,novo_caged_mov
202408,2024,08,29,16149,novo_caged_mov
202408,2024,08,31,14356,novo_caged_mov
202408,2024,08,32,2515,novo_caged_mov
202408,2024,08,33,18600,novo_caged_mov
202408,2024,08,35,60770,novo_caged_mov
202408,2024,08,41,12803,novo_caged_mov
202408,2024,08,42,7641,novo_caged_mov
202408,2024,08,43,10413,novo_caged_mov
202408,2024,08,50,1975,novo_caged_mov
202408,2024,08,51,3733,novo_caged_mov
202408,2024,08,52,4735,novo_caged_mov
202408,2024,08,53,4096,novo_caged_mov
202408,2024,08,99,3618,novo_caged_mov
202409,2024,09,11,599,novo_caged_mov
202409,2024,09,12,955,novo_caged_mov
202409,2024,09,13,2663,novo_caged_mov
202409,2024,09,14,729,novo_caged_mov
202409,2024,09,15,8569,novo_caged_mov
202409,2024,09,16,956,novo_caged_mov
202409,2024,09,17,1138,novo_caged_mov
202409,2024,09,21,4237,novo_caged_mov
202409,2024,09,22,989,novo_caged_mov
202409,2024,09,23,9522,novo_caged_mov
202409,2024,09,24,4981,novo_caged_mov
202409,2024,09,25,3631,novo_caged_mov
202409,2024,09,26,17851,novo_caged_mov
202409,2024,09,27,15420,novo_caged_mov
202409,2024,09,28,5658,novo_caged_mov
202409,2024,09,29,14886,novo_caged_mov
202409,2024,09,31,15840,novo_caged_mov
202409,2024,09,32,5635,novo_caged_mov
202409,2024,09,33,19740,novo_caged_mov
202409,2024,09,35,57067,novo_caged_mov
202409,2024,09,41,14828,novo_caged_mov
202409,2024,09,42,13074,novo_caged_mov
202409,2024,09,43,10238,novo_caged_mov
202409,2024,09,50,1912,novo_caged_mov
202409,2024,09,51,1723,novo_caged_mov
202409,2024,09,52,5516,novo_caged_mov
202409,2024,09,53,6211,novo_caged_mov
202409,2024,09,99,3250,novo_caged_mov
202410,2024,10,11,157,novo_caged_mov
202410,2024,10,12,147,novo_caged_mov
202410,2024,10,13,2600,novo_caged_mov
202410,2024,10,14,196,novo_caged_mov
202410,2024,10,15,2536,novo_caged_mov
202410,2024,10,16,397,novo_caged_mov
202410,2024,10,17,1316,novo_caged_mov
202410,2024,10,21,423,novo_caged_mov
202410,2024,10,22,1317,novo_caged_mov
202410,2024,10,23,3187,novo_caged_mov
202410,2024,10,24,2847,novo_caged_mov
202410,2024,10,25,1606,novo_caged_mov
202410,2024,10,26,5010,novo_caged_mov
202410,2024,10,27,3445,novo_caged_mov
202410,2024,10,28,1089,novo_caged_mov
202410,2024,10,29,-579,novo_caged_mov
202410,2024,10,31,3176,novo_caged_mov
202410,2024,10,32,4296,novo_caged_mov
202410,2024,10,33,10731,novo_caged_mov
202410,2024,10,35,47255,novo_caged_mov
202410,2024,10,41,10132,novo_caged_mov
202410,2024,10,42,10125,novo_caged_mov
202410,2024,10,43,14115,novo_caged_mov
202410,2024,10,50,835,novo_caged_mov
202410,2024,10,51,-172,novo_caged_mov
202410,2024,10,52,-45,novo_caged_mov
202410,2024,10,53,3839,novo_caged_mov
202410,2024,10,99,2733,novo_caged_mov
202411,2024,11,11,-315,novo_caged_mov
202411,2024,11,12,-372,novo_caged_mov
202411,2024,11,13,5433,novo_caged_mov
202411,2024,11,14,848,novo_caged_mov
202411,2024,11,15,1301,novo_caged_mov
202411,2024,11,16,224,novo_caged_mov
202411,2024,11,17,155,novo_caged_mov
202411,2024,11,21,1419,novo_caged_mov
202411,2024,11,22,-1378,novo_caged_mov
202411,2024,11,23,4443,novo_caged_mov
202411,2024,11,24,2361,novo_caged_mov
202411,2024,11,25,2720,novo_caged_mov
202411,2024,11,26,5526,novo_caged_mov
202411,2024,11,27,1773,novo_caged_mov
202411,2024,11,28,1502,novo_caged_mov
202411,2024,11,29,7191,novo_caged_mov
202411,2024,11,31,1110,novo_caged_mov
202411,2024,11,32,195,novo_caged_mov
202411,2024,11,33,13810,novo_caged_mov
202411,2024,11,35,38562,novo_caged_mov
202411,2024,11,41,4121,novo_caged_mov
202411,2024,11,42,8966,novo_caged_mov
202411,2024,11,43,11865,novo_caged_mov
202411,2024,11,50,-179,novo_caged_mov
202411,2024,11,51,-7852,novo_caged_mov
202411,2024,11,52,-3145,novo_caged_mov
202411,2024,11,53,3216,novo_caged_mov
202411,2024,11,99,3125,novo_caged_mov
202412,2024,12,11,-2300,novo_caged_mov
202412,2024,12,12,-735,novo_caged_mov
202412,2024,12,13,-4300,novo_caged_mov
202412,2024,12,14,-566,novo_caged_mov
202412,2024,12,15,-11375,novo_caged_mov
202412,2024,12,16,-1087,novo_caged_mov
202412,2024,12,17,-2930,novo_caged_mov
202412,2024,12,21,-7003,novo_caged_mov
202412,2024,12,22,-2717,novo_caged_mov
202412,2024,12,23,-6222,novo_caged_mov
202412,2024,12,24,-2617,novo_caged_mov
202412,2024,12,25,-886,novo_caged_mov
202412,2024,12,26,-10455,novo_caged_mov
202412,2024,12,27,-3569,novo_caged_mov
202412,2024,12,28,-1797,novo_caged_mov
202412,2024,12,29,-18661,novo_caged_mov
202412,2024,12,31,-68617,novo_caged_mov
202412,2024,12,32,-7090,novo_caged_mov
202412,2024,12,33,-17125,novo_caged_mov
202412,2024,12,35,-190569,novo_caged_mov
202412,2024,12,41,-39785,novo_caged_mov
202412,2024,12,42,-43017,novo_caged_mov
202412,2024,12,43,-28384,novo_caged_mov
202412,2024,12,50,-14465,novo_caged_mov
202412,2024,12,51,-19516,novo_caged_mov
202412,2024,12,52,-22337,novo_caged_mov
202412,2024,12,53,-5868,novo_caged_mov
202412,2024,12,99,-1554,novo_caged_mov
202501,2025,01,11,28,novo_caged_mov
202501,2025,01,12,-645,novo_caged_mov
202501,2025,01,13,2400,novo_caged_mov
202501,2025,01,14,222,novo_caged_mov
202501,2025,01,15,-2203,novo_caged_mov
202501,2025,01,16,566,novo_caged_mov
202501,2025,01,17,1564,novo_caged_mov
202501,2025,01,21,1019,novo_caged_mov
202501,2025,01,22,-966,novo_caged_mov
202501,2025,01,23,-1225,novo_caged_mov
202501,2025,01,24,-628,novo_caged_mov
202501,2025,01,25,-720,novo_caged_mov
202501,2025,01,26,-5230,novo_caged_mov
202501,2025,01,27,-940,novo_caged_mov
202501,2025,01,28,-913,novo_caged_mov
202501,2025,01,29,6932,novo_caged_mov
202501,2025,01,31,4040,novo_caged_mov
202501,2025,01,32,551,novo_caged_mov
202501,2025,01,33,-12960,novo_caged_mov
202501,2025,01,35,36125,novo_caged_mov
202501,2025,01,41,15918,novo_caged_mov
202501,2025,01,42,23062,novo_caged_mov
202501,2025,01,43,26732,novo_caged_mov
202501,2025,01,50,3176,novo_caged_mov
202501,2025,01,51,19507,novo_caged_mov
202501,2025,01,52,14195,novo_caged_mov
202501,2025,01,53,7485,novo_caged_mov
202501,2025,01,99,211,novo_caged_mov
202502,2025,02,11,3146,novo_caged_mov
202502,2025,02,12,429,novo_caged_mov
202502,2025,02,13,3303,novo_caged_mov
202502,2025,02,14,954,novo_caged_mov
202502,2025,02,15,8990,novo_caged_mov
202502,2025,02,16,687,novo_caged_mov
202502,2025,02,17,3257,novo_caged_mov
202502,2025,02,21,1470,novo_caged_mov
202502,2025,02,22,2994,novo_caged_mov
202502,2025,02,23,6488,novo_caged_mov
202502,2025,02,24,2495,novo_caged_mov
202502,2025,02,25,525,novo_caged_mov
202502,2025,02,26,7588,novo_caged_mov
202502,2025,02,27,-5471,novo_caged_mov
202502,2025,02,28,869,novo_caged_mov
202502,2025,02,29,20132,novo_caged_mov
202502,2025,02,31,52603,novo_caged_mov
202502,2025,02,32,6274,novo_caged_mov
202502,2025,02,33,31974,novo_caged_mov
202502,2025,02,35,137581,novo_caged_mov
202502,2025,02,41,39176,novo_caged_mov
202502,2025,02,42,30097,novo_caged_mov
202502,2025,02,43,30693,novo_caged_mov
202502,2025,02,50,8333,novo_caged_mov
202502,2025,02,51,9710,novo_caged_mov
202502,2025,02,52,20584,novo_caged_mov
202502,2025,02,53,7030,novo_caged_mov
202502,2025,02,99,84,novo_caged_mov
202503,2025,03,11,1102,novo_caged_mov
202503,2025,03,12,354,novo_caged_mov
202503,2025,03,13,852,novo_caged_mov
202503,2025,03,14,51,novo_caged_mov
202503,2025,03,15,1489,novo_caged_mov
202503,2025,03,16,389,novo_caged_mov
202503,2025,03,17,933,novo_caged_mov
202503,2025,03,21,1106,novo_caged_mov
202503,2025,03,22,1730,novo_caged_mov
202503,2025,03,23,-2621,novo_caged_mov
202503,2025,03,24,-1918,novo_caged_mov
202503,2025,03,25,-916,novo_caged_mov
202503,2025,03,26,-3478,novo_caged_mov
202503,2025,03,27,-8492,novo_caged_mov
202503,2025,03,28,-1608,novo_caged_mov
202503,2025,03,29,2998,novo_caged_mov
202503,2025,03,31,18169,novo_caged_mov
202503,2025,03,32,1811,novo_caged_mov
202503,2025,03,33,-6758,novo_caged_mov
202503,2025,03,35,34864,novo_caged_mov
202503,2025,03,41,5752,novo_caged_mov
202503,2025,03,42,9841,novo_caged_mov
202503,2025,03,43,8960,novo_caged_mov
202503,2025,03,50,1114,novo_caged_mov
202503,2025,03,51,-3544,novo_caged_mov
202503,2025,03,52,6340,novo_caged_mov
202503,2025,03,53,3052,novo_caged_mov
202503,2025,03,99,4,novo_caged_mov
202504,2025,04,11,1117,novo_caged_mov
202504,2025,04,12,760,novo_caged_mov
202504,2025,04,13,2678,novo_caged_mov
202504,2025,04,14,669,novo_caged_mov
202504,2025,04,15,5120,novo_caged_mov
202504,2025,04,16,775,novo_caged_mov
202504,2025,04,17,1708,novo_caged_mov
202504,2025,04,21,3582,novo_caged_mov
202504,2025,04,22,3218,novo_caged_mov
202504,2025,04,23,9221,novo_caged_mov
202504,2025,04,24,2927,novo_caged_mov
202504,2025,04,25,1577,novo_caged_mov
202504,2025,04,26,7501,novo_caged_mov
202504,2025,04,27,414,novo_caged_mov
202504,2025,04,28,2849,novo_caged_mov
202504,2025,04,29,14353,novo_caged_mov
202504,2025,04,31,29083,novo_caged_mov
202504,2025,04,32,8553,novo_caged_mov
202504,2025,04,33,20031,novo_caged_mov
202504,2025,04,35,72283,novo_caged_mov
202504,2025,04,41,18606,novo_caged_mov
202504,2025,04,42,10460,novo_caged_mov
202504,2025,04,43,8678,novo_caged_mov
202504,2025,04,50,5701,novo_caged_mov
202504,2025,04,51,4142,novo_caged_mov
202504,2025,04,52,14780,novo_caged_mov
202504,2025,04,53,6738,novo_caged_mov
202504,2025,04,99,4,novo_caged_mov
202505,2025,05,11,882,novo_caged_mov
202505,2025,05,12,1385,novo_caged_mov
202505,2025,05,13,2059,novo_caged_mov
202505,2025,05,14,306,novo_caged_mov
202505,2025,05,15,5058,novo_caged_mov
202505,2025,05,16,179,novo_caged_mov
202505,2025,05,17,967,novo_caged_mov
202505,2025,05,21,3560,novo_caged_mov
202505,2025,05,22,3559,novo_caged_mov
202505,2025,05,23,5769,novo_caged_mov
202505,2025,05,24,2220,novo_caged_mov
202505,2025,05,25,5905,novo_caged_mov
202505,2025,05,26,9754,novo_caged_mov
202505,2025,05,27,324,novo_caged_mov
202505,2025,05,28,1939,novo_caged_mov
202505,2025,05,29,12858,novo_caged_mov
202505,2025,05,31,20287,novo_caged_mov
202505,2025,05,32,7294,novo_caged_mov
202505,2025,05,33,13642,novo_caged_mov
202505,2025,05,35,33313,novo_caged_mov
202505,2025,05,41,6866,novo_caged_mov
202505,2025,05,42,366,novo_caged_mov
202505,2025,05,43,-115,novo_caged_mov
202505,2025,05,50,3087,novo_caged_mov
202505,2025,05,51,3013,novo_caged_mov
202505,2025,05,52,1447,novo_caged_mov
202505,2025,05,53,2957,novo_caged_mov
202505,2025,05,99,111,novo_caged_mov
202506,2025,06,11,1125,novo_caged_mov
202506,2025,06,12,605,novo_caged_mov
202506,2025,06,13,2622,novo_caged_mov
202506,2025,06,14,44,novo_caged_mov
202506,2025,06,15,5501,novo_caged_mov
202506,2025,06,16,1273,novo_caged_mov
202506,2025,06,17,513,novo_caged_mov
202506,2025,06,21,6247,novo_caged_mov
202506,2025,06,22,2745,novo_caged_mov
202506,2025,06,23,7320,novo_caged_mov
202506,2025,06,24,1763,novo_caged_mov
202506,2025,06,25,515,novo_caged_mov
202506,2025,06,26,5179,novo_caged_mov
202506,2025,06,27,2245,novo_caged_mov
202506,2025,06,28,2407,novo_caged_mov
202506,2025,06,29,7984,novo_caged_mov
202506,2025,06,31,24228,novo_caged_mov
202506,2025,06,32,-3348,novo_caged_mov
202506,2025,06,33,15363,novo_caged_mov
202506,2025,06,35,40089,novo_caged_mov
202506,2025,06,41,9377,novo_caged_mov
202506,2025,06,42,6538,novo_caged_mov
202506,2025,06,43,2443,novo_caged_mov
202506,2025,06,50,2709,novo_caged_mov
202506,2025,06,51,9388,novo_caged_mov
202506,2025,06,52,7914,novo_caged_mov
202506,2025,06,53,3865,novo_caged_mov
202506,2025,06,99,-33,novo_caged_mov
202507,2025,07,11,1267,novo_caged_mov
202507,2025,07,12,112,novo_caged_mov
202507,2025,07,13,1011,novo_caged_mov
202507,2025,07,14,125,novo_caged_mov
202507,2025,07,15,4882,novo_caged_mov
202507,2025,07,16,792,novo_caged_mov
202507,2025,07,17,-61,novo_caged_mov
202507,2025,07,21,2898,novo_caged_mov
202507,2025,07,22,2985,novo_caged_mov
202507,2025,07,23,7424,novo_caged_mov
202507,2025,07,24,3438,novo_caged_mov
202507,2025,07,25,2247,novo_caged_mov
202507,2025,07,26,7377,novo_caged_mov
202507,2025,07,27,3112,novo_caged_mov
202507,2025,07,28,121,novo_caged_mov
202507,2025,07,29,9436,novo_caged_mov
202507,2025,07,31,3497,novo_caged_mov
202507,2025,07,32,-2381,novo_caged_mov
202507,2025,07,33,6119,novo_caged_mov
202507,2025,07,35,42798,novo_caged_mov
202507,2025,07,41,8140,novo_caged_mov
202507,2025,07,42,2773,novo_caged_mov
202507,2025,07,43,424,novo_caged_mov
202507,2025,07,50,3023,novo_caged_mov
202507,2025,07,51,9540,novo_caged_mov
202507,2025,07,52,6951,novo_caged_mov
202507,2025,07,53,1749,novo_caged_mov
202507,2025,07,99,-24,novo_caged_mov
202508,2025,08,11,1277,novo_caged_mov
202508,2025,08,12,839,novo_caged_mov
202508,2025,08,13,2637,novo_caged_mov
202508,2025,08,14,-262,novo_caged_mov
202508,2025,08,15,5505,novo_caged_mov
202508,2025,08,16,790,novo_caged_mov
202508,2025,08,17,1298,novo_caged_mov
202508,2025,08,21,3149,novo_caged_mov
202508,2025,08,22,2591,novo_caged_mov
202508,2025,08,23,6933,novo_caged_mov
202508,2025,08,24,5339,novo_caged_mov
202508,2025,08,25,8492,novo_caged_mov
202508,2025,08,26,12692,novo_caged_mov
202508,2025,08,27,2803,novo_caged_mov
202508,2025,08,28,2330,novo_caged_mov
202508,2025,08,29,11015,novo_caged_mov
202508,2025,08,31,1214,novo_caged_mov
202508,2025,08,32,906,novo_caged_mov
202508,2025,08,33,16128,novo_caged_mov
202508,2025,08,35,45450,novo_caged_mov
202508,2025,08,41,6079,novo_caged_mov
202508,2025,08,42,315,novo_caged_mov
202508,2025,08,43,-1648,novo_caged_mov
202508,2025,08,50,2718,novo_caged_mov
202508,2025,08,51,2817,novo_caged_mov
202508,2025,08,52,2949,novo_caged_mov
202508,2025,08,53,3045,novo_caged_mov
202508,2025,08,99,-43,novo_caged_mov
202509,2025,09,11,1171,novo_caged_mov
202509,2025,09,12,845,novo_caged_mov
202509,2025,09,13,3736,novo_caged_mov
202509,2025,09,14,295,novo_caged_mov
202509,2025,09,15,9775,novo_caged_mov
202509,2025,09,16,735,novo_caged_mov
202509,2025,09,17,1594,novo_caged_mov
202509,2025,09,21,3270,novo_caged_mov
202509,2025,09,22,2404,novo_caged_mov
202509,2025,09,23,10561,novo_caged_mov
202509,2025,09,24,3231,novo_caged_mov
202509,2025,09,25,6084,novo_caged_mov
202509,2025,09,26,15602,novo_caged_mov
202509,2025,09,27,13883,novo_caged_mov
202509,2025,09,28,5962,novo_caged_mov
202509,2025,09,29,11350,novo_caged_mov
202509,2025,09,31,11785,novo_caged_mov
202509,2025,09,32,3793,novo_caged_mov
202509,2025,09,33,16009,novo_caged_mov
202509,2025,09,35,49052,novo_caged_mov
202509,2025,09,41,12046,novo_caged_mov
202509,2025,09,42,11366,novo_caged_mov
202509,2025,09,43,3890,novo_caged_mov
202509,2025,09,50,1379,novo_caged_mov
202509,2025,09,51,3737,novo_caged_mov
202509,2025,09,52,5737,novo_caged_mov
202509,2025,09,53,3716,novo_caged_mov
202509,2025,09,99,-6,novo_caged_mov
202510,2025,10,11,524,novo_caged_mov
202510,2025,10,12,-172,novo_caged_mov
202510,2025,10,13,1198,novo_caged_mov
202510,2025,10,14,21,novo_caged_mov
202510,2025,10,15,2128,novo_caged_mov
202510,2025,10,16,744,novo_caged_mov
202510,2025,10,17,43,novo_caged_mov
202510,2025,10,21,3293,novo_caged_mov
202510,2025,10,22,2693,novo_caged_mov
202510,2025,10,23,3379,novo_caged_mov
202510,2025,10,24,954,novo_caged_mov
202510,2025,10,25,2734,novo_caged_mov
202510,2025,10,26,10596,novo_caged_mov
202510,2025,10,27,4657,novo_caged_mov
202510,2025,10,28,1076,novo_caged_mov
202510,2025,10,29,4449,novo_caged_mov
202510,2025,10,31,-4802,novo_caged_mov
202510,2025,10,32,-296,novo_caged_mov
202510,2025,10,33,7437,novo_caged_mov
202510,2025,10,35,18456,novo_caged_mov
202510,2025,10,41,7961,novo_caged_mov
202510,2025,10,42,6142,novo_caged_mov
202510,2025,10,43,-256,novo_caged_mov
202510,2025,10,50,880,novo_caged_mov
202510,2025,10,51,-1851,novo_caged_mov
202510,2025,10,52,-2327,novo_caged_mov
202510,2025,10,53,15467,novo_caged_mov
202510,2025,10,99,19,novo_caged_mov
202511,2025,11,11,168,novo_caged_mov
202511,2025,11,12,-74,novo_caged_mov
202511,2025,11,13,3802,novo_caged_mov
202511,2025,11,14,216,novo_caged_mov
202511,2025,11,15,1951,novo_caged_mov
202511,2025,11,16,376,novo_caged_mov
202511,2025,11,17,-361,novo_caged_mov
202511,2025,11,21,2414,novo_caged_mov
202511,2025,11,22,-1048,novo_caged_mov
202511,2025,11,23,5874,novo_caged_mov
202511,2025,11,24,1548,novo_caged_mov
202511,2025,11,25,4078,novo_caged_mov
202511,2025,11,26,8996,novo_caged_mov
202511,2025,11,27,3046,novo_caged_mov
202511,2025,11,28,1974,novo_caged_mov
202511,2025,11,29,8763,novo_caged_mov
202511,2025,11,31,-8740,novo_caged_mov
202511,2025,11,32,1009,novo_caged_mov
202511,2025,11,33,19961,novo_caged_mov
202511,2025,11,35,31104,novo_caged_mov
202511,2025,11,41,1753,novo_caged_mov
202511,2025,11,42,5188,novo_caged_mov
202511,2025,11,43,4635,novo_caged_mov
202511,2025,11,50,-941,novo_caged_mov
202511,2025,11,51,-5802,novo_caged_mov
202511,2025,11,52,-8413,novo_caged_mov
202511,2025,11,53,4337,novo_caged_mov
202511,2025,11,99,50,novo_caged_mov
202512,2025,12,11,-2340,novo_caged_mov
202512,2025,12,12,-461,novo_caged_mov
202512,2025,12,13,-6670,novo_caged_mov
202512,2025,12,14,-988,novo_caged_mov
202512,2025,12,15,-15470,novo_caged_mov
202512,2025,12,16,-1137,novo_caged_mov
202512,2025,12,17,-4407,novo_caged_mov
202512,2025,12,21,-4084,novo_caged_mov
202512,2025,12,22,-2470,novo_caged_mov
202512,2025,12,23,-10800,novo_caged_mov
202512,2025,12,24,-5306,novo_caged_mov
202512,2025,12,25,-2684,novo_caged_mov
202512,2025,12,26,-9462,novo_caged_mov
202512,2025,12,27,-2949,novo_caged_mov
202512,2025,12,28,-2481,novo_caged_mov
202512,2025,12,29,-19498,novo_caged_mov
202512,2025,12,31,-72755,novo_caged_mov
202512,2025,12,32,-9972,novo_caged_mov
202512,2025,12,33,-23591,novo_caged_mov
202512,2025,12,35,-224282,novo_caged_mov
202512,2025,12,41,-51087,novo_caged_mov
202512,2025,12,42,-47948,novo_caged_mov
202512,2025,12,43,-36707,novo_caged_mov
202512,2025,12,50,-11281,novo_caged_mov
202512,2025,12,51,-19030,novo_caged_mov
202512,2025,12,52,-22840,novo_caged_mov
202512,2025,12,53,-7381,novo_caged_mov
202512,2025,12,99,-83,novo_caged_mov
202601,2026,01,11,-336,novo_caged_mov
202601,2026,01,12,-892,novo_caged_mov
202601,2026,01,13,1311,novo_caged_mov
202601,2026,01,14,-31,novo_caged_mov
202601,2026,01,15,-270,novo_caged_mov
202601,2026,01,16,459,novo_caged_mov
202601,2026,01,17,1497,novo_caged_mov
202601,2026,01,21,2516,novo_caged_mov
202601,2026,01,22,-337,novo_caged_mov
202601,2026,01,23,-1291,novo_caged_mov
202601,2026,01,24,1164,novo_caged_mov
202601,2026,01,25,-302,novo_caged_mov
202601,2026,01,26,889,novo_caged_mov
202601,2026,01,27,-2922,novo_caged_mov
202601,2026,01,28,293,novo_caged_mov
202601,2026,01,29,6124,novo_caged_mov
202601,2026,01,31,7425,novo_caged_mov
202601,2026,01,32,2434,novo_caged_mov
202601,2026,01,33,-13009,novo_caged_mov
202601,2026,01,35,16451,novo_caged_mov
202601,2026,01,41,18306,novo_caged_mov
202601,2026,01,42,19000,novo_caged_mov
202601,2026,01,43,18421,novo_caged_mov
202601,2026,01,50,3936,novo_caged_mov
202601,2026,01,51,18731,novo_caged_mov
202601,2026,01,52,10733,novo_caged_mov
202601,2026,01,53,2012,novo_caged_mov
202601,2026,01,99,22,novo_caged_mov
202602,2026,02,11,1790,novo_caged_mov
202602,2026,02,12,276,novo_caged_mov
202602,2026,02,13,2060,novo_caged_mov
202602,2026,02,14,256,novo_caged_mov
202602,2026,02,15,4701,novo_caged_mov
202602,2026,02,16,238,novo_caged_mov
202602,2026,02,17,1314,novo_caged_mov
202602,2026,02,21,2041,novo_caged_mov
202602,2026,02,22,1275,novo_caged_mov
202602,2026,02,23,4316,novo_caged_mov
202602,2026,02,24,-2221,novo_caged_mov
202602,2026,02,25,-1186,novo_caged_mov
202602,2026,02,26,1143,novo_caged_mov
202602,2026,02,27,-3023,novo_caged_mov
202602,2026,02,28,2394,novo_caged_mov
202602,2026,02,29,6890,novo_caged_mov
202602,2026,02,31,22874,novo_caged_mov
202602,2026,02,32,2846,novo_caged_mov
202602,2026,02,33,11436,novo_caged_mov
202602,2026,02,35,95896,novo_caged_mov
202602,2026,02,41,21599,novo_caged_mov
202602,2026,02,42,21727,novo_caged_mov
202602,2026,02,43,24392,novo_caged_mov
202602,2026,02,50,6157,novo_caged_mov
202602,2026,02,51,4749,novo_caged_mov
202602,2026,02,52,14557,novo_caged_mov
202602,2026,02,53,6864,novo_caged_mov
202602,2026,02,99,-40,novo_caged_mov
202603,2026,03,11,554,novo_caged_mov
202603,2026,03,12,1066,novo_caged_mov
202603,2026,03,13,2076,novo_caged_mov
202603,2026,03,14,751,novo_caged_mov
202603,2026,03,15,1995,novo_caged_mov
202603,2026,03,16,818,novo_caged_mov
202603,2026,03,17,626,novo_caged_mov
202603,2026,03,21,1430,novo_caged_mov
202603,2026,03,22,3308,novo_caged_mov
202603,2026,03,23,6629,novo_caged_mov
202603,2026,03,24,1127,novo_caged_mov
202603,2026,03,25,930,novo_caged_mov
202603,2026,03,26,3287,novo_caged_mov
202603,2026,03,27,-5243,novo_caged_mov
202603,2026,03,28,-338,novo_caged_mov
202603,2026,03,29,14008,novo_caged_mov
202603,2026,03,31,38845,novo_caged_mov
202603,2026,03,32,7392,novo_caged_mov
202603,2026,03,33,23914,novo_caged_mov
202603,2026,03,35,67876,novo_caged_mov
202603,2026,03,41,15823,novo_caged_mov
202603,2026,03,42,16868,novo_caged_mov
202603,2026,03,43,4054,novo_caged_mov
202603,2026,03,50,3554,novo_caged_mov
202603,2026,03,51,-1716,novo_caged_mov
202603,2026,03,52,11681,novo_caged_mov
202603,2026,03,53,6711,novo_caged_mov
202603,2026,03,99,182,novo_caged_mov
