competencia,year,month,uf,formal_hiring_balance,salvaged_records,source_series,source_archive
200805,2008,05,00,3,1,old_caged_complete_salvaged_partial,CAGEDEST_052008.7z
200805,2008,05,11,129,15489,old_caged_complete_salvaged_partial,CAGEDEST_052008.7z
200805,2008,05,12,816,3414,old_caged_complete_salvaged_partial,CAGEDEST_052008.7z
200805,2008,05,13,2041,28573,old_caged_complete_salvaged_partial,CAGEDEST_052008.7z
200805,2008,05,14,-299,2125,old_caged_complete_salvaged_partial,CAGEDEST_052008.7z
200805,2008,05,15,2050,41942,old_caged_complete_salvaged_partial,CAGEDEST_052008.7z
200805,2008,05,16,214,3276,old_caged_complete_salvaged_partial,CAGEDEST_052008.7z
200805,2008,05,17,1335,9859,old_caged_complete_salvaged_partial,CAGEDEST_052008.7z
200805,2008,05,21,1705,21227,old_caged_complete_salvaged_partial,CAGEDEST_052008.7z
200805,2008,05,22,1910,10430,old_caged_complete_salvaged_partial,CAGEDEST_052008.7z
200805,2008,05,23,3510,50844,old_caged_complete_salvaged_partial,CAGEDEST_052008.7z
200805,2008,05,24,851,23385,old_caged_complete_salvaged_partial,CAGEDEST_052008.7z
200805,2008,05,25,632,13726,old_caged_complete_salvaged_partial,CAGEDEST_052008.7z
200805,2008,05,26,4361,55745,old_caged_complete_salvaged_partial,CAGEDEST_052008.7z
200805,2008,05,27,-7645,20085,old_caged_complete_salvaged_partial,CAGEDEST_052008.7z
200805,2008,05,28,174,13916,old_caged_complete_salvaged_partial,CAGEDEST_052008.7z
200805,2008,05,29,13619,100579,old_caged_complete_salvaged_partial,CAGEDEST_052008.7z
200805,2008,05,31,37968,326842,old_caged_complete_salvaged_partial,CAGEDEST_052008.7z
200805,2008,05,32,11004,71642,old_caged_complete_salvaged_partial,CAGEDEST_052008.7z
200805,2008,05,33,16195,205805,old_caged_complete_salvaged_partial,CAGEDEST_052008.7z
200805,2008,05,35,5657,91939,old_caged_complete_salvaged_partial,CAGEDEST_052008.7z
200808,2008,08,11,1362,16230,old_caged_complete_salvaged_partial,CAGEDEST_082008.7z
200808,2008,08,12,346,3362,old_caged_complete_salvaged_partial,CAGEDEST_082008.7z
200808,2008,08,13,4634,32780,old_caged_complete_salvaged_partial,CAGEDEST_082008.7z
200808,2008,08,14,-72,2056,old_caged_complete_salvaged_partial,CAGEDEST_082008.7z
200808,2008,08,15,5939,49629,old_caged_complete_salvaged_partial,CAGEDEST_082008.7z
200808,2008,08,16,384,4428,old_caged_complete_salvaged_partial,CAGEDEST_082008.7z
200808,2008,08,17,351,9745,old_caged_complete_salvaged_partial,CAGEDEST_082008.7z
200808,2008,08,21,4815,24515,old_caged_complete_salvaged_partial,CAGEDEST_082008.7z
200808,2008,08,22,2118,12506,old_caged_complete_salvaged_partial,CAGEDEST_082008.7z
200808,2008,08,23,9947,57273,old_caged_complete_salvaged_partial,CAGEDEST_082008.7z
200808,2008,08,24,7160,31476,old_caged_complete_salvaged_partial,CAGEDEST_082008.7z
200808,2008,08,25,8191,22427,old_caged_complete_salvaged_partial,CAGEDEST_082008.7z
200808,2008,08,26,13367,65683,old_caged_complete_salvaged_partial,CAGEDEST_082008.7z
200808,2008,08,27,1506,14520,old_caged_complete_salvaged_partial,CAGEDEST_082008.7z
200808,2008,08,28,2414,14072,old_caged_complete_salvaged_partial,CAGEDEST_082008.7z
200808,2008,08,29,4793,103319,old_caged_complete_salvaged_partial,CAGEDEST_082008.7z
200808,2008,08,31,19770,352560,old_caged_complete_salvaged_partial,CAGEDEST_082008.7z
200808,2008,08,32,3520,64290,old_caged_complete_salvaged_partial,CAGEDEST_082008.7z
200808,2008,08,33,17565,218189,old_caged_complete_salvaged_partial,CAGEDEST_082008.7z
200808,2008,08,35,83591,865751,old_caged_complete_salvaged_partial,CAGEDEST_082008.7z
200808,2008,08,41,4211,71655,old_caged_complete_salvaged_partial,CAGEDEST_082008.7z
200906,2009,06,11,2972,19518,old_caged_complete_salvaged_partial,CAGEDEST_062009.7z
200906,2009,06,12,512,4190,old_caged_complete_salvaged_partial,CAGEDEST_062009.7z
200906,2009,06,13,984,25602,old_caged_complete_salvaged_partial,CAGEDEST_062009.7z
200906,2009,06,14,-7,2085,old_caged_complete_salvaged_partial,CAGEDEST_062009.7z
200906,2009,06,15,1057,41595,old_caged_complete_salvaged_partial,CAGEDEST_062009.7z
200906,2009,06,16,-176,3456,old_caged_complete_salvaged_partial,CAGEDEST_062009.7z
200906,2009,06,17,203,10385,old_caged_complete_salvaged_partial,CAGEDEST_062009.7z
200906,2009,06,21,-1163,24103,old_caged_complete_salvaged_partial,CAGEDEST_062009.7z
200906,2009,06,22,2236,12636,old_caged_complete_salvaged_partial,CAGEDEST_062009.7z
200906,2009,06,23,5752,58962,old_caged_complete_salvaged_partial,CAGEDEST_062009.7z
200906,2009,06,24,736,22554,old_caged_complete_salvaged_partial,CAGEDEST_062009.7z
200906,2009,06,25,844,15148,old_caged_complete_salvaged_partial,CAGEDEST_062009.7z
200906,2009,06,26,9790,63970,old_caged_complete_salvaged_partial,CAGEDEST_062009.7z
200906,2009,06,27,26,13344,old_caged_complete_salvaged_partial,CAGEDEST_062009.7z
200906,2009,06,28,730,13590,old_caged_complete_salvaged_partial,CAGEDEST_062009.7z
200906,2009,06,29,6119,99217,old_caged_complete_salvaged_partial,CAGEDEST_062009.7z
200906,2009,06,31,45596,348284,old_caged_complete_salvaged_partial,CAGEDEST_062009.7z
200906,2009,06,32,-6651,67787,old_caged_complete_salvaged_partial,CAGEDEST_062009.7z
200906,2009,06,33,5455,219765,old_caged_complete_salvaged_partial,CAGEDEST_062009.7z
200906,2009,06,35,19200,601912,old_caged_complete_salvaged_partial,CAGEDEST_062009.7z
200908,2009,08,11,3401,20239,old_caged_complete_salvaged_partial,CAGEDEST_082009.7z
200908,2009,08,12,841,4155,old_caged_complete_salvaged_partial,CAGEDEST_082009.7z
200908,2009,08,13,6549,30381,old_caged_complete_salvaged_partial,CAGEDEST_082009.7z
200908,2009,08,14,144,2244,old_caged_complete_salvaged_partial,CAGEDEST_082009.7z
200908,2009,08,15,7204,45388,old_caged_complete_salvaged_partial,CAGEDEST_082009.7z
200908,2009,08,16,343,3591,old_caged_complete_salvaged_partial,CAGEDEST_082009.7z
200908,2009,08,17,191,9619,old_caged_complete_salvaged_partial,CAGEDEST_082009.7z
200908,2009,08,20,60267,1,old_caged_complete_salvaged_partial,CAGEDEST_082009.7z
200908,2009,08,21,1998,26800,old_caged_complete_salvaged_partial,CAGEDEST_082009.7z
200908,2009,08,22,2765,13867,old_caged_complete_salvaged_partial,CAGEDEST_082009.7z
200908,2009,08,23,13790,64744,old_caged_complete_salvaged_partial,CAGEDEST_082009.7z
200908,2009,08,24,6776,29128,old_caged_complete_salvaged_partial,CAGEDEST_082009.7z
200908,2009,08,25,6799,21723,old_caged_complete_salvaged_partial,CAGEDEST_082009.7z
200908,2009,08,26,18990,77368,old_caged_complete_salvaged_partial,CAGEDEST_082009.7z
200908,2009,08,27,1278,14142,old_caged_complete_salvaged_partial,CAGEDEST_082009.7z
200908,2009,08,28,2270,14274,old_caged_complete_salvaged_partial,CAGEDEST_082009.7z
200908,2009,08,29,11085,106713,old_caged_complete_salvaged_partial,CAGEDEST_082009.7z
200908,2009,08,31,8613,350447,old_caged_complete_salvaged_partial,CAGEDEST_082009.7z
200908,2009,08,32,3648,58380,old_caged_complete_salvaged_partial,CAGEDEST_082009.7z
200908,2009,08,33,15841,218315,old_caged_complete_salvaged_partial,CAGEDEST_082009.7z
200908,2009,08,35,59841,549035,old_caged_complete_salvaged_partial,CAGEDEST_082009.7z
200910,2009,10,11,2893,20725,old_caged_complete_salvaged_partial,CAGEDEST_102009.7z
200910,2009,10,12,139,3683,old_caged_complete_salvaged_partial,CAGEDEST_102009.7z
200910,2009,10,13,4698,31240,old_caged_complete_salvaged_partial,CAGEDEST_102009.7z
200910,2009,10,14,374,2444,old_caged_complete_salvaged_partial,CAGEDEST_102009.7z
200910,2009,10,15,5628,43274,old_caged_complete_salvaged_partial,CAGEDEST_102009.7z
200910,2009,10,16,114,3920,old_caged_complete_salvaged_partial,CAGEDEST_102009.7z
200910,2009,10,17,-48,564,old_caged_complete_salvaged_partial,CAGEDEST_102009.7z
200911,2009,11,11,1965,19777,old_caged_complete_salvaged_partial,CAGEDEST_112009.7z
200911,2009,11,12,94,4152,old_caged_complete_salvaged_partial,CAGEDEST_112009.7z
200911,2009,11,13,2121,26943,old_caged_complete_salvaged_partial,CAGEDEST_112009.7z
200911,2009,11,14,211,1983,old_caged_complete_salvaged_partial,CAGEDEST_112009.7z
200911,2009,11,15,3681,41807,old_caged_complete_salvaged_partial,CAGEDEST_112009.7z
200911,2009,11,16,223,3185,old_caged_complete_salvaged_partial,CAGEDEST_112009.7z
200911,2009,11,17,294,9226,old_caged_complete_salvaged_partial,CAGEDEST_112009.7z
200911,2009,11,21,2730,22982,old_caged_complete_salvaged_partial,CAGEDEST_112009.7z
200911,2009,11,22,2791,13695,old_caged_complete_salvaged_partial,CAGEDEST_112009.7z
200911,2009,11,23,12296,60416,old_caged_complete_salvaged_partial,CAGEDEST_112009.7z
200911,2009,11,24,4345,24057,old_caged_complete_salvaged_partial,CAGEDEST_112009.7z
200911,2009,11,25,2871,15409,old_caged_complete_salvaged_partial,CAGEDEST_112009.7z
200911,2009,11,26,11769,71195,old_caged_complete_salvaged_partial,CAGEDEST_112009.7z
200911,2009,11,27,2100,15172,old_caged_complete_salvaged_partial,CAGEDEST_112009.7z
200911,2009,11,28,2991,13735,old_caged_complete_salvaged_partial,CAGEDEST_112009.7z
200911,2009,11,29,13241,102069,old_caged_complete_salvaged_partial,CAGEDEST_112009.7z
200911,2009,11,31,24979,306789,old_caged_complete_salvaged_partial,CAGEDEST_112009.7z
200911,2009,11,32,1263,19167,old_caged_complete_salvaged_partial,CAGEDEST_112009.7z
201005,2010,05,27,1196,16022,old_caged_complete_salvaged_partial,CAGEDEST_052010.7z
201005,2010,05,28,892,15538,old_caged_complete_salvaged_partial,CAGEDEST_052010.7z
201005,2010,05,29,16301,121461,old_caged_complete_salvaged_partial,CAGEDEST_052010.7z
201005,2010,05,31,60873,391145,old_caged_complete_salvaged_partial,CAGEDEST_052010.7z
201005,2010,05,32,7754,80542,old_caged_complete_salvaged_partial,CAGEDEST_052010.7z
201005,2010,05,33,22250,249788,old_caged_complete_salvaged_partial,CAGEDEST_052010.7z
201005,2010,05,35,6571,67621,old_caged_complete_salvaged_partial,CAGEDEST_052010.7z
201005,2010,05,41,19131,221019,old_caged_complete_salvaged_partial,CAGEDEST_052010.7z
201005,2010,05,42,5438,172848,old_caged_complete_salvaged_partial,CAGEDEST_052010.7z
201005,2010,05,43,9511,215513,old_caged_complete_salvaged_partial,CAGEDEST_052010.7z
201005,2010,05,50,2671,40993,old_caged_complete_salvaged_partial,CAGEDEST_052010.7z
201005,2010,05,51,664,59222,old_caged_complete_salvaged_partial,CAGEDEST_052010.7z
201005,2010,05,52,10254,103162,old_caged_complete_salvaged_partial,CAGEDEST_052010.7z
201005,2010,05,53,3085,53573,old_caged_complete_salvaged_partial,CAGEDEST_052010.7z
201006,2010,06,32,-1649,76355,old_caged_complete_salvaged_partial,CAGEDEST_062010.7z
201006,2010,06,33,16337,243767,old_caged_complete_salvaged_partial,CAGEDEST_062010.7z
201006,2010,06,35,70265,961119,old_caged_complete_salvaged_partial,CAGEDEST_062010.7z
201006,2010,06,41,10196,218492,old_caged_complete_salvaged_partial,CAGEDEST_062010.7z
201006,2010,06,42,6099,165679,old_caged_complete_salvaged_partial,CAGEDEST_062010.7z
201006,2010,06,43,7865,213859,old_caged_complete_salvaged_partial,CAGEDEST_062010.7z
201006,2010,06,50,3177,40079,old_caged_complete_salvaged_partial,CAGEDEST_062010.7z
201006,2010,06,51,5287,58251,old_caged_complete_salvaged_partial,CAGEDEST_062010.7z
201006,2010,06,52,8073,99699,old_caged_complete_salvaged_partial,CAGEDEST_062010.7z
201006,2010,06,53,757,50019,old_caged_complete_salvaged_partial,CAGEDEST_062010.7z
201007,2010,07,12,379,5069,old_caged_complete_salvaged_partial,CAGEDEST_072010.7z
201007,2010,07,13,2444,32386,old_caged_complete_salvaged_partial,CAGEDEST_072010.7z
201007,2010,07,14,-120,2872,old_caged_complete_salvaged_partial,CAGEDEST_072010.7z
201007,2010,07,15,6093,47373,old_caged_complete_salvaged_partial,CAGEDEST_072010.7z
201007,2010,07,16,-23,3951,old_caged_complete_salvaged_partial,CAGEDEST_072010.7z
201007,2010,07,17,1112,12044,old_caged_complete_salvaged_partial,CAGEDEST_072010.7z
201007,2010,07,21,1088,9178,old_caged_complete_salvaged_partial,CAGEDEST_072010.7z
201007,2010,07,25,2429,20337,old_caged_complete_salvaged_partial,CAGEDEST_072010.7z
201007,2010,07,26,9946,77418,old_caged_complete_salvaged_partial,CAGEDEST_072010.7z
201007,2010,07,27,883,15433,old_caged_complete_salvaged_partial,CAGEDEST_072010.7z
201007,2010,07,28,2228,17084,old_caged_complete_salvaged_partial,CAGEDEST_072010.7z
201007,2010,07,29,8137,121989,old_caged_complete_salvaged_partial,CAGEDEST_072010.7z
201007,2010,07,31,13354,389870,old_caged_complete_salvaged_partial,CAGEDEST_072010.7z
201007,2010,07,32,968,68564,old_caged_complete_salvaged_partial,CAGEDEST_072010.7z
201007,2010,07,33,14086,254030,old_caged_complete_salvaged_partial,CAGEDEST_072010.7z
201007,2010,07,35,62497,937883,old_caged_complete_salvaged_partial,CAGEDEST_072010.7z
201007,2010,07,41,12723,231191,old_caged_complete_salvaged_partial,CAGEDEST_072010.7z
201007,2010,07,42,5194,170194,old_caged_complete_salvaged_partial,CAGEDEST_072010.7z
201007,2010,07,43,9669,212209,old_caged_complete_salvaged_partial,CAGEDEST_072010.7z
201007,2010,07,50,1324,40484,old_caged_complete_salvaged_partial,CAGEDEST_072010.7z
201007,2010,07,51,2916,58554,old_caged_complete_salvaged_partial,CAGEDEST_072010.7z
201007,2010,07,52,6458,102768,old_caged_complete_salvaged_partial,CAGEDEST_072010.7z
201007,2010,07,53,-78,52366,old_caged_complete_salvaged_partial,CAGEDEST_072010.7z
201010,2010,10,33,19571,250925,old_caged_complete_salvaged_partial,CAGEDEST_102010.7z
201010,2010,10,35,7157,344177,old_caged_complete_salvaged_partial,CAGEDEST_102010.7z
201010,2010,10,50,1822,38780,old_caged_complete_salvaged_partial,CAGEDEST_102010.7z
201010,2010,10,51,476,61256,old_caged_complete_salvaged_partial,CAGEDEST_102010.7z
201010,2010,10,52,-2151,108305,old_caged_complete_salvaged_partial,CAGEDEST_102010.7z
201010,2010,10,53,2863,50583,old_caged_complete_salvaged_partial,CAGEDEST_102010.7z
201012,2010,12,00,20,1,old_caged_complete_salvaged_partial,CAGEDEST_122010.7z
201012,2010,12,11,-3078,21862,old_caged_complete_salvaged_partial,CAGEDEST_122010.7z
201012,2010,12,12,-995,4669,old_caged_complete_salvaged_partial,CAGEDEST_122010.7z
201012,2010,12,13,-7187,31029,old_caged_complete_salvaged_partial,CAGEDEST_122010.7z
201012,2010,12,14,-158,2478,old_caged_complete_salvaged_partial,CAGEDEST_122010.7z
201012,2010,12,15,-5628,46186,old_caged_complete_salvaged_partial,CAGEDEST_122010.7z
201012,2010,12,16,-357,3359,old_caged_complete_salvaged_partial,CAGEDEST_122010.7z
201012,2010,12,17,-2579,10751,old_caged_complete_salvaged_partial,CAGEDEST_122010.7z
201012,2010,12,21,-6407,30331,old_caged_complete_salvaged_partial,CAGEDEST_122010.7z
201012,2010,12,22,-1922,14566,old_caged_complete_salvaged_partial,CAGEDEST_122010.7z
201012,2010,12,23,-356,60330,old_caged_complete_salvaged_partial,CAGEDEST_122010.7z
201012,2010,12,24,-3775,27509,old_caged_complete_salvaged_partial,CAGEDEST_122010.7z
201012,2010,12,25,-1555,17829,old_caged_complete_salvaged_partial,CAGEDEST_122010.7z
201012,2010,12,26,-4599,84045,old_caged_complete_salvaged_partial,CAGEDEST_122010.7z
201012,2010,12,27,-250,17230,old_caged_complete_salvaged_partial,CAGEDEST_122010.7z
201012,2010,12,28,-1574,15916,old_caged_complete_salvaged_partial,CAGEDEST_122010.7z
201012,2010,12,29,-17303,115065,old_caged_complete_salvaged_partial,CAGEDEST_122010.7z
201012,2010,12,31,-50797,337495,old_caged_complete_salvaged_partial,CAGEDEST_122010.7z
201012,2010,12,32,-7651,62649,old_caged_complete_salvaged_partial,CAGEDEST_122010.7z
201012,2010,12,33,-10103,249957,old_caged_complete_salvaged_partial,CAGEDEST_122010.7z
201012,2010,12,35,-159579,916751,old_caged_complete_salvaged_partial,CAGEDEST_122010.7z
201012,2010,12,41,-1389,17995,old_caged_complete_salvaged_partial,CAGEDEST_122010.7z
201103,2011,03,11,1987,27151,old_caged_complete_salvaged_partial,CAGEDEST_032011.7z
201103,2011,03,12,-841,5385,old_caged_complete_salvaged_partial,CAGEDEST_032011.7z
201103,2011,03,13,3854,34668,old_caged_complete_salvaged_partial,CAGEDEST_032011.7z
201103,2011,03,14,-123,3587,old_caged_complete_salvaged_partial,CAGEDEST_032011.7z
201103,2011,03,15,-1457,52301,old_caged_complete_salvaged_partial,CAGEDEST_032011.7z
201103,2011,03,16,-79,5277,old_caged_complete_salvaged_partial,CAGEDEST_032011.7z
201103,2011,03,17,-510,11384,old_caged_complete_salvaged_partial,CAGEDEST_032011.7z
201103,2011,03,21,-3816,31006,old_caged_complete_salvaged_partial,CAGEDEST_032011.7z
201103,2011,03,22,-2114,17246,old_caged_complete_salvaged_partial,CAGEDEST_032011.7z
201103,2011,03,23,-583,75711,old_caged_complete_salvaged_partial,CAGEDEST_032011.7z
201103,2011,03,24,-1048,28744,old_caged_complete_salvaged_partial,CAGEDEST_032011.7z
201103,2011,03,25,-3126,24330,old_caged_complete_salvaged_partial,CAGEDEST_032011.7z
201103,2011,03,26,-7205,93227,old_caged_complete_salvaged_partial,CAGEDEST_032011.7z
201103,2011,03,27,-15786,33506,old_caged_complete_salvaged_partial,CAGEDEST_032011.7z
201103,2011,03,28,-729,18523,old_caged_complete_salvaged_partial,CAGEDEST_032011.7z
201103,2011,03,29,2758,122898,old_caged_complete_salvaged_partial,CAGEDEST_032011.7z
201103,2011,03,31,11576,392906,old_caged_complete_salvaged_partial,CAGEDEST_032011.7z
201103,2011,03,32,-204,68638,old_caged_complete_salvaged_partial,CAGEDEST_032011.7z
201103,2011,03,33,2835,271613,old_caged_complete_salvaged_partial,CAGEDEST_032011.7z
201103,2011,03,35,29485,562581,old_caged_complete_salvaged_partial,CAGEDEST_032011.7z
201205,2012,05,31,32684,412572,old_caged_complete_salvaged_partial,CAGEDEST_052012.7z
201205,2012,05,32,4538,84022,old_caged_complete_salvaged_partial,CAGEDEST_052012.7z
201205,2012,05,33,12030,291376,old_caged_complete_salvaged_partial,CAGEDEST_052012.7z
201205,2012,05,35,28207,588225,old_caged_complete_salvaged_partial,CAGEDEST_052012.7z
201205,2012,05,41,11738,249744,old_caged_complete_salvaged_partial,CAGEDEST_052012.7z
201205,2012,05,42,1507,191015,old_caged_complete_salvaged_partial,CAGEDEST_052012.7z
201205,2012,05,43,-3332,242700,old_caged_complete_salvaged_partial,CAGEDEST_052012.7z
201205,2012,05,50,3222,44664,old_caged_complete_salvaged_partial,CAGEDEST_052012.7z
201205,2012,05,51,2141,70237,old_caged_complete_salvaged_partial,CAGEDEST_052012.7z
201205,2012,05,52,8013,117105,old_caged_complete_salvaged_partial,CAGEDEST_052012.7z
201205,2012,05,53,97,59261,old_caged_complete_salvaged_partial,CAGEDEST_052012.7z
201206,2012,06,15,6050,62138,old_caged_complete_salvaged_partial,CAGEDEST_062012.7z
201206,2012,06,16,243,5517,old_caged_complete_salvaged_partial,CAGEDEST_062012.7z
201206,2012,06,17,187,11869,old_caged_complete_salvaged_partial,CAGEDEST_062012.7z
201206,2012,06,21,1865,34773,old_caged_complete_salvaged_partial,CAGEDEST_062012.7z
201206,2012,06,22,1588,17752,old_caged_complete_salvaged_partial,CAGEDEST_062012.7z
201206,2012,06,23,3926,78756,old_caged_complete_salvaged_partial,CAGEDEST_062012.7z
201206,2012,06,24,1631,30101,old_caged_complete_salvaged_partial,CAGEDEST_062012.7z
201206,2012,06,25,1506,21512,old_caged_complete_salvaged_partial,CAGEDEST_062012.7z
201206,2012,06,26,10485,95353,old_caged_complete_salvaged_partial,CAGEDEST_062012.7z
201206,2012,06,27,97,19539,old_caged_complete_salvaged_partial,CAGEDEST_062012.7z
201206,2012,06,28,1097,18643,old_caged_complete_salvaged_partial,CAGEDEST_062012.7z
201206,2012,06,29,241,127679,old_caged_complete_salvaged_partial,CAGEDEST_062012.7z
201206,2012,06,31,38484,419806,old_caged_complete_salvaged_partial,CAGEDEST_062012.7z
201206,2012,06,32,-5406,81256,old_caged_complete_salvaged_partial,CAGEDEST_062012.7z
201206,2012,06,33,5179,120183,old_caged_complete_salvaged_partial,CAGEDEST_062012.7z
201206,2012,06,53,253,61019,old_caged_complete_salvaged_partial,CAGEDEST_062012.7z
201208,2012,08,11,821,26723,old_caged_complete_salvaged_partial,CAGEDEST_082012.7z
201208,2012,08,12,458,5218,old_caged_complete_salvaged_partial,CAGEDEST_082012.7z
201208,2012,08,13,1247,36371,old_caged_complete_salvaged_partial,CAGEDEST_082012.7z
201208,2012,08,14,381,3407,old_caged_complete_salvaged_partial,CAGEDEST_082012.7z
201208,2012,08,15,2228,61018,old_caged_complete_salvaged_partial,CAGEDEST_082012.7z
201208,2012,08,16,1016,5914,old_caged_complete_salvaged_partial,CAGEDEST_082012.7z
201208,2012,08,17,319,13403,old_caged_complete_salvaged_partial,CAGEDEST_082012.7z
201208,2012,08,21,1434,36050,old_caged_complete_salvaged_partial,CAGEDEST_082012.7z
201208,2012,08,22,1083,18415,old_caged_complete_salvaged_partial,CAGEDEST_082012.7z
201208,2012,08,23,5097,85529,old_caged_complete_salvaged_partial,CAGEDEST_082012.7z
201208,2012,08,24,2699,33361,old_caged_complete_salvaged_partial,CAGEDEST_082012.7z
201208,2012,08,25,7851,32041,old_caged_complete_salvaged_partial,CAGEDEST_082012.7z
201208,2012,08,26,9218,101966,old_caged_complete_salvaged_partial,CAGEDEST_082012.7z
201208,2012,08,27,25,20737,old_caged_complete_salvaged_partial,CAGEDEST_082012.7z
201208,2012,08,28,1769,20639,old_caged_complete_salvaged_partial,CAGEDEST_082012.7z
201208,2012,08,29,442,134778,old_caged_complete_salvaged_partial,CAGEDEST_082012.7z
201208,2012,08,31,-2787,430617,old_caged_complete_salvaged_partial,CAGEDEST_082012.7z
201208,2012,08,32,-501,76395,old_caged_complete_salvaged_partial,CAGEDEST_082012.7z
201208,2012,08,33,9628,305932,old_caged_complete_salvaged_partial,CAGEDEST_082012.7z
201208,2012,08,35,17415,796279,old_caged_complete_salvaged_partial,CAGEDEST_082012.7z
201210,2012,10,26,3600,102852,old_caged_complete_salvaged_partial,CAGEDEST_102012.7z
201210,2012,10,27,5419,22471,old_caged_complete_salvaged_partial,CAGEDEST_102012.7z
201210,2012,10,28,3139,22945,old_caged_complete_salvaged_partial,CAGEDEST_102012.7z
201210,2012,10,29,-4886,130568,old_caged_complete_salvaged_partial,CAGEDEST_102012.7z
201210,2012,10,31,-2279,100635,old_caged_complete_salvaged_partial,CAGEDEST_102012.7z
201210,2012,10,53,-620,54340,old_caged_complete_salvaged_partial,CAGEDEST_102012.7z
201301,2013,01,11,-1042,24660,old_caged_complete_salvaged_partial,CAGEDEST_012013.7z
201301,2013,01,12,-503,5323,old_caged_complete_salvaged_partial,CAGEDEST_012013.7z
201301,2013,01,13,14,34372,old_caged_complete_salvaged_partial,CAGEDEST_012013.7z
201301,2013,01,14,-1051,4635,old_caged_complete_salvaged_partial,CAGEDEST_012013.7z
201301,2013,01,15,-3006,61102,old_caged_complete_salvaged_partial,CAGEDEST_012013.7z
201301,2013,01,16,-29,5797,old_caged_complete_salvaged_partial,CAGEDEST_012013.7z
201301,2013,01,17,122,11488,old_caged_complete_salvaged_partial,CAGEDEST_012013.7z
201301,2013,01,21,-3233,34277,old_caged_complete_salvaged_partial,CAGEDEST_012013.7z
201301,2013,01,22,-1028,17780,old_caged_complete_salvaged_partial,CAGEDEST_012013.7z
201301,2013,01,23,-4700,87890,old_caged_complete_salvaged_partial,CAGEDEST_012013.7z
201301,2013,01,24,-3265,34179,old_caged_complete_salvaged_partial,CAGEDEST_012013.7z
201301,2013,01,25,-2698,28520,old_caged_complete_salvaged_partial,CAGEDEST_012013.7z
201301,2013,01,26,-4172,25424,old_caged_complete_salvaged_partial,CAGEDEST_012013.7z
201310,2013,10,11,-547,25337,old_caged_complete_salvaged_partial,CAGEDEST_102013.7z
201310,2013,10,12,-9,4725,old_caged_complete_salvaged_partial,CAGEDEST_102013.7z
201310,2013,10,13,4440,38768,old_caged_complete_salvaged_partial,CAGEDEST_102013.7z
201310,2013,10,14,-145,2961,old_caged_complete_salvaged_partial,CAGEDEST_102013.7z
201310,2013,10,15,2486,66118,old_caged_complete_salvaged_partial,CAGEDEST_102013.7z
201310,2013,10,16,291,6241,old_caged_complete_salvaged_partial,CAGEDEST_102013.7z
201310,2013,10,17,795,11837,old_caged_complete_salvaged_partial,CAGEDEST_102013.7z
201310,2013,10,21,3563,33879,old_caged_complete_salvaged_partial,CAGEDEST_102013.7z
201310,2013,10,22,2604,17684,old_caged_complete_salvaged_partial,CAGEDEST_102013.7z
201310,2013,10,23,6789,89407,old_caged_complete_salvaged_partial,CAGEDEST_102013.7z
201310,2013,10,24,788,32806,old_caged_complete_salvaged_partial,CAGEDEST_102013.7z
201310,2013,10,25,2739,27213,old_caged_complete_salvaged_partial,CAGEDEST_102013.7z
201310,2013,10,26,5324,110044,old_caged_complete_salvaged_partial,CAGEDEST_102013.7z
201310,2013,10,27,15953,33445,old_caged_complete_salvaged_partial,CAGEDEST_102013.7z
201310,2013,10,28,4993,24661,old_caged_complete_salvaged_partial,CAGEDEST_102013.7z
201310,2013,10,29,-2419,142727,old_caged_complete_salvaged_partial,CAGEDEST_102013.7z
201310,2013,10,31,-6296,413596,old_caged_complete_salvaged_partial,CAGEDEST_102013.7z
201310,2013,10,32,2545,75199,old_caged_complete_salvaged_partial,CAGEDEST_102013.7z
201310,2013,10,33,25363,25363,old_caged_complete_salvaged_partial,CAGEDEST_102013.7z
201310,2013,10,53,315,61335,old_caged_complete_salvaged_partial,CAGEDEST_102013.7z
201403,2014,03,12,-872,4278,old_caged_complete_salvaged_partial,CAGEDEST_032014.7z
201403,2014,03,13,-472,33490,old_caged_complete_salvaged_partial,CAGEDEST_032014.7z
201403,2014,03,14,253,3775,old_caged_complete_salvaged_partial,CAGEDEST_032014.7z
201403,2014,03,15,-1137,60539,old_caged_complete_salvaged_partial,CAGEDEST_032014.7z
201403,2014,03,16,-1306,6024,old_caged_complete_salvaged_partial,CAGEDEST_032014.7z
201403,2014,03,17,4,12014,old_caged_complete_salvaged_partial,CAGEDEST_032014.7z
201403,2014,03,21,-2637,32463,old_caged_complete_salvaged_partial,CAGEDEST_032014.7z
201403,2014,03,22,983,18275,old_caged_complete_salvaged_partial,CAGEDEST_032014.7z
201403,2014,03,23,-2000,79294,old_caged_complete_salvaged_partial,CAGEDEST_032014.7z
201403,2014,03,24,-1297,30915,old_caged_complete_salvaged_partial,CAGEDEST_032014.7z
201403,2014,03,25,-3694,28308,old_caged_complete_salvaged_partial,CAGEDEST_032014.7z
201403,2014,03,26,-7883,91701,old_caged_complete_salvaged_partial,CAGEDEST_032014.7z
201403,2014,03,27,-10132,25884,old_caged_complete_salvaged_partial,CAGEDEST_032014.7z
201403,2014,03,28,-1015,21863,old_caged_complete_salvaged_partial,CAGEDEST_032014.7z
201403,2014,03,29,631,123183,old_caged_complete_salvaged_partial,CAGEDEST_032014.7z
201403,2014,03,31,3701,392883,old_caged_complete_salvaged_partial,CAGEDEST_032014.7z
201403,2014,03,32,-255,73797,old_caged_complete_salvaged_partial,CAGEDEST_032014.7z
201403,2014,03,33,-4333,299927,old_caged_complete_salvaged_partial,CAGEDEST_032014.7z
201403,2014,03,35,19227,1065327,old_caged_complete_salvaged_partial,CAGEDEST_032014.7z
201403,2014,03,41,5940,276904,old_caged_complete_salvaged_partial,CAGEDEST_032014.7z
201403,2014,03,42,3208,127608,old_caged_complete_salvaged_partial,CAGEDEST_032014.7z
201405,2014,05,11,1497,25781,old_caged_complete_salvaged_partial,CAGEDEST_052014.7z
201405,2014,05,12,322,4964,old_caged_complete_salvaged_partial,CAGEDEST_052014.7z
201405,2014,05,13,-2604,37406,old_caged_complete_salvaged_partial,CAGEDEST_052014.7z
201405,2014,05,14,-51,4077,old_caged_complete_salvaged_partial,CAGEDEST_052014.7z
201405,2014,05,15,5204,66780,old_caged_complete_salvaged_partial,CAGEDEST_052014.7z
201405,2014,05,16,-719,5035,old_caged_complete_salvaged_partial,CAGEDEST_052014.7z
201405,2014,05,17,678,13530,old_caged_complete_salvaged_partial,CAGEDEST_052014.7z
201405,2014,05,21,696,34214,old_caged_complete_salvaged_partial,CAGEDEST_052014.7z
201405,2014,05,22,719,19385,old_caged_complete_salvaged_partial,CAGEDEST_052014.7z
201405,2014,05,23,3178,89120,old_caged_complete_salvaged_partial,CAGEDEST_052014.7z
201405,2014,05,24,-406,33788,old_caged_complete_salvaged_partial,CAGEDEST_052014.7z
201405,2014,05,25,313,27391,old_caged_complete_salvaged_partial,CAGEDEST_052014.7z
201405,2014,05,26,-10706,108532,old_caged_complete_salvaged_partial,CAGEDEST_052014.7z
201405,2014,05,27,-8580,24762,old_caged_complete_salvaged_partial,CAGEDEST_052014.7z
201405,2014,05,28,-524,22180,old_caged_complete_salvaged_partial,CAGEDEST_052014.7z
201405,2014,05,29,8205,139603,old_caged_complete_salvaged_partial,CAGEDEST_052014.7z
201405,2014,05,31,22925,424185,old_caged_complete_salvaged_partial,CAGEDEST_052014.7z
201405,2014,05,32,6090,88536,old_caged_complete_salvaged_partial,CAGEDEST_052014.7z
201405,2014,05,33,8424,319188,old_caged_complete_salvaged_partial,CAGEDEST_052014.7z
201409,2014,09,00,9,1,old_caged_complete_salvaged_partial,CAGEDEST_092014.7z
201409,2014,09,11,-917,25027,old_caged_complete_salvaged_partial,CAGEDEST_092014.7z
201409,2014,09,12,-90,4618,old_caged_complete_salvaged_partial,CAGEDEST_092014.7z
201409,2014,09,13,671,33851,old_caged_complete_salvaged_partial,CAGEDEST_092014.7z
201409,2014,09,14,717,4029,old_caged_complete_salvaged_partial,CAGEDEST_092014.7z
201409,2014,09,15,4790,63136,old_caged_complete_salvaged_partial,CAGEDEST_092014.7z
201409,2014,09,16,263,5221,old_caged_complete_salvaged_partial,CAGEDEST_092014.7z
201409,2014,09,17,574,14472,old_caged_complete_salvaged_partial,CAGEDEST_092014.7z
201409,2014,09,21,3552,31962,old_caged_complete_salvaged_partial,CAGEDEST_092014.7z
201409,2014,09,22,-401,20685,old_caged_complete_salvaged_partial,CAGEDEST_092014.7z
201409,2014,09,23,10111,91135,old_caged_complete_salvaged_partial,CAGEDEST_092014.7z
201409,2014,09,24,3646,31888,old_caged_complete_salvaged_partial,CAGEDEST_092014.7z
201409,2014,09,25,2606,26786,old_caged_complete_salvaged_partial,CAGEDEST_092014.7z
201409,2014,09,26,21971,108201,old_caged_complete_salvaged_partial,CAGEDEST_092014.7z
201409,2014,09,27,13748,31592,old_caged_complete_salvaged_partial,CAGEDEST_092014.7z
201409,2014,09,28,4633,23315,old_caged_complete_salvaged_partial,CAGEDEST_092014.7z
201409,2014,09,29,3163,134361,old_caged_complete_salvaged_partial,CAGEDEST_092014.7z
201409,2014,09,31,-840,395840,old_caged_complete_salvaged_partial,CAGEDEST_092014.7z
201409,2014,09,32,4073,72807,old_caged_complete_salvaged_partial,CAGEDEST_092014.7z
201409,2014,09,33,12686,298058,old_caged_complete_salvaged_partial,CAGEDEST_092014.7z
201409,2014,09,35,11343,999585,old_caged_complete_salvaged_partial,CAGEDEST_092014.7z
201409,2014,09,41,11547,253991,old_caged_complete_salvaged_partial,CAGEDEST_092014.7z
201409,2014,09,42,1686,65994,old_caged_complete_salvaged_partial,CAGEDEST_092014.7z
201412,2014,12,11,-3503,19899,old_caged_complete_salvaged_partial,CAGEDEST_122014.7z
201412,2014,12,12,-685,4417,old_caged_complete_salvaged_partial,CAGEDEST_122014.7z
201412,2014,12,13,-5122,27860,old_caged_complete_salvaged_partial,CAGEDEST_122014.7z
201412,2014,12,14,-300,3698,old_caged_complete_salvaged_partial,CAGEDEST_122014.7z
201412,2014,12,15,-16974,57564,old_caged_complete_salvaged_partial,CAGEDEST_122014.7z
201412,2014,12,16,-1547,5195,old_caged_complete_salvaged_partial,CAGEDEST_122014.7z
201412,2014,12,17,-3337,11429,old_caged_complete_salvaged_partial,CAGEDEST_122014.7z
201412,2014,12,21,-5809,28641,old_caged_complete_salvaged_partial,CAGEDEST_122014.7z
201412,2014,12,22,-2156,17392,old_caged_complete_salvaged_partial,CAGEDEST_122014.7z
201412,2014,12,23,-4201,71321,old_caged_complete_salvaged_partial,CAGEDEST_122014.7z
201412,2014,12,24,-2984,28920,old_caged_complete_salvaged_partial,CAGEDEST_122014.7z
201412,2014,12,25,-1520,23812,old_caged_complete_salvaged_partial,CAGEDEST_122014.7z
201412,2014,12,26,-11495,54217,old_caged_complete_salvaged_partial,CAGEDEST_122014.7z
201501,2015,01,11,-1687,23017,old_caged_complete_salvaged_partial,CAGEDEST_012015.7z
201501,2015,01,12,-466,4774,old_caged_complete_salvaged_partial,CAGEDEST_012015.7z
201501,2015,01,13,-2074,28232,old_caged_complete_salvaged_partial,CAGEDEST_012015.7z
201503,2015,03,11,-621,23001,old_caged_complete_salvaged_partial,CAGEDEST_032015.7z
201503,2015,03,12,-500,4436,old_caged_complete_salvaged_partial,CAGEDEST_032015.7z
201503,2015,03,13,-1632,31894,old_caged_complete_salvaged_partial,CAGEDEST_032015.7z
201503,2015,03,14,-149,4255,old_caged_complete_salvaged_partial,CAGEDEST_032015.7z
201503,2015,03,15,-2662,57104,old_caged_complete_salvaged_partial,CAGEDEST_032015.7z
201503,2015,03,16,-669,4179,old_caged_complete_salvaged_partial,CAGEDEST_032015.7z
201503,2015,03,17,23,14001,old_caged_complete_salvaged_partial,CAGEDEST_032015.7z
201503,2015,03,21,-659,32175,old_caged_complete_salvaged_partial,CAGEDEST_032015.7z
201503,2015,03,22,1016,20506,old_caged_complete_salvaged_partial,CAGEDEST_032015.7z
201503,2015,03,23,-357,83759,old_caged_complete_salvaged_partial,CAGEDEST_032015.7z
201503,2015,03,24,-171,29965,old_caged_complete_salvaged_partial,CAGEDEST_032015.7z
201503,2015,03,25,-5691,31113,old_caged_complete_salvaged_partial,CAGEDEST_032015.7z
201503,2015,03,26,-7425,59219,old_caged_complete_salvaged_partial,CAGEDEST_032015.7z
201507,2015,07,11,-713,23155,old_caged_complete_salvaged_partial,CAGEDEST_072015.7z
201507,2015,07,12,-83,4555,old_caged_complete_salvaged_partial,CAGEDEST_072015.7z
201507,2015,07,13,-2722,28602,old_caged_complete_salvaged_partial,CAGEDEST_072015.7z
201507,2015,07,14,-153,4249,old_caged_complete_salvaged_partial,CAGEDEST_072015.7z
201507,2015,07,15,2634,55148,old_caged_complete_salvaged_partial,CAGEDEST_072015.7z
201507,2015,07,16,-224,4366,old_caged_complete_salvaged_partial,CAGEDEST_072015.7z
201507,2015,07,17,-763,13089,old_caged_complete_salvaged_partial,CAGEDEST_072015.7z
201507,2015,07,21,2121,32565,old_caged_complete_salvaged_partial,CAGEDEST_072015.7z
201507,2015,07,22,-448,19162,old_caged_complete_salvaged_partial,CAGEDEST_072015.7z
201507,2015,07,23,-1027,80797,old_caged_complete_salvaged_partial,CAGEDEST_072015.7z
201511,2015,11,11,-2937,20059,old_caged_complete_salvaged_partial,CAGEDEST_112015.7z
201511,2015,11,12,-754,4404,old_caged_complete_salvaged_partial,CAGEDEST_112015.7z
201511,2015,11,13,-3249,22833,old_caged_complete_salvaged_partial,CAGEDEST_112015.7z
201511,2015,11,14,87,3567,old_caged_complete_salvaged_partial,CAGEDEST_112015.7z
201511,2015,11,15,-7940,52968,old_caged_complete_salvaged_partial,CAGEDEST_112015.7z
201511,2015,11,16,163,3777,old_caged_complete_salvaged_partial,CAGEDEST_112015.7z
201511,2015,11,17,-1202,11506,old_caged_complete_salvaged_partial,CAGEDEST_112015.7z
201511,2015,11,21,-3235,26149,old_caged_complete_salvaged_partial,CAGEDEST_112015.7z
201511,2015,11,22,-680,18594,old_caged_complete_salvaged_partial,CAGEDEST_112015.7z
201511,2015,11,23,-3919,73753,old_caged_complete_salvaged_partial,CAGEDEST_112015.7z
201511,2015,11,24,-435,24609,old_caged_complete_salvaged_partial,CAGEDEST_112015.7z
201511,2015,11,25,-92,20426,old_caged_complete_salvaged_partial,CAGEDEST_112015.7z
201511,2015,11,26,-5437,57686,old_caged_complete_salvaged_partial,CAGEDEST_112015.7z
201603,2016,03,11,-546,19376,old_caged_complete_salvaged_partial,CAGEDEST_032016.7z
201603,2016,03,12,-638,4288,old_caged_complete_salvaged_partial,CAGEDEST_032016.7z
201603,2016,03,13,-3591,23603,old_caged_complete_salvaged_partial,CAGEDEST_032016.7z
201603,2016,03,14,220,3918,old_caged_complete_salvaged_partial,CAGEDEST_032016.7z
201603,2016,03,15,-5296,48784,old_caged_complete_salvaged_partial,CAGEDEST_032016.7z
201603,2016,03,16,-521,3341,old_caged_complete_salvaged_partial,CAGEDEST_032016.7z
201603,2016,03,17,-334,11560,old_caged_complete_salvaged_partial,CAGEDEST_032016.7z
201603,2016,03,21,-2307,26679,old_caged_complete_salvaged_partial,CAGEDEST_032016.7z
201603,2016,03,22,-1137,16299,old_caged_complete_salvaged_partial,CAGEDEST_032016.7z
201603,2016,03,23,-4701,77181,old_caged_complete_salvaged_partial,CAGEDEST_032016.7z
201603,2016,03,24,-2383,26277,old_caged_complete_salvaged_partial,CAGEDEST_032016.7z
201603,2016,03,25,-3856,24754,old_caged_complete_salvaged_partial,CAGEDEST_032016.7z
201603,2016,03,26,-11383,72105,old_caged_complete_salvaged_partial,CAGEDEST_032016.7z
201603,2016,03,27,-9872,23340,old_caged_complete_salvaged_partial,CAGEDEST_032016.7z
201603,2016,03,28,-5827,20353,old_caged_complete_salvaged_partial,CAGEDEST_032016.7z
201603,2016,03,29,-4803,105979,old_caged_complete_salvaged_partial,CAGEDEST_032016.7z
201603,2016,03,31,-7979,303995,old_caged_complete_salvaged_partial,CAGEDEST_032016.7z
201603,2016,03,32,-3668,58588,old_caged_complete_salvaged_partial,CAGEDEST_032016.7z
201603,2016,03,33,-13741,252737,old_caged_complete_salvaged_partial,CAGEDEST_032016.7z
201603,2016,03,35,-32616,882110,old_caged_complete_salvaged_partial,CAGEDEST_032016.7z
201603,2016,03,41,-3855,214181,old_caged_complete_salvaged_partial,CAGEDEST_032016.7z
201603,2016,03,42,-2523,135767,old_caged_complete_salvaged_partial,CAGEDEST_032016.7z
201605,2016,05,11,-823,17477,old_caged_complete_salvaged_partial,CAGEDEST_052016.7z
201605,2016,05,12,147,4255,old_caged_complete_salvaged_partial,CAGEDEST_052016.7z
201605,2016,05,13,-924,20718,old_caged_complete_salvaged_partial,CAGEDEST_052016.7z
201605,2016,05,14,-43,3335,old_caged_complete_salvaged_partial,CAGEDEST_052016.7z
201605,2016,05,15,-2913,46089,old_caged_complete_salvaged_partial,CAGEDEST_052016.7z
201605,2016,05,16,-918,3694,old_caged_complete_salvaged_partial,CAGEDEST_052016.7z
201605,2016,05,17,-307,10579,old_caged_complete_salvaged_partial,CAGEDEST_052016.7z
201605,2016,05,21,-196,24844,old_caged_complete_salvaged_partial,CAGEDEST_052016.7z
201605,2016,05,22,-1043,15201,old_caged_complete_salvaged_partial,CAGEDEST_052016.7z
201605,2016,05,23,-2906,72204,old_caged_complete_salvaged_partial,CAGEDEST_052016.7z
201605,2016,05,24,-2100,23596,old_caged_complete_salvaged_partial,CAGEDEST_052016.7z
201605,2016,05,25,-2031,19577,old_caged_complete_salvaged_partial,CAGEDEST_052016.7z
201605,2016,05,26,-3443,60981,old_caged_complete_salvaged_partial,CAGEDEST_052016.7z
201605,2016,05,27,-813,15645,old_caged_complete_salvaged_partial,CAGEDEST_052016.7z
201605,2016,05,28,-1563,14575,old_caged_complete_salvaged_partial,CAGEDEST_052016.7z
201605,2016,05,29,-6052,95456,old_caged_complete_salvaged_partial,CAGEDEST_052016.7z
201605,2016,05,31,9304,291480,old_caged_complete_salvaged_partial,CAGEDEST_052016.7z
201605,2016,05,32,1226,60418,old_caged_complete_salvaged_partial,CAGEDEST_052016.7z
201605,2016,05,33,-15688,220292,old_caged_complete_salvaged_partial,CAGEDEST_052016.7z
201605,2016,05,35,857,411215,old_caged_complete_salvaged_partial,CAGEDEST_052016.7z
201704,2017,04,11,177,13983,old_caged_complete_salvaged_partial,CAGEDEST_042017.7z
201704,2017,04,12,-329,3213,old_caged_complete_salvaged_partial,CAGEDEST_042017.7z
201704,2017,04,13,-260,18472,old_caged_complete_salvaged_partial,CAGEDEST_042017.7z
201704,2017,04,14,244,2954,old_caged_complete_salvaged_partial,CAGEDEST_042017.7z
201704,2017,04,15,-1297,36591,old_caged_complete_salvaged_partial,CAGEDEST_042017.7z
201704,2017,04,16,216,1986,old_caged_complete_salvaged_partial,CAGEDEST_042017.7z
201704,2017,04,17,110,9562,old_caged_complete_salvaged_partial,CAGEDEST_042017.7z
201704,2017,04,21,-1159,18977,old_caged_complete_salvaged_partial,CAGEDEST_042017.7z
201704,2017,04,22,225,12911,old_caged_complete_salvaged_partial,CAGEDEST_042017.7z
201704,2017,04,23,-675,55995,old_caged_complete_salvaged_partial,CAGEDEST_042017.7z
201704,2017,04,24,-921,22255,old_caged_complete_salvaged_partial,CAGEDEST_042017.7z
201704,2017,04,25,-532,16236,old_caged_complete_salvaged_partial,CAGEDEST_042017.7z
201704,2017,04,26,-1169,52669,old_caged_complete_salvaged_partial,CAGEDEST_042017.7z
201704,2017,04,27,-4008,15778,old_caged_complete_salvaged_partial,CAGEDEST_042017.7z
201704,2017,04,28,-72,11306,old_caged_complete_salvaged_partial,CAGEDEST_042017.7z
201704,2017,04,29,7192,87094,old_caged_complete_salvaged_partial,CAGEDEST_042017.7z
201704,2017,04,31,14818,256380,old_caged_complete_salvaged_partial,CAGEDEST_042017.7z
201704,2017,04,32,3548,44676,old_caged_complete_salvaged_partial,CAGEDEST_042017.7z
201704,2017,04,33,-2554,174838,old_caged_complete_salvaged_partial,CAGEDEST_042017.7z
201704,2017,04,35,22286,362040,old_caged_complete_salvaged_partial,CAGEDEST_042017.7z
201706,2017,06,11,427,16035,old_caged_complete_salvaged_partial,CAGEDEST_062017.7z
201706,2017,06,12,251,3989,old_caged_complete_salvaged_partial,CAGEDEST_062017.7z
201706,2017,06,13,-101,18931,old_caged_complete_salvaged_partial,CAGEDEST_062017.7z
201706,2017,06,14,23,3329,old_caged_complete_salvaged_partial,CAGEDEST_062017.7z
201706,2017,06,15,674,43066,old_caged_complete_salvaged_partial,CAGEDEST_062017.7z
201706,2017,06,16,93,3765,old_caged_complete_salvaged_partial,CAGEDEST_062017.7z
201706,2017,06,17,480,10910,old_caged_complete_salvaged_partial,CAGEDEST_062017.7z
201706,2017,06,21,1531,23011,old_caged_complete_salvaged_partial,CAGEDEST_062017.7z
201706,2017,06,22,712,16288,old_caged_complete_salvaged_partial,CAGEDEST_062017.7z
201706,2017,06,23,133,62301,old_caged_complete_salvaged_partial,CAGEDEST_062017.7z
201706,2017,06,24,453,23435,old_caged_complete_salvaged_partial,CAGEDEST_062017.7z
201706,2017,06,25,238,17264,old_caged_complete_salvaged_partial,CAGEDEST_062017.7z
201706,2017,06,26,2726,58474,old_caged_complete_salvaged_partial,CAGEDEST_062017.7z
201706,2017,06,27,-156,13376,old_caged_complete_salvaged_partial,CAGEDEST_062017.7z
201706,2017,06,28,634,14314,old_caged_complete_salvaged_partial,CAGEDEST_062017.7z
201706,2017,06,29,-1290,88008,old_caged_complete_salvaged_partial,CAGEDEST_062017.7z
201706,2017,06,31,15445,278407,old_caged_complete_salvaged_partial,CAGEDEST_062017.7z
201706,2017,06,32,-1466,50184,old_caged_complete_salvaged_partial,CAGEDEST_062017.7z
201706,2017,06,33,-5689,181715,old_caged_complete_salvaged_partial,CAGEDEST_062017.7z
201706,2017,06,35,983,725031,old_caged_complete_salvaged_partial,CAGEDEST_062017.7z
201706,2017,06,41,-3561,175373,old_caged_complete_salvaged_partial,CAGEDEST_062017.7z
201706,2017,06,42,-1025,125733,old_caged_complete_salvaged_partial,CAGEDEST_062017.7z
201712,2017,12,11,-853,12693,old_caged_complete_salvaged_partial,CAGEDEST_122017.7z
201712,2017,12,12,-392,2930,old_caged_complete_salvaged_partial,CAGEDEST_122017.7z
201712,2017,12,13,-2002,16548,old_caged_complete_salvaged_partial,CAGEDEST_122017.7z
201712,2017,12,14,-229,2793,old_caged_complete_salvaged_partial,CAGEDEST_122017.7z
201712,2017,12,15,-6822,36994,old_caged_complete_salvaged_partial,CAGEDEST_122017.7z
201712,2017,12,16,-410,3022,old_caged_complete_salvaged_partial,CAGEDEST_122017.7z
201712,2017,12,17,-1555,9207,old_caged_complete_salvaged_partial,CAGEDEST_122017.7z
201712,2017,12,21,-987,20421,old_caged_complete_salvaged_partial,CAGEDEST_122017.7z
201712,2017,12,22,-824,11738,old_caged_complete_salvaged_partial,CAGEDEST_122017.7z
201712,2017,12,23,-4563,49443,old_caged_complete_salvaged_partial,CAGEDEST_122017.7z
201712,2017,12,24,-2851,20907,old_caged_complete_salvaged_partial,CAGEDEST_122017.7z
201712,2017,12,25,-1912,16208,old_caged_complete_salvaged_partial,CAGEDEST_122017.7z
201712,2017,12,26,-8314,60194,old_caged_complete_salvaged_partial,CAGEDEST_122017.7z
201712,2017,12,27,-1272,13126,old_caged_complete_salvaged_partial,CAGEDEST_122017.7z
201712,2017,12,28,-1152,11060,old_caged_complete_salvaged_partial,CAGEDEST_122017.7z
201712,2017,12,29,-12457,85537,old_caged_complete_salvaged_partial,CAGEDEST_122017.7z
201712,2017,12,31,78499,122297,old_caged_complete_salvaged_partial,CAGEDEST_122017.7z
201901,2019,01,42,19917,19917,old_caged_complete_salvaged_partial,CAGEDEST_012019.7z
201901,2019,01,51,11524,71360,old_caged_complete_salvaged_partial,CAGEDEST_012019.7z
201901,2019,01,52,3777,96543,old_caged_complete_salvaged_partial,CAGEDEST_012019.7z
201901,2019,01,53,1407,46623,old_caged_complete_salvaged_partial,CAGEDEST_012019.7z
201903,2019,03,35,168405,602491,old_caged_complete_salvaged_partial,CAGEDEST_032019.7z
201903,2019,03,41,-1211,199707,old_caged_complete_salvaged_partial,CAGEDEST_032019.7z
201903,2019,03,42,-2976,179700,old_caged_complete_salvaged_partial,CAGEDEST_032019.7z
201903,2019,03,43,2439,209243,old_caged_complete_salvaged_partial,CAGEDEST_032019.7z
201903,2019,03,50,526,40372,old_caged_complete_salvaged_partial,CAGEDEST_032019.7z
201903,2019,03,51,-4589,64603,old_caged_complete_salvaged_partial,CAGEDEST_032019.7z
201903,2019,03,52,2712,94082,old_caged_complete_salvaged_partial,CAGEDEST_032019.7z
201903,2019,03,53,-355,44429,old_caged_complete_salvaged_partial,CAGEDEST_032019.7z
201908,2019,08,11,1169,18649,old_caged_complete_salvaged_partial,CAGEDEST_082019.7z
201908,2019,08,12,260,4266,old_caged_complete_salvaged_partial,CAGEDEST_082019.7z
201908,2019,08,13,1905,22437,old_caged_complete_salvaged_partial,CAGEDEST_082019.7z
201908,2019,08,14,276,3664,old_caged_complete_salvaged_partial,CAGEDEST_082019.7z
201908,2019,08,15,6111,51163,old_caged_complete_salvaged_partial,CAGEDEST_082019.7z
201908,2019,08,16,71,3261,old_caged_complete_salvaged_partial,CAGEDEST_082019.7z
201908,2019,08,17,818,11794,old_caged_complete_salvaged_partial,CAGEDEST_082019.7z
201908,2019,08,21,1495,25557,old_caged_complete_salvaged_partial,CAGEDEST_082019.7z
201908,2019,08,22,1472,17096,old_caged_complete_salvaged_partial,CAGEDEST_082019.7z
201908,2019,08,23,4525,66153,old_caged_complete_salvaged_partial,CAGEDEST_082019.7z
201908,2019,08,24,3739,26789,old_caged_complete_salvaged_partial,CAGEDEST_082019.7z
201908,2019,08,25,6770,26650,old_caged_complete_salvaged_partial,CAGEDEST_082019.7z
201908,2019,08,26,10431,72237,old_caged_complete_salvaged_partial,CAGEDEST_082019.7z
201908,2019,08,27,3498,20462,old_caged_complete_salvaged_partial,CAGEDEST_082019.7z
201908,2019,08,28,-625,14499,old_caged_complete_salvaged_partial,CAGEDEST_082019.7z
201908,2019,08,29,3392,104964,old_caged_complete_salvaged_partial,CAGEDEST_082019.7z
201908,2019,08,31,5895,306103,old_caged_complete_salvaged_partial,CAGEDEST_082019.7z
201908,2019,08,32,379,56597,old_caged_complete_salvaged_partial,CAGEDEST_082019.7z
201908,2019,08,33,70375,142623,old_caged_complete_salvaged_partial,CAGEDEST_082019.7z
201909,2019,09,00,3,1,old_caged_complete_salvaged_partial,CAGEDEST_092019.7z
201909,2019,09,11,686,17382,old_caged_complete_salvaged_partial,CAGEDEST_092019.7z
201909,2019,09,12,492,4050,old_caged_complete_salvaged_partial,CAGEDEST_092019.7z
201909,2019,09,13,1666,22668,old_caged_complete_salvaged_partial,CAGEDEST_092019.7z
201909,2019,09,14,605,3523,old_caged_complete_salvaged_partial,CAGEDEST_092019.7z
201909,2019,09,15,5297,45661,old_caged_complete_salvaged_partial,CAGEDEST_092019.7z
201909,2019,09,16,182,3356,old_caged_complete_salvaged_partial,CAGEDEST_092019.7z
201909,2019,09,17,424,11304,old_caged_complete_salvaged_partial,CAGEDEST_092019.7z
201909,2019,09,21,1761,24649,old_caged_complete_salvaged_partial,CAGEDEST_092019.7z
201909,2019,09,22,1167,15753,old_caged_complete_salvaged_partial,CAGEDEST_092019.7z
201909,2019,09,23,6323,61267,old_caged_complete_salvaged_partial,CAGEDEST_092019.7z
201909,2019,09,24,2485,24203,old_caged_complete_salvaged_partial,CAGEDEST_092019.7z
201909,2019,09,25,3098,19956,old_caged_complete_salvaged_partial,CAGEDEST_092019.7z
201909,2019,09,26,17630,80010,old_caged_complete_salvaged_partial,CAGEDEST_092019.7z
201909,2019,09,27,16529,30837,old_caged_complete_salvaged_partial,CAGEDEST_092019.7z
201909,2019,09,28,3477,15373,old_caged_complete_salvaged_partial,CAGEDEST_092019.7z
201909,2019,09,29,4565,94569,old_caged_complete_salvaged_partial,CAGEDEST_092019.7z
201909,2019,09,31,3841,296945,old_caged_complete_salvaged_partial,CAGEDEST_092019.7z
201909,2019,09,32,2929,49817,old_caged_complete_salvaged_partial,CAGEDEST_092019.7z
201909,2019,09,33,13957,189479,old_caged_complete_salvaged_partial,CAGEDEST_092019.7z
201909,2019,09,35,36156,760222,old_caged_complete_salvaged_partial,CAGEDEST_092019.7z
201909,2019,09,41,80825,114873,old_caged_complete_salvaged_partial,CAGEDEST_092019.7z
210805,2108,05,35,-1,1,old_caged_complete_salvaged_partial,CAGEDEST_052008.7z
