competencia,year,month,state_abbrev,formal_hiring_balance,n_records,source_series,query_scope
200805,2008,5,AC,816,3414,old_caged_basedosdados_microdados_antigos,failed_months
200805,2008,5,AL,-7645,20085,old_caged_basedosdados_microdados_antigos,failed_months
200805,2008,5,AM,2041,28573,old_caged_basedosdados_microdados_antigos,failed_months
200805,2008,5,AP,214,3276,old_caged_basedosdados_microdados_antigos,failed_months
200805,2008,5,BA,13619,100579,old_caged_basedosdados_microdados_antigos,failed_months
200805,2008,5,CE,3510,50844,old_caged_basedosdados_microdados_antigos,failed_months
200805,2008,5,DF,772,40278,old_caged_basedosdados_microdados_antigos,failed_months
200805,2008,5,ES,11004,71642,old_caged_basedosdados_microdados_antigos,failed_months
200805,2008,5,GO,6482,87134,old_caged_basedosdados_microdados_antigos,failed_months
200805,2008,5,MA,1705,21227,old_caged_basedosdados_microdados_antigos,failed_months
200805,2008,5,MG,37968,326842,old_caged_basedosdados_microdados_antigos,failed_months
200805,2008,5,MS,3326,40366,old_caged_basedosdados_microdados_antigos,failed_months
200805,2008,5,MT,2882,51568,old_caged_basedosdados_microdados_antigos,failed_months
200805,2008,5,PA,2050,41942,old_caged_basedosdados_microdados_antigos,failed_months
200805,2008,5,PB,632,13726,old_caged_basedosdados_microdados_antigos,failed_months
200805,2008,5,PE,4361,55745,old_caged_basedosdados_microdados_antigos,failed_months
200805,2008,5,PI,1910,10430,old_caged_basedosdados_microdados_antigos,failed_months
200805,2008,5,PR,16739,189285,old_caged_basedosdados_microdados_antigos,failed_months
200805,2008,5,RJ,16195,205805,old_caged_basedosdados_microdados_antigos,failed_months
200805,2008,5,RN,851,23385,old_caged_basedosdados_microdados_antigos,failed_months
200805,2008,5,RO,129,15489,old_caged_basedosdados_microdados_antigos,failed_months
200805,2008,5,RR,-299,2125,old_caged_basedosdados_microdados_antigos,failed_months
200805,2008,5,RS,2296,176080,old_caged_basedosdados_microdados_antigos,failed_months
200805,2008,5,SC,4183,145093,old_caged_basedosdados_microdados_antigos,failed_months
200805,2008,5,SE,174,13916,old_caged_basedosdados_microdados_antigos,failed_months
200805,2008,5,SP,75734,827486,old_caged_basedosdados_microdados_antigos,failed_months
200805,2008,5,TO,1335,9859,old_caged_basedosdados_microdados_antigos,failed_months
200808,2008,8,AC,346,3362,old_caged_basedosdados_microdados_antigos,failed_months
200808,2008,8,AL,1506,14520,old_caged_basedosdados_microdados_antigos,failed_months
200808,2008,8,AM,4634,32780,old_caged_basedosdados_microdados_antigos,failed_months
200808,2008,8,AP,384,4428,old_caged_basedosdados_microdados_antigos,failed_months
200808,2008,8,BA,4793,103319,old_caged_basedosdados_microdados_antigos,failed_months
200808,2008,8,CE,9947,57273,old_caged_basedosdados_microdados_antigos,failed_months
200808,2008,8,DF,4266,43596,old_caged_basedosdados_microdados_antigos,failed_months
200808,2008,8,ES,3520,64290,old_caged_basedosdados_microdados_antigos,failed_months
200808,2008,8,GO,6962,87330,old_caged_basedosdados_microdados_antigos,failed_months
200808,2008,8,MA,4815,24515,old_caged_basedosdados_microdados_antigos,failed_months
200808,2008,8,MG,19770,352560,old_caged_basedosdados_microdados_antigos,failed_months
200808,2008,8,MS,1562,39220,old_caged_basedosdados_microdados_antigos,failed_months
200808,2008,8,MT,2971,54991,old_caged_basedosdados_microdados_antigos,failed_months
200808,2008,8,PA,5939,49629,old_caged_basedosdados_microdados_antigos,failed_months
200808,2008,8,PB,8191,22427,old_caged_basedosdados_microdados_antigos,failed_months
200808,2008,8,PE,13367,65683,old_caged_basedosdados_microdados_antigos,failed_months
200808,2008,8,PI,2118,12506,old_caged_basedosdados_microdados_antigos,failed_months
200808,2008,8,PR,14695,201113,old_caged_basedosdados_microdados_antigos,failed_months
200808,2008,8,RJ,17565,218189,old_caged_basedosdados_microdados_antigos,failed_months
200808,2008,8,RN,7160,31476,old_caged_basedosdados_microdados_antigos,failed_months
200808,2008,8,RO,1362,16230,old_caged_basedosdados_microdados_antigos,failed_months
200808,2008,8,RR,-72,2056,old_caged_basedosdados_microdados_antigos,failed_months
200808,2008,8,RS,4814,185656,old_caged_basedosdados_microdados_antigos,failed_months
200808,2008,8,SC,12151,152173,old_caged_basedosdados_microdados_antigos,failed_months
200808,2008,8,SE,2414,14072,old_caged_basedosdados_microdados_antigos,failed_months
200808,2008,8,SP,83591,865751,old_caged_basedosdados_microdados_antigos,failed_months
200808,2008,8,TO,351,9745,old_caged_basedosdados_microdados_antigos,failed_months
200906,2009,6,AC,512,4190,old_caged_basedosdados_microdados_antigos,failed_months
200906,2009,6,AL,26,13344,old_caged_basedosdados_microdados_antigos,failed_months
200906,2009,6,AM,984,25602,old_caged_basedosdados_microdados_antigos,failed_months
200906,2009,6,AP,-176,3456,old_caged_basedosdados_microdados_antigos,failed_months
200906,2009,6,BA,6119,99217,old_caged_basedosdados_microdados_antigos,failed_months
200906,2009,6,CE,5752,58962,old_caged_basedosdados_microdados_antigos,failed_months
200906,2009,6,DF,-3551,52635,old_caged_basedosdados_microdados_antigos,failed_months
200906,2009,6,ES,-6651,67787,old_caged_basedosdados_microdados_antigos,failed_months
200906,2009,6,GO,7348,88702,old_caged_basedosdados_microdados_antigos,failed_months
200906,2009,6,MA,-1163,24103,old_caged_basedosdados_microdados_antigos,failed_months
200906,2009,6,MG,45596,348284,old_caged_basedosdados_microdados_antigos,failed_months
200906,2009,6,MS,1937,35489,old_caged_basedosdados_microdados_antigos,failed_months
200906,2009,6,MT,5453,54437,old_caged_basedosdados_microdados_antigos,failed_months
200906,2009,6,PA,1057,41595,old_caged_basedosdados_microdados_antigos,failed_months
200906,2009,6,PB,844,15148,old_caged_basedosdados_microdados_antigos,failed_months
200906,2009,6,PE,9790,63970,old_caged_basedosdados_microdados_antigos,failed_months
200906,2009,6,PI,2236,12636,old_caged_basedosdados_microdados_antigos,failed_months
200906,2009,6,PR,5964,191306,old_caged_basedosdados_microdados_antigos,failed_months
200906,2009,6,RJ,5455,219765,old_caged_basedosdados_microdados_antigos,failed_months
200906,2009,6,RN,736,22554,old_caged_basedosdados_microdados_antigos,failed_months
200906,2009,6,RO,2972,19518,old_caged_basedosdados_microdados_antigos,failed_months
200906,2009,6,RR,-7,2085,old_caged_basedosdados_microdados_antigos,failed_months
200906,2009,6,RS,-1394,167568,old_caged_basedosdados_microdados_antigos,failed_months
200906,2009,6,SC,1121,139651,old_caged_basedosdados_microdados_antigos,failed_months
200906,2009,6,SE,730,13590,old_caged_basedosdados_microdados_antigos,failed_months
200906,2009,6,SP,27603,797223,old_caged_basedosdados_microdados_antigos,failed_months
200906,2009,6,TO,203,10385,old_caged_basedosdados_microdados_antigos,failed_months
200908,2009,8,AC,841,4155,old_caged_basedosdados_microdados_antigos,failed_months
200908,2009,8,AL,1278,14142,old_caged_basedosdados_microdados_antigos,failed_months
200908,2009,8,AM,6549,30381,old_caged_basedosdados_microdados_antigos,failed_months
200908,2009,8,AP,343,3591,old_caged_basedosdados_microdados_antigos,failed_months
200908,2009,8,BA,11085,106713,old_caged_basedosdados_microdados_antigos,failed_months
200908,2009,8,CE,13790,64744,old_caged_basedosdados_microdados_antigos,failed_months
200908,2009,8,DF,2767,48369,old_caged_basedosdados_microdados_antigos,failed_months
200908,2009,8,ES,3648,58380,old_caged_basedosdados_microdados_antigos,failed_months
200908,2009,8,GO,6554,88172,old_caged_basedosdados_microdados_antigos,failed_months
200908,2009,8,MA,1998,26800,old_caged_basedosdados_microdados_antigos,failed_months
200908,2009,8,MG,8613,350447,old_caged_basedosdados_microdados_antigos,failed_months
200908,2009,8,MS,1887,36059,old_caged_basedosdados_microdados_antigos,failed_months
200908,2009,8,MT,3001,55043,old_caged_basedosdados_microdados_antigos,failed_months
200908,2009,8,PA,7204,45388,old_caged_basedosdados_microdados_antigos,failed_months
200908,2009,8,PB,6799,21723,old_caged_basedosdados_microdados_antigos,failed_months
200908,2009,8,PE,18990,77368,old_caged_basedosdados_microdados_antigos,failed_months
200908,2009,8,PI,2765,13867,old_caged_basedosdados_microdados_antigos,failed_months
200908,2009,8,PR,14437,190885,old_caged_basedosdados_microdados_antigos,failed_months
200908,2009,8,RJ,15841,218315,old_caged_basedosdados_microdados_antigos,failed_months
200908,2009,8,RN,6776,29128,old_caged_basedosdados_microdados_antigos,failed_months
200908,2009,8,RO,3401,20239,old_caged_basedosdados_microdados_antigos,failed_months
200908,2009,8,RR,144,2244,old_caged_basedosdados_microdados_antigos,failed_months
200908,2009,8,RS,10983,176973,old_caged_basedosdados_microdados_antigos,failed_months
200908,2009,8,SC,11988,143876,old_caged_basedosdados_microdados_antigos,failed_months
200908,2009,8,SE,2270,14274,old_caged_basedosdados_microdados_antigos,failed_months
200908,2009,8,SP,77983,821889,old_caged_basedosdados_microdados_antigos,failed_months
200908,2009,8,TO,191,9619,old_caged_basedosdados_microdados_antigos,failed_months
200910,2009,10,AC,139,3683,old_caged_basedosdados_microdados_antigos,failed_months
200910,2009,10,AL,7905,19943,old_caged_basedosdados_microdados_antigos,failed_months
200910,2009,10,AM,4698,31240,old_caged_basedosdados_microdados_antigos,failed_months
200910,2009,10,AP,114,3920,old_caged_basedosdados_microdados_antigos,failed_months
200910,2009,10,BA,7443,106759,old_caged_basedosdados_microdados_antigos,failed_months
200910,2009,10,CE,11044,62232,old_caged_basedosdados_microdados_antigos,failed_months
200910,2009,10,DF,4381,44111,old_caged_basedosdados_microdados_antigos,failed_months
200910,2009,10,ES,6286,57158,old_caged_basedosdados_microdados_antigos,failed_months
200910,2009,10,GO,2672,88702,old_caged_basedosdados_microdados_antigos,failed_months
200910,2009,10,MA,318,23194,old_caged_basedosdados_microdados_antigos,failed_months
200910,2009,10,MG,15898,328414,old_caged_basedosdados_microdados_antigos,failed_months
200910,2009,10,MS,1447,35409,old_caged_basedosdados_microdados_antigos,failed_months
200910,2009,10,MT,792,54806,old_caged_basedosdados_microdados_antigos,failed_months
200910,2009,10,PA,5628,43274,old_caged_basedosdados_microdados_antigos,failed_months
200910,2009,10,PB,3236,14798,old_caged_basedosdados_microdados_antigos,failed_months
200910,2009,10,PE,11623,73703,old_caged_basedosdados_microdados_antigos,failed_months
200910,2009,10,PI,2447,11497,old_caged_basedosdados_microdados_antigos,failed_months
200910,2009,10,PR,13427,194161,old_caged_basedosdados_microdados_antigos,failed_months
200910,2009,10,RJ,16705,215761,old_caged_basedosdados_microdados_antigos,failed_months
200910,2009,10,RN,2577,24263,old_caged_basedosdados_microdados_antigos,failed_months
200910,2009,10,RO,2893,20725,old_caged_basedosdados_microdados_antigos,failed_months
200910,2009,10,RR,374,2444,old_caged_basedosdados_microdados_antigos,failed_months
200910,2009,10,RS,19596,182244,old_caged_basedosdados_microdados_antigos,failed_months
200910,2009,10,SC,16142,152244,old_caged_basedosdados_microdados_antigos,failed_months
200910,2009,10,SE,2741,15263,old_caged_basedosdados_microdados_antigos,failed_months
200910,2009,10,SP,69146,817802,old_caged_basedosdados_microdados_antigos,failed_months
200910,2009,10,TO,1284,9124,old_caged_basedosdados_microdados_antigos,failed_months
200911,2009,11,AC,94,4152,old_caged_basedosdados_microdados_antigos,failed_months
200911,2009,11,AL,2100,15172,old_caged_basedosdados_microdados_antigos,failed_months
200911,2009,11,AM,2121,26943,old_caged_basedosdados_microdados_antigos,failed_months
200911,2009,11,AP,223,3185,old_caged_basedosdados_microdados_antigos,failed_months
200911,2009,11,BA,13241,102069,old_caged_basedosdados_microdados_antigos,failed_months
200911,2009,11,CE,12296,60416,old_caged_basedosdados_microdados_antigos,failed_months
200911,2009,11,DF,2963,45463,old_caged_basedosdados_microdados_antigos,failed_months
200911,2009,11,ES,5103,56673,old_caged_basedosdados_microdados_antigos,failed_months
200911,2009,11,GO,-2045,89067,old_caged_basedosdados_microdados_antigos,failed_months
200911,2009,11,MA,2730,22982,old_caged_basedosdados_microdados_antigos,failed_months
200911,2009,11,MG,24979,306789,old_caged_basedosdados_microdados_antigos,failed_months
200911,2009,11,MS,2150,35054,old_caged_basedosdados_microdados_antigos,failed_months
200911,2009,11,MT,-4059,50327,old_caged_basedosdados_microdados_antigos,failed_months
200911,2009,11,PA,3681,41807,old_caged_basedosdados_microdados_antigos,failed_months
200911,2009,11,PB,2871,15409,old_caged_basedosdados_microdados_antigos,failed_months
200911,2009,11,PE,11769,71195,old_caged_basedosdados_microdados_antigos,failed_months
200911,2009,11,PI,2791,13695,old_caged_basedosdados_microdados_antigos,failed_months
200911,2009,11,PR,16031,191125,old_caged_basedosdados_microdados_antigos,failed_months
200911,2009,11,RJ,24613,215189,old_caged_basedosdados_microdados_antigos,failed_months
200911,2009,11,RN,4345,24057,old_caged_basedosdados_microdados_antigos,failed_months
200911,2009,11,RO,1965,19777,old_caged_basedosdados_microdados_antigos,failed_months
200911,2009,11,RR,211,1983,old_caged_basedosdados_microdados_antigos,failed_months
200911,2009,11,RS,25723,189463,old_caged_basedosdados_microdados_antigos,failed_months
200911,2009,11,SC,17847,154381,old_caged_basedosdados_microdados_antigos,failed_months
200911,2009,11,SE,2991,13735,old_caged_basedosdados_microdados_antigos,failed_months
200911,2009,11,SP,69667,800057,old_caged_basedosdados_microdados_antigos,failed_months
200911,2009,11,TO,294,9226,old_caged_basedosdados_microdados_antigos,failed_months
201005,2010,5,AC,633,4563,old_caged_basedosdados_microdados_antigos,failed_months
201005,2010,5,AL,1196,16022,old_caged_basedosdados_microdados_antigos,failed_months
201005,2010,5,AM,2955,32961,old_caged_basedosdados_microdados_antigos,failed_months
201005,2010,5,AP,-160,3842,old_caged_basedosdados_microdados_antigos,failed_months
201005,2010,5,BA,16301,121461,old_caged_basedosdados_microdados_antigos,failed_months
201005,2010,5,CE,6325,68913,old_caged_basedosdados_microdados_antigos,failed_months
201005,2010,5,DF,3085,53573,old_caged_basedosdados_microdados_antigos,failed_months
201005,2010,5,ES,7754,80542,old_caged_basedosdados_microdados_antigos,failed_months
201005,2010,5,GO,10254,103162,old_caged_basedosdados_microdados_antigos,failed_months
201005,2010,5,MA,1756,26468,old_caged_basedosdados_microdados_antigos,failed_months
201005,2010,5,MG,60873,391145,old_caged_basedosdados_microdados_antigos,failed_months
201005,2010,5,MS,2671,40993,old_caged_basedosdados_microdados_antigos,failed_months
201005,2010,5,MT,664,59222,old_caged_basedosdados_microdados_antigos,failed_months
201005,2010,5,PA,4171,44343,old_caged_basedosdados_microdados_antigos,failed_months
201005,2010,5,PB,3106,18346,old_caged_basedosdados_microdados_antigos,failed_months
201005,2010,5,PE,10691,82193,old_caged_basedosdados_microdados_antigos,failed_months
201005,2010,5,PI,2110,15022,old_caged_basedosdados_microdados_antigos,failed_months
201005,2010,5,PR,19131,221019,old_caged_basedosdados_microdados_antigos,failed_months
201005,2010,5,RJ,22250,249788,old_caged_basedosdados_microdados_antigos,failed_months
201005,2010,5,RN,3450,27580,old_caged_basedosdados_microdados_antigos,failed_months
201005,2010,5,RO,2935,26139,old_caged_basedosdados_microdados_antigos,failed_months
201005,2010,5,RR,-117,2869,old_caged_basedosdados_microdados_antigos,failed_months
201005,2010,5,RS,9511,215513,old_caged_basedosdados_microdados_antigos,failed_months
201005,2010,5,SC,5438,172848,old_caged_basedosdados_microdados_antigos,failed_months
201005,2010,5,SE,892,15538,old_caged_basedosdados_microdados_antigos,failed_months
201005,2010,5,SP,98624,983106,old_caged_basedosdados_microdados_antigos,failed_months
201005,2010,5,TO,1542,11452,old_caged_basedosdados_microdados_antigos,failed_months
201006,2010,6,AC,587,5057,old_caged_basedosdados_microdados_antigos,failed_months
201006,2010,6,AL,-67,13833,old_caged_basedosdados_microdados_antigos,failed_months
201006,2010,6,AM,2441,31687,old_caged_basedosdados_microdados_antigos,failed_months
201006,2010,6,AP,104,3894,old_caged_basedosdados_microdados_antigos,failed_months
201006,2010,6,BA,3705,117551,old_caged_basedosdados_microdados_antigos,failed_months
201006,2010,6,CE,6318,69542,old_caged_basedosdados_microdados_antigos,failed_months
201006,2010,6,DF,757,50019,old_caged_basedosdados_microdados_antigos,failed_months
201006,2010,6,ES,-1649,76355,old_caged_basedosdados_microdados_antigos,failed_months
201006,2010,6,GO,8073,99699,old_caged_basedosdados_microdados_antigos,failed_months
201006,2010,6,MA,4702,29194,old_caged_basedosdados_microdados_antigos,failed_months
201006,2010,6,MG,38870,382622,old_caged_basedosdados_microdados_antigos,failed_months
201006,2010,6,MS,3177,40079,old_caged_basedosdados_microdados_antigos,failed_months
201006,2010,6,MT,5287,58251,old_caged_basedosdados_microdados_antigos,failed_months
201006,2010,6,PA,3393,49185,old_caged_basedosdados_microdados_antigos,failed_months
201006,2010,6,PB,2587,17745,old_caged_basedosdados_microdados_antigos,failed_months
201006,2010,6,PE,12538,79358,old_caged_basedosdados_microdados_antigos,failed_months
201006,2010,6,PI,2871,16597,old_caged_basedosdados_microdados_antigos,failed_months
201006,2010,6,PR,10446,223924,old_caged_basedosdados_microdados_antigos,failed_months
201006,2010,6,RJ,16337,243767,old_caged_basedosdados_microdados_antigos,failed_months
201006,2010,6,RN,2670,28428,old_caged_basedosdados_microdados_antigos,failed_months
201006,2010,6,RO,2119,24365,old_caged_basedosdados_microdados_antigos,failed_months
201006,2010,6,RR,178,2586,old_caged_basedosdados_microdados_antigos,failed_months
201006,2010,6,RS,7865,213859,old_caged_basedosdados_microdados_antigos,failed_months
201006,2010,6,SC,6099,165679,old_caged_basedosdados_microdados_antigos,failed_months
201006,2010,6,SE,2041,16705,old_caged_basedosdados_microdados_antigos,failed_months
201006,2010,6,SP,70265,961119,old_caged_basedosdados_microdados_antigos,failed_months
201006,2010,6,TO,1238,12106,old_caged_basedosdados_microdados_antigos,failed_months
201007,2010,7,AC,379,5069,old_caged_basedosdados_microdados_antigos,failed_months
201007,2010,7,AL,883,15433,old_caged_basedosdados_microdados_antigos,failed_months
201007,2010,7,AM,2444,32386,old_caged_basedosdados_microdados_antigos,failed_months
201007,2010,7,AP,-23,3951,old_caged_basedosdados_microdados_antigos,failed_months
201007,2010,7,BA,8137,121989,old_caged_basedosdados_microdados_antigos,failed_months
201007,2010,7,CE,7946,70904,old_caged_basedosdados_microdados_antigos,failed_months
201007,2010,7,DF,-78,52366,old_caged_basedosdados_microdados_antigos,failed_months
201007,2010,7,ES,968,68564,old_caged_basedosdados_microdados_antigos,failed_months
201007,2010,7,GO,6458,102768,old_caged_basedosdados_microdados_antigos,failed_months
201007,2010,7,MA,4473,29159,old_caged_basedosdados_microdados_antigos,failed_months
201007,2010,7,MG,13354,389870,old_caged_basedosdados_microdados_antigos,failed_months
201007,2010,7,MS,1324,40484,old_caged_basedosdados_microdados_antigos,failed_months
201007,2010,7,MT,2916,58554,old_caged_basedosdados_microdados_antigos,failed_months
201007,2010,7,PA,6093,47373,old_caged_basedosdados_microdados_antigos,failed_months
201007,2010,7,PB,2429,20337,old_caged_basedosdados_microdados_antigos,failed_months
201007,2010,7,PE,9946,77418,old_caged_basedosdados_microdados_antigos,failed_months
201007,2010,7,PI,1555,16139,old_caged_basedosdados_microdados_antigos,failed_months
201007,2010,7,PR,12723,231191,old_caged_basedosdados_microdados_antigos,failed_months
201007,2010,7,RJ,14086,254030,old_caged_basedosdados_microdados_antigos,failed_months
201007,2010,7,RN,3078,29246,old_caged_basedosdados_microdados_antigos,failed_months
201007,2010,7,RO,2125,27325,old_caged_basedosdados_microdados_antigos,failed_months
201007,2010,7,RR,-120,2872,old_caged_basedosdados_microdados_antigos,failed_months
201007,2010,7,RS,9669,212209,old_caged_basedosdados_microdados_antigos,failed_months
201007,2010,7,SC,5194,170194,old_caged_basedosdados_microdados_antigos,failed_months
201007,2010,7,SE,2228,17084,old_caged_basedosdados_microdados_antigos,failed_months
201007,2010,7,SP,62497,937883,old_caged_basedosdados_microdados_antigos,failed_months
201007,2010,7,TO,1112,12044,old_caged_basedosdados_microdados_antigos,failed_months
201010,2010,10,AC,-447,4989,old_caged_basedosdados_microdados_antigos,failed_months
201010,2010,10,AL,7029,22483,old_caged_basedosdados_microdados_antigos,failed_months
201010,2010,10,AM,3389,33759,old_caged_basedosdados_microdados_antigos,failed_months
201010,2010,10,AP,401,3483,old_caged_basedosdados_microdados_antigos,failed_months
201010,2010,10,BA,7059,127423,old_caged_basedosdados_microdados_antigos,failed_months
201010,2010,10,CE,5923,71131,old_caged_basedosdados_microdados_antigos,failed_months
201010,2010,10,DF,2863,50583,old_caged_basedosdados_microdados_antigos,failed_months
201010,2010,10,ES,3130,61642,old_caged_basedosdados_microdados_antigos,failed_months
201010,2010,10,GO,-2151,108305,old_caged_basedosdados_microdados_antigos,failed_months
201010,2010,10,MA,3932,27792,old_caged_basedosdados_microdados_antigos,failed_months
201010,2010,10,MG,14516,361982,old_caged_basedosdados_microdados_antigos,failed_months
201010,2010,10,MS,1822,38780,old_caged_basedosdados_microdados_antigos,failed_months
201010,2010,10,MT,476,61256,old_caged_basedosdados_microdados_antigos,failed_months
201010,2010,10,PA,3315,47653,old_caged_basedosdados_microdados_antigos,failed_months
201010,2010,10,PB,3379,18581,old_caged_basedosdados_microdados_antigos,failed_months
201010,2010,10,PE,15781,93661,old_caged_basedosdados_microdados_antigos,failed_months
201010,2010,10,PI,3046,14824,old_caged_basedosdados_microdados_antigos,failed_months
201010,2010,10,PR,14954,220380,old_caged_basedosdados_microdados_antigos,failed_months
201010,2010,10,RJ,19571,250925,old_caged_basedosdados_microdados_antigos,failed_months
201010,2010,10,RN,2365,28293,old_caged_basedosdados_microdados_antigos,failed_months
201010,2010,10,RO,297,27801,old_caged_basedosdados_microdados_antigos,failed_months
201010,2010,10,RR,248,3120,old_caged_basedosdados_microdados_antigos,failed_months
201010,2010,10,RS,18592,214936,old_caged_basedosdados_microdados_antigos,failed_months
201010,2010,10,SC,15345,174625,old_caged_basedosdados_microdados_antigos,failed_months
201010,2010,10,SE,4777,19997,old_caged_basedosdados_microdados_antigos,failed_months
201010,2010,10,SP,55377,936487,old_caged_basedosdados_microdados_antigos,failed_months
201010,2010,10,TO,-185,11375,old_caged_basedosdados_microdados_antigos,failed_months
201012,2010,12,AC,-995,4669,old_caged_basedosdados_microdados_antigos,failed_months
201012,2010,12,AL,-250,17230,old_caged_basedosdados_microdados_antigos,failed_months
201012,2010,12,AM,-7187,31029,old_caged_basedosdados_microdados_antigos,failed_months
201012,2010,12,AP,-357,3359,old_caged_basedosdados_microdados_antigos,failed_months
201012,2010,12,BA,-17303,115065,old_caged_basedosdados_microdados_antigos,failed_months
201012,2010,12,CE,-356,60330,old_caged_basedosdados_microdados_antigos,failed_months
201012,2010,12,DF,-7300,51562,old_caged_basedosdados_microdados_antigos,failed_months
201012,2010,12,ES,-7651,62649,old_caged_basedosdados_microdados_antigos,failed_months
201012,2010,12,GO,-20214,99382,old_caged_basedosdados_microdados_antigos,failed_months
201012,2010,12,MA,-6407,30331,old_caged_basedosdados_microdados_antigos,failed_months
201012,2010,12,MG,-50797,337495,old_caged_basedosdados_microdados_antigos,failed_months
201012,2010,12,MS,-8369,37117,old_caged_basedosdados_microdados_antigos,failed_months
201012,2010,12,MT,-10414,50796,old_caged_basedosdados_microdados_antigos,failed_months
201012,2010,12,PA,-5628,46186,old_caged_basedosdados_microdados_antigos,failed_months
201012,2010,12,PB,-1555,17829,old_caged_basedosdados_microdados_antigos,failed_months
201012,2010,12,PE,-4599,84045,old_caged_basedosdados_microdados_antigos,failed_months
201012,2010,12,PI,-1922,14566,old_caged_basedosdados_microdados_antigos,failed_months
201012,2010,12,PR,-31870,199010,old_caged_basedosdados_microdados_antigos,failed_months
201012,2010,12,RJ,-10103,249957,old_caged_basedosdados_microdados_antigos,failed_months
201012,2010,12,RN,-3775,27509,old_caged_basedosdados_microdados_antigos,failed_months
201012,2010,12,RO,-3078,21862,old_caged_basedosdados_microdados_antigos,failed_months
201012,2010,12,RR,-158,2478,old_caged_basedosdados_microdados_antigos,failed_months
201012,2010,12,RS,-18194,205462,old_caged_basedosdados_microdados_antigos,failed_months
201012,2010,12,SC,-25301,155295,old_caged_basedosdados_microdados_antigos,failed_months
201012,2010,12,SE,-1574,15914,old_caged_basedosdados_microdados_antigos,failed_months
201012,2010,12,SP,-159582,916748,old_caged_basedosdados_microdados_antigos,failed_months
201012,2010,12,TO,-2579,10751,old_caged_basedosdados_microdados_antigos,failed_months
201103,2011,3,AC,-841,5385,old_caged_basedosdados_microdados_antigos,failed_months
201103,2011,3,AL,-15786,33506,old_caged_basedosdados_microdados_antigos,failed_months
201103,2011,3,AM,3854,34668,old_caged_basedosdados_microdados_antigos,failed_months
201103,2011,3,AP,-79,5277,old_caged_basedosdados_microdados_antigos,failed_months
201103,2011,3,BA,2758,122898,old_caged_basedosdados_microdados_antigos,failed_months
201103,2011,3,CE,-583,75711,old_caged_basedosdados_microdados_antigos,failed_months
201103,2011,3,DF,1913,57177,old_caged_basedosdados_microdados_antigos,failed_months
201103,2011,3,ES,-204,68638,old_caged_basedosdados_microdados_antigos,failed_months
201103,2011,3,GO,8399,110371,old_caged_basedosdados_microdados_antigos,failed_months
201103,2011,3,MA,-3816,31006,old_caged_basedosdados_microdados_antigos,failed_months
201103,2011,3,MG,11576,392906,old_caged_basedosdados_microdados_antigos,failed_months
201103,2011,3,MS,2508,47736,old_caged_basedosdados_microdados_antigos,failed_months
201103,2011,3,MT,-2269,65371,old_caged_basedosdados_microdados_antigos,failed_months
201103,2011,3,PA,-1457,52301,old_caged_basedosdados_microdados_antigos,failed_months
201103,2011,3,PB,-3126,24330,old_caged_basedosdados_microdados_antigos,failed_months
201103,2011,3,PE,-7205,93227,old_caged_basedosdados_microdados_antigos,failed_months
201103,2011,3,PI,-2114,17246,old_caged_basedosdados_microdados_antigos,failed_months
201103,2011,3,PR,13927,271219,old_caged_basedosdados_microdados_antigos,failed_months
201103,2011,3,RJ,2835,271613,old_caged_basedosdados_microdados_antigos,failed_months
201103,2011,3,RN,-1048,28744,old_caged_basedosdados_microdados_antigos,failed_months
201103,2011,3,RO,1987,27151,old_caged_basedosdados_microdados_antigos,failed_months
201103,2011,3,RR,-123,3587,old_caged_basedosdados_microdados_antigos,failed_months
201103,2011,3,RS,19472,277476,old_caged_basedosdados_microdados_antigos,failed_months
201103,2011,3,SC,2335,214537,old_caged_basedosdados_microdados_antigos,failed_months
201103,2011,3,SE,-729,18523,old_caged_basedosdados_microdados_antigos,failed_months
201103,2011,3,SP,61001,1077181,old_caged_basedosdados_microdados_antigos,failed_months
201103,2011,3,TO,-510,11384,old_caged_basedosdados_microdados_antigos,failed_months
201205,2012,5,AC,812,5092,old_caged_basedosdados_microdados_antigos,failed_months
201205,2012,5,AL,-2107,19265,old_caged_basedosdados_microdados_antigos,failed_months
201205,2012,5,AM,-782,33366,old_caged_basedosdados_microdados_antigos,failed_months
201205,2012,5,AP,156,4268,old_caged_basedosdados_microdados_antigos,failed_months
201205,2012,5,BA,3071,135555,old_caged_basedosdados_microdados_antigos,failed_months
201205,2012,5,CE,763,78315,old_caged_basedosdados_microdados_antigos,failed_months
201205,2012,5,DF,97,59261,old_caged_basedosdados_microdados_antigos,failed_months
201205,2012,5,ES,4538,84022,old_caged_basedosdados_microdados_antigos,failed_months
201205,2012,5,GO,8013,117105,old_caged_basedosdados_microdados_antigos,failed_months
201205,2012,5,MA,1730,33184,old_caged_basedosdados_microdados_antigos,failed_months
201205,2012,5,MG,32684,412572,old_caged_basedosdados_microdados_antigos,failed_months
201205,2012,5,MS,3222,44664,old_caged_basedosdados_microdados_antigos,failed_months
201205,2012,5,MT,2141,70237,old_caged_basedosdados_microdados_antigos,failed_months
201205,2012,5,PA,2216,55214,old_caged_basedosdados_microdados_antigos,failed_months
201205,2012,5,PB,2224,23384,old_caged_basedosdados_microdados_antigos,failed_months
201205,2012,5,PE,4708,97948,old_caged_basedosdados_microdados_antigos,failed_months
201205,2012,5,PI,-1,16363,old_caged_basedosdados_microdados_antigos,failed_months
201205,2012,5,PR,11738,249744,old_caged_basedosdados_microdados_antigos,failed_months
201205,2012,5,RJ,12030,291376,old_caged_basedosdados_microdados_antigos,failed_months
201205,2012,5,RN,-819,29553,old_caged_basedosdados_microdados_antigos,failed_months
201205,2012,5,RO,2478,25950,old_caged_basedosdados_microdados_antigos,failed_months
201205,2012,5,RR,-460,3290,old_caged_basedosdados_microdados_antigos,failed_months
201205,2012,5,RS,-3332,242700,old_caged_basedosdados_microdados_antigos,failed_months
201205,2012,5,SC,1507,191015,old_caged_basedosdados_microdados_antigos,failed_months
201205,2012,5,SE,-509,18955,old_caged_basedosdados_microdados_antigos,failed_months
201205,2012,5,SP,52624,1076284,old_caged_basedosdados_microdados_antigos,failed_months
201205,2012,5,TO,937,11789,old_caged_basedosdados_microdados_antigos,failed_months
201206,2012,6,AC,403,5091,old_caged_basedosdados_microdados_antigos,failed_months
201206,2012,6,AL,97,19539,old_caged_basedosdados_microdados_antigos,failed_months
201206,2012,6,AM,1604,32616,old_caged_basedosdados_microdados_antigos,failed_months
201206,2012,6,AP,243,5517,old_caged_basedosdados_microdados_antigos,failed_months
201206,2012,6,BA,241,127679,old_caged_basedosdados_microdados_antigos,failed_months
201206,2012,6,CE,3926,78756,old_caged_basedosdados_microdados_antigos,failed_months
201206,2012,6,DF,253,61019,old_caged_basedosdados_microdados_antigos,failed_months
201206,2012,6,ES,-5406,81256,old_caged_basedosdados_microdados_antigos,failed_months
201206,2012,6,GO,5261,115615,old_caged_basedosdados_microdados_antigos,failed_months
201206,2012,6,MA,1865,34773,old_caged_basedosdados_microdados_antigos,failed_months
201206,2012,6,MG,38484,419806,old_caged_basedosdados_microdados_antigos,failed_months
201206,2012,6,MS,1459,42837,old_caged_basedosdados_microdados_antigos,failed_months
201206,2012,6,MT,7782,73168,old_caged_basedosdados_microdados_antigos,failed_months
201206,2012,6,PA,6050,62138,old_caged_basedosdados_microdados_antigos,failed_months
201206,2012,6,PB,1506,21512,old_caged_basedosdados_microdados_antigos,failed_months
201206,2012,6,PE,10485,95353,old_caged_basedosdados_microdados_antigos,failed_months
201206,2012,6,PI,1588,17752,old_caged_basedosdados_microdados_antigos,failed_months
201206,2012,6,PR,5135,244419,old_caged_basedosdados_microdados_antigos,failed_months
201206,2012,6,RJ,7861,294425,old_caged_basedosdados_microdados_antigos,failed_months
201206,2012,6,RN,1631,30101,old_caged_basedosdados_microdados_antigos,failed_months
201206,2012,6,RO,2779,26695,old_caged_basedosdados_microdados_antigos,failed_months
201206,2012,6,RR,174,3118,old_caged_basedosdados_microdados_antigos,failed_months
201206,2012,6,RS,-825,227869,old_caged_basedosdados_microdados_antigos,failed_months
201206,2012,6,SC,1364,175288,old_caged_basedosdados_microdados_antigos,failed_months
201206,2012,6,SE,1097,18643,old_caged_basedosdados_microdados_antigos,failed_months
201206,2012,6,SP,25196,1017360,old_caged_basedosdados_microdados_antigos,failed_months
201206,2012,6,TO,187,11869,old_caged_basedosdados_microdados_antigos,failed_months
201208,2012,8,AC,458,5218,old_caged_basedosdados_microdados_antigos,failed_months
201208,2012,8,AL,25,20737,old_caged_basedosdados_microdados_antigos,failed_months
201208,2012,8,AM,1247,36371,old_caged_basedosdados_microdados_antigos,failed_months
201208,2012,8,AP,1016,5914,old_caged_basedosdados_microdados_antigos,failed_months
201208,2012,8,BA,442,134778,old_caged_basedosdados_microdados_antigos,failed_months
201208,2012,8,CE,5097,85529,old_caged_basedosdados_microdados_antigos,failed_months
201208,2012,8,DF,1430,60312,old_caged_basedosdados_microdados_antigos,failed_months
201208,2012,8,ES,-501,76395,old_caged_basedosdados_microdados_antigos,failed_months
201208,2012,8,GO,4004,119802,old_caged_basedosdados_microdados_antigos,failed_months
201208,2012,8,MA,1434,36050,old_caged_basedosdados_microdados_antigos,failed_months
201208,2012,8,MG,-2787,430617,old_caged_basedosdados_microdados_antigos,failed_months
201208,2012,8,MS,1209,50721,old_caged_basedosdados_microdados_antigos,failed_months
201208,2012,8,MT,1238,73792,old_caged_basedosdados_microdados_antigos,failed_months
201208,2012,8,PA,2228,61018,old_caged_basedosdados_microdados_antigos,failed_months
201208,2012,8,PB,7851,32041,old_caged_basedosdados_microdados_antigos,failed_months
201208,2012,8,PE,9218,101966,old_caged_basedosdados_microdados_antigos,failed_months
201208,2012,8,PI,1083,18415,old_caged_basedosdados_microdados_antigos,failed_months
201208,2012,8,PR,8091,266871,old_caged_basedosdados_microdados_antigos,failed_months
201208,2012,8,RJ,9628,305932,old_caged_basedosdados_microdados_antigos,failed_months
201208,2012,8,RN,2699,33361,old_caged_basedosdados_microdados_antigos,failed_months
201208,2012,8,RO,821,26723,old_caged_basedosdados_microdados_antigos,failed_months
201208,2012,8,RR,381,3407,old_caged_basedosdados_microdados_antigos,failed_months
201208,2012,8,RS,6707,248113,old_caged_basedosdados_microdados_antigos,failed_months
201208,2012,8,SC,5366,191496,old_caged_basedosdados_microdados_antigos,failed_months
201208,2012,8,SE,1769,20639,old_caged_basedosdados_microdados_antigos,failed_months
201208,2012,8,SP,30465,1078975,old_caged_basedosdados_microdados_antigos,failed_months
201208,2012,8,TO,319,13403,old_caged_basedosdados_microdados_antigos,failed_months
201210,2012,10,AC,-293,4699,old_caged_basedosdados_microdados_antigos,failed_months
201210,2012,10,AL,5419,22471,old_caged_basedosdados_microdados_antigos,failed_months
201210,2012,10,AM,1549,33885,old_caged_basedosdados_microdados_antigos,failed_months
201210,2012,10,AP,-94,5164,old_caged_basedosdados_microdados_antigos,failed_months
201210,2012,10,BA,-4886,130568,old_caged_basedosdados_microdados_antigos,failed_months
201210,2012,10,CE,3934,83520,old_caged_basedosdados_microdados_antigos,failed_months
201210,2012,10,DF,-620,54340,old_caged_basedosdados_microdados_antigos,failed_months
201210,2012,10,ES,2409,70369,old_caged_basedosdados_microdados_antigos,failed_months
201210,2012,10,GO,-1671,118329,old_caged_basedosdados_microdados_antigos,failed_months
201210,2012,10,MA,22,34508,old_caged_basedosdados_microdados_antigos,failed_months
201210,2012,10,MG,-5039,398815,old_caged_basedosdados_microdados_antigos,failed_months
201210,2012,10,MS,774,42814,old_caged_basedosdados_microdados_antigos,failed_months
201210,2012,10,MT,1048,71430,old_caged_basedosdados_microdados_antigos,failed_months
201210,2012,10,PA,1400,57900,old_caged_basedosdados_microdados_antigos,failed_months
201210,2012,10,PB,1754,23812,old_caged_basedosdados_microdados_antigos,failed_months
201210,2012,10,PE,3600,102852,old_caged_basedosdados_microdados_antigos,failed_months
201210,2012,10,PI,950,15636,old_caged_basedosdados_microdados_antigos,failed_months
201210,2012,10,PR,6656,253072,old_caged_basedosdados_microdados_antigos,failed_months
201210,2012,10,RJ,6864,283134,old_caged_basedosdados_microdados_antigos,failed_months
201210,2012,10,RN,-185,29721,old_caged_basedosdados_microdados_antigos,failed_months
201210,2012,10,RO,-1006,25992,old_caged_basedosdados_microdados_antigos,failed_months
201210,2012,10,RR,404,3454,old_caged_basedosdados_microdados_antigos,failed_months
201210,2012,10,RS,11194,238092,old_caged_basedosdados_microdados_antigos,failed_months
201210,2012,10,SC,8969,197821,old_caged_basedosdados_microdados_antigos,failed_months
201210,2012,10,SE,3139,22945,old_caged_basedosdados_microdados_antigos,failed_months
201210,2012,10,SP,21067,1018197,old_caged_basedosdados_microdados_antigos,failed_months
201210,2012,10,TO,-370,10632,old_caged_basedosdados_microdados_antigos,failed_months
201301,2013,1,AC,-503,5323,old_caged_basedosdados_microdados_antigos,failed_months
201301,2013,1,AL,-2093,20767,old_caged_basedosdados_microdados_antigos,failed_months
201301,2013,1,AM,14,34372,old_caged_basedosdados_microdados_antigos,failed_months
201301,2013,1,AP,-29,5797,old_caged_basedosdados_microdados_antigos,failed_months
201301,2013,1,BA,-628,130582,old_caged_basedosdados_microdados_antigos,failed_months
201301,2013,1,CE,-4700,87890,old_caged_basedosdados_microdados_antigos,failed_months
201301,2013,1,DF,848,57598,old_caged_basedosdados_microdados_antigos,failed_months
201301,2013,1,ES,-1369,80173,old_caged_basedosdados_microdados_antigos,failed_months
201301,2013,1,GO,6007,123183,old_caged_basedosdados_microdados_antigos,failed_months
201301,2013,1,MA,-3233,34277,old_caged_basedosdados_microdados_antigos,failed_months
201301,2013,1,MG,7480,397460,old_caged_basedosdados_microdados_antigos,failed_months
201301,2013,1,MS,384,50210,old_caged_basedosdados_microdados_antigos,failed_months
201301,2013,1,MT,9096,78834,old_caged_basedosdados_microdados_antigos,failed_months
201301,2013,1,PA,-3006,61102,old_caged_basedosdados_microdados_antigos,failed_months
201301,2013,1,PB,-2699,28519,old_caged_basedosdados_microdados_antigos,failed_months
201301,2013,1,PE,-11531,103955,old_caged_basedosdados_microdados_antigos,failed_months
201301,2013,1,PI,-1028,17780,old_caged_basedosdados_microdados_antigos,failed_months
201301,2013,1,PR,11125,270171,old_caged_basedosdados_microdados_antigos,failed_months
201301,2013,1,RJ,-24650,323292,old_caged_basedosdados_microdados_antigos,failed_months
201301,2013,1,RN,-3265,34179,old_caged_basedosdados_microdados_antigos,failed_months
201301,2013,1,RO,-1042,24660,old_caged_basedosdados_microdados_antigos,failed_months
201301,2013,1,RR,-1051,4635,old_caged_basedosdados_microdados_antigos,failed_months
201301,2013,1,RS,18789,267405,old_caged_basedosdados_microdados_antigos,failed_months
201301,2013,1,SC,18929,215455,old_caged_basedosdados_microdados_antigos,failed_months
201301,2013,1,SE,-23,19171,old_caged_basedosdados_microdados_antigos,failed_months
201301,2013,1,SP,16956,1071366,old_caged_basedosdados_microdados_antigos,failed_months
201301,2013,1,TO,122,11488,old_caged_basedosdados_microdados_antigos,failed_months
201310,2013,10,AC,-9,4725,old_caged_basedosdados_microdados_antigos,failed_months
201310,2013,10,AL,15953,33445,old_caged_basedosdados_microdados_antigos,failed_months
201310,2013,10,AM,4440,38768,old_caged_basedosdados_microdados_antigos,failed_months
201310,2013,10,AP,291,6241,old_caged_basedosdados_microdados_antigos,failed_months
201310,2013,10,BA,-2419,142727,old_caged_basedosdados_microdados_antigos,failed_months
201310,2013,10,CE,6789,89407,old_caged_basedosdados_microdados_antigos,failed_months
201310,2013,10,DF,315,61335,old_caged_basedosdados_microdados_antigos,failed_months
201310,2013,10,ES,2545,75199,old_caged_basedosdados_microdados_antigos,failed_months
201310,2013,10,GO,-2000,125718,old_caged_basedosdados_microdados_antigos,failed_months
201310,2013,10,MA,3563,33879,old_caged_basedosdados_microdados_antigos,failed_months
201310,2013,10,MG,-6296,413596,old_caged_basedosdados_microdados_antigos,failed_months
201310,2013,10,MS,2302,48248,old_caged_basedosdados_microdados_antigos,failed_months
201310,2013,10,MT,1049,79627,old_caged_basedosdados_microdados_antigos,failed_months
201310,2013,10,PA,2486,66118,old_caged_basedosdados_microdados_antigos,failed_months
201310,2013,10,PB,2739,27213,old_caged_basedosdados_microdados_antigos,failed_months
201310,2013,10,PE,5324,110044,old_caged_basedosdados_microdados_antigos,failed_months
201310,2013,10,PI,2604,17684,old_caged_basedosdados_microdados_antigos,failed_months
201310,2013,10,PR,8199,263173,old_caged_basedosdados_microdados_antigos,failed_months
201310,2013,10,RJ,6686,318410,old_caged_basedosdados_microdados_antigos,failed_months
201310,2013,10,RN,788,32806,old_caged_basedosdados_microdados_antigos,failed_months
201310,2013,10,RO,-547,25337,old_caged_basedosdados_microdados_antigos,failed_months
201310,2013,10,RR,-145,2961,old_caged_basedosdados_microdados_antigos,failed_months
201310,2013,10,RS,9544,254734,old_caged_basedosdados_microdados_antigos,failed_months
201310,2013,10,SC,12050,209164,old_caged_basedosdados_microdados_antigos,failed_months
201310,2013,10,SE,4993,24661,old_caged_basedosdados_microdados_antigos,failed_months
201310,2013,10,SP,12854,1070262,old_caged_basedosdados_microdados_antigos,failed_months
201310,2013,10,TO,795,11837,old_caged_basedosdados_microdados_antigos,failed_months
201403,2014,3,AC,-872,4278,old_caged_basedosdados_microdados_antigos,failed_months
201403,2014,3,AL,-10132,25884,old_caged_basedosdados_microdados_antigos,failed_months
201403,2014,3,AM,-472,33490,old_caged_basedosdados_microdados_antigos,failed_months
201403,2014,3,AP,-1306,6024,old_caged_basedosdados_microdados_antigos,failed_months
201403,2014,3,BA,631,123183,old_caged_basedosdados_microdados_antigos,failed_months
201403,2014,3,CE,-2000,79294,old_caged_basedosdados_microdados_antigos,failed_months
201403,2014,3,DF,1554,58690,old_caged_basedosdados_microdados_antigos,failed_months
201403,2014,3,ES,-255,73797,old_caged_basedosdados_microdados_antigos,failed_months
201403,2014,3,GO,2098,119160,old_caged_basedosdados_microdados_antigos,failed_months
201403,2014,3,MA,-2637,32463,old_caged_basedosdados_microdados_antigos,failed_months
201403,2014,3,MG,3701,392883,old_caged_basedosdados_microdados_antigos,failed_months
201403,2014,3,MS,573,50567,old_caged_basedosdados_microdados_antigos,failed_months
201403,2014,3,MT,-5114,77632,old_caged_basedosdados_microdados_antigos,failed_months
201403,2014,3,PA,-1137,60539,old_caged_basedosdados_microdados_antigos,failed_months
201403,2014,3,PB,-3694,28308,old_caged_basedosdados_microdados_antigos,failed_months
201403,2014,3,PE,-7883,91701,old_caged_basedosdados_microdados_antigos,failed_months
201403,2014,3,PI,983,18275,old_caged_basedosdados_microdados_antigos,failed_months
201403,2014,3,PR,5940,276904,old_caged_basedosdados_microdados_antigos,failed_months
201403,2014,3,RJ,-4333,299927,old_caged_basedosdados_microdados_antigos,failed_months
201403,2014,3,RN,-1297,30915,old_caged_basedosdados_microdados_antigos,failed_months
201403,2014,3,RO,178,22706,old_caged_basedosdados_microdados_antigos,failed_months
201403,2014,3,RR,253,3775,old_caged_basedosdados_microdados_antigos,failed_months
201403,2014,3,RS,13708,284180,old_caged_basedosdados_microdados_antigos,failed_months
201403,2014,3,SC,6414,229042,old_caged_basedosdados_microdados_antigos,failed_months
201403,2014,3,SE,-1015,21863,old_caged_basedosdados_microdados_antigos,failed_months
201403,2014,3,SP,19227,1065327,old_caged_basedosdados_microdados_antigos,failed_months
201403,2014,3,TO,4,12014,old_caged_basedosdados_microdados_antigos,failed_months
201405,2014,5,AC,322,4964,old_caged_basedosdados_microdados_antigos,failed_months
201405,2014,5,AL,-8580,24762,old_caged_basedosdados_microdados_antigos,failed_months
201405,2014,5,AM,-2604,37406,old_caged_basedosdados_microdados_antigos,failed_months
201405,2014,5,AP,-719,5035,old_caged_basedosdados_microdados_antigos,failed_months
201405,2014,5,BA,8205,139603,old_caged_basedosdados_microdados_antigos,failed_months
201405,2014,5,CE,3178,89120,old_caged_basedosdados_microdados_antigos,failed_months
201405,2014,5,DF,-1060,66044,old_caged_basedosdados_microdados_antigos,failed_months
201405,2014,5,ES,6090,88536,old_caged_basedosdados_microdados_antigos,failed_months
201405,2014,5,GO,7573,131767,old_caged_basedosdados_microdados_antigos,failed_months
201405,2014,5,MA,696,34214,old_caged_basedosdados_microdados_antigos,failed_months
201405,2014,5,MG,22925,424185,old_caged_basedosdados_microdados_antigos,failed_months
201405,2014,5,MS,566,49122,old_caged_basedosdados_microdados_antigos,failed_months
201405,2014,5,MT,686,79226,old_caged_basedosdados_microdados_antigos,failed_months
201405,2014,5,PA,5204,66780,old_caged_basedosdados_microdados_antigos,failed_months
201405,2014,5,PB,313,27391,old_caged_basedosdados_microdados_antigos,failed_months
201405,2014,5,PE,-10706,108532,old_caged_basedosdados_microdados_antigos,failed_months
201405,2014,5,PI,719,19385,old_caged_basedosdados_microdados_antigos,failed_months
201405,2014,5,PR,6840,263636,old_caged_basedosdados_microdados_antigos,failed_months
201405,2014,5,RJ,8920,322550,old_caged_basedosdados_microdados_antigos,failed_months
201405,2014,5,RN,-406,33788,old_caged_basedosdados_microdados_antigos,failed_months
201405,2014,5,RO,1497,25781,old_caged_basedosdados_microdados_antigos,failed_months
201405,2014,5,RR,-51,4077,old_caged_basedosdados_microdados_antigos,failed_months
201405,2014,5,RS,-4126,255648,old_caged_basedosdados_microdados_antigos,failed_months
201405,2014,5,SC,-1,206477,old_caged_basedosdados_microdados_antigos,failed_months
201405,2014,5,SE,-524,22180,old_caged_basedosdados_microdados_antigos,failed_months
201405,2014,5,SP,13201,1096607,old_caged_basedosdados_microdados_antigos,failed_months
201405,2014,5,TO,678,13530,old_caged_basedosdados_microdados_antigos,failed_months
201409,2014,9,AC,-90,4618,old_caged_basedosdados_microdados_antigos,failed_months
201409,2014,9,AL,13748,31592,old_caged_basedosdados_microdados_antigos,failed_months
201409,2014,9,AM,671,33851,old_caged_basedosdados_microdados_antigos,failed_months
201409,2014,9,AP,263,5221,old_caged_basedosdados_microdados_antigos,failed_months
201409,2014,9,BA,3163,134361,old_caged_basedosdados_microdados_antigos,failed_months
201409,2014,9,CE,10111,91135,old_caged_basedosdados_microdados_antigos,failed_months
201409,2014,9,DF,2399,61741,old_caged_basedosdados_microdados_antigos,failed_months
201409,2014,9,ES,4073,72807,old_caged_basedosdados_microdados_antigos,failed_months
201409,2014,9,GO,2136,122902,old_caged_basedosdados_microdados_antigos,failed_months
201409,2014,9,MA,3552,31962,old_caged_basedosdados_microdados_antigos,failed_months
201409,2014,9,MG,-840,395840,old_caged_basedosdados_microdados_antigos,failed_months
201409,2014,9,MS,1342,47466,old_caged_basedosdados_microdados_antigos,failed_months
201409,2014,9,MT,74,77040,old_caged_basedosdados_microdados_antigos,failed_months
201409,2014,9,PA,4790,63136,old_caged_basedosdados_microdados_antigos,failed_months
201409,2014,9,PB,2606,26786,old_caged_basedosdados_microdados_antigos,failed_months
201409,2014,9,PE,21971,108201,old_caged_basedosdados_microdados_antigos,failed_months
201409,2014,9,PI,-401,20685,old_caged_basedosdados_microdados_antigos,failed_months
201409,2014,9,PR,11547,253991,old_caged_basedosdados_microdados_antigos,failed_months
201409,2014,9,RJ,12686,298058,old_caged_basedosdados_microdados_antigos,failed_months
201409,2014,9,RN,3646,31888,old_caged_basedosdados_microdados_antigos,failed_months
201409,2014,9,RO,-917,25027,old_caged_basedosdados_microdados_antigos,failed_months
201409,2014,9,RR,717,4029,old_caged_basedosdados_microdados_antigos,failed_months
201409,2014,9,RS,2955,239141,old_caged_basedosdados_microdados_antigos,failed_months
201409,2014,9,SC,7033,198223,old_caged_basedosdados_microdados_antigos,failed_months
201409,2014,9,SE,4633,23315,old_caged_basedosdados_microdados_antigos,failed_months
201409,2014,9,SP,11343,999585,old_caged_basedosdados_microdados_antigos,failed_months
201409,2014,9,TO,574,14472,old_caged_basedosdados_microdados_antigos,failed_months
201412,2014,12,AC,-685,4417,old_caged_basedosdados_microdados_antigos,failed_months
201412,2014,12,AL,-272,17818,old_caged_basedosdados_microdados_antigos,failed_months
201412,2014,12,AM,-5122,27860,old_caged_basedosdados_microdados_antigos,failed_months
201412,2014,12,AP,-1547,5195,old_caged_basedosdados_microdados_antigos,failed_months
201412,2014,12,BA,-20749,114869,old_caged_basedosdados_microdados_antigos,failed_months
201412,2014,12,CE,-4201,71321,old_caged_basedosdados_microdados_antigos,failed_months
201412,2014,12,DF,-9917,51375,old_caged_basedosdados_microdados_antigos,failed_months
201412,2014,12,ES,-8803,66295,old_caged_basedosdados_microdados_antigos,failed_months
201412,2014,12,GO,-30538,107748,old_caged_basedosdados_microdados_antigos,failed_months
201412,2014,12,MA,-5809,28641,old_caged_basedosdados_microdados_antigos,failed_months
201412,2014,12,MG,-65382,325492,old_caged_basedosdados_microdados_antigos,failed_months
201412,2014,12,MS,-10472,39594,old_caged_basedosdados_microdados_antigos,failed_months
201412,2014,12,MT,-18839,63977,old_caged_basedosdados_microdados_antigos,failed_months
201412,2014,12,PA,-16974,57564,old_caged_basedosdados_microdados_antigos,failed_months
201412,2014,12,PB,-1520,23812,old_caged_basedosdados_microdados_antigos,failed_months
201412,2014,12,PE,-11599,82377,old_caged_basedosdados_microdados_antigos,failed_months
201412,2014,12,PI,-2156,17392,old_caged_basedosdados_microdados_antigos,failed_months
201412,2014,12,PR,-49168,208926,old_caged_basedosdados_microdados_antigos,failed_months
201412,2014,12,RJ,-21138,262682,old_caged_basedosdados_microdados_antigos,failed_months
201412,2014,12,RN,-2984,28920,old_caged_basedosdados_microdados_antigos,failed_months
201412,2014,12,RO,-3503,19899,old_caged_basedosdados_microdados_antigos,failed_months
201412,2014,12,RR,-300,3698,old_caged_basedosdados_microdados_antigos,failed_months
201412,2014,12,RS,-36584,207180,old_caged_basedosdados_microdados_antigos,failed_months
201412,2014,12,SC,-36691,167861,old_caged_basedosdados_microdados_antigos,failed_months
201412,2014,12,SE,-1737,16877,old_caged_basedosdados_microdados_antigos,failed_months
201412,2014,12,SP,-185481,876081,old_caged_basedosdados_microdados_antigos,failed_months
201412,2014,12,TO,-3337,11429,old_caged_basedosdados_microdados_antigos,failed_months
201501,2015,1,AC,-466,4774,old_caged_basedosdados_microdados_antigos,failed_months
201501,2015,1,AL,-1245,21201,old_caged_basedosdados_microdados_antigos,failed_months
201501,2015,1,AM,-2128,30988,old_caged_basedosdados_microdados_antigos,failed_months
201501,2015,1,AP,-1140,5108,old_caged_basedosdados_microdados_antigos,failed_months
201501,2015,1,BA,-2872,127944,old_caged_basedosdados_microdados_antigos,failed_months
201501,2015,1,CE,-6580,88340,old_caged_basedosdados_microdados_antigos,failed_months
201501,2015,1,DF,-3601,54839,old_caged_basedosdados_microdados_antigos,failed_months
201501,2015,1,ES,-1121,70585,old_caged_basedosdados_microdados_antigos,failed_months
201501,2015,1,GO,-237,115699,old_caged_basedosdados_microdados_antigos,failed_months
201501,2015,1,MA,-4090,32510,old_caged_basedosdados_microdados_antigos,failed_months
201501,2015,1,MG,-14533,348343,old_caged_basedosdados_microdados_antigos,failed_months
201501,2015,1,MS,-1270,48858,old_caged_basedosdados_microdados_antigos,failed_months
201501,2015,1,MT,6316,76832,old_caged_basedosdados_microdados_antigos,failed_months
201501,2015,1,PA,-4635,59937,old_caged_basedosdados_microdados_antigos,failed_months
201501,2015,1,PB,-951,28095,old_caged_basedosdados_microdados_antigos,failed_months
201501,2015,1,PE,-13015,91169,old_caged_basedosdados_microdados_antigos,failed_months
201501,2015,1,PI,-1669,19969,old_caged_basedosdados_microdados_antigos,failed_months
201501,2015,1,PR,6713,244885,old_caged_basedosdados_microdados_antigos,failed_months
201501,2015,1,RJ,-40658,290960,old_caged_basedosdados_microdados_antigos,failed_months
201501,2015,1,RN,-1210,31528,old_caged_basedosdados_microdados_antigos,failed_months
201501,2015,1,RO,-1687,23017,old_caged_basedosdados_microdados_antigos,failed_months
201501,2015,1,RR,-151,4457,old_caged_basedosdados_microdados_antigos,failed_months
201501,2015,1,RS,8338,235972,old_caged_basedosdados_microdados_antigos,failed_months
201501,2015,1,SC,14637,210577,old_caged_basedosdados_microdados_antigos,failed_months
201501,2015,1,SE,-379,18177,old_caged_basedosdados_microdados_antigos,failed_months
201501,2015,1,SP,-13599,984021,old_caged_basedosdados_microdados_antigos,failed_months
201501,2015,1,TO,-541,13177,old_caged_basedosdados_microdados_antigos,failed_months
201503,2015,3,AC,-500,4436,old_caged_basedosdados_microdados_antigos,failed_months
201503,2015,3,AL,-496,21338,old_caged_basedosdados_microdados_antigos,failed_months
201503,2015,3,AM,-1632,31894,old_caged_basedosdados_microdados_antigos,failed_months
201503,2015,3,AP,-669,4179,old_caged_basedosdados_microdados_antigos,failed_months
201503,2015,3,BA,-1167,126127,old_caged_basedosdados_microdados_antigos,failed_months
201503,2015,3,CE,-357,83759,old_caged_basedosdados_microdados_antigos,failed_months
201503,2015,3,DF,2186,55340,old_caged_basedosdados_microdados_antigos,failed_months
201503,2015,3,ES,-1484,73500,old_caged_basedosdados_microdados_antigos,failed_months
201503,2015,3,GO,6176,114270,old_caged_basedosdados_microdados_antigos,failed_months
201503,2015,3,MA,-659,32175,old_caged_basedosdados_microdados_antigos,failed_months
201503,2015,3,MG,-3469,365807,old_caged_basedosdados_microdados_antigos,failed_months
201503,2015,3,MS,48,50764,old_caged_basedosdados_microdados_antigos,failed_months
201503,2015,3,MT,-2214,76386,old_caged_basedosdados_microdados_antigos,failed_months
201503,2015,3,PA,-2662,57104,old_caged_basedosdados_microdados_antigos,failed_months
201503,2015,3,PB,-5691,31113,old_caged_basedosdados_microdados_antigos,failed_months
201503,2015,3,PE,-11862,93674,old_caged_basedosdados_microdados_antigos,failed_months
201503,2015,3,PI,1016,20506,old_caged_basedosdados_microdados_antigos,failed_months
201503,2015,3,PR,10174,261352,old_caged_basedosdados_microdados_antigos,failed_months
201503,2015,3,RJ,4118,309750,old_caged_basedosdados_microdados_antigos,failed_months
201503,2015,3,RN,-171,29965,old_caged_basedosdados_microdados_antigos,failed_months
201503,2015,3,RO,-621,23001,old_caged_basedosdados_microdados_antigos,failed_months
201503,2015,3,RR,-149,4255,old_caged_basedosdados_microdados_antigos,failed_months
201503,2015,3,RS,12240,269016,old_caged_basedosdados_microdados_antigos,failed_months
201503,2015,3,SC,3948,217640,old_caged_basedosdados_microdados_antigos,failed_months
201503,2015,3,SE,249,18863,old_caged_basedosdados_microdados_antigos,failed_months
201503,2015,3,SP,12907,1028941,old_caged_basedosdados_microdados_antigos,failed_months
201503,2015,3,TO,23,14001,old_caged_basedosdados_microdados_antigos,failed_months
201507,2015,7,AC,-83,4555,old_caged_basedosdados_microdados_antigos,failed_months
201507,2015,7,AL,-789,17437,old_caged_basedosdados_microdados_antigos,failed_months
201507,2015,7,AM,-2722,28602,old_caged_basedosdados_microdados_antigos,failed_months
201507,2015,7,AP,-224,4366,old_caged_basedosdados_microdados_antigos,failed_months
201507,2015,7,BA,-8207,116769,old_caged_basedosdados_microdados_antigos,failed_months
201507,2015,7,CE,-3411,83179,old_caged_basedosdados_microdados_antigos,failed_months
201507,2015,7,DF,-1624,54602,old_caged_basedosdados_microdados_antigos,failed_months
201507,2015,7,ES,-5666,65120,old_caged_basedosdados_microdados_antigos,failed_months
201507,2015,7,GO,-2908,106398,old_caged_basedosdados_microdados_antigos,failed_months
201507,2015,7,MA,2121,32565,old_caged_basedosdados_microdados_antigos,failed_months
201507,2015,7,MG,-16712,344424,old_caged_basedosdados_microdados_antigos,failed_months
201507,2015,7,MS,-2068,43334,old_caged_basedosdados_microdados_antigos,failed_months
201507,2015,7,MT,770,73178,old_caged_basedosdados_microdados_antigos,failed_months
201507,2015,7,PA,2634,55148,old_caged_basedosdados_microdados_antigos,failed_months
201507,2015,7,PB,-2620,24472,old_caged_basedosdados_microdados_antigos,failed_months
201507,2015,7,PE,-9483,80021,old_caged_basedosdados_microdados_antigos,failed_months
201507,2015,7,PI,-447,19161,old_caged_basedosdados_microdados_antigos,failed_months
201507,2015,7,PR,-12355,220037,old_caged_basedosdados_microdados_antigos,failed_months
201507,2015,7,RJ,-19457,264161,old_caged_basedosdados_microdados_antigos,failed_months
201507,2015,7,RN,-1246,28700,old_caged_basedosdados_microdados_antigos,failed_months
201507,2015,7,RO,-713,23155,old_caged_basedosdados_microdados_antigos,failed_months
201507,2015,7,RR,-153,4249,old_caged_basedosdados_microdados_antigos,failed_months
201507,2015,7,RS,-17818,194940,old_caged_basedosdados_microdados_antigos,failed_months
201507,2015,7,SC,-14770,166352,old_caged_basedosdados_microdados_antigos,failed_months
201507,2015,7,SE,-1082,16902,old_caged_basedosdados_microdados_antigos,failed_months
201507,2015,7,SP,-38109,867775,old_caged_basedosdados_microdados_antigos,failed_months
201507,2015,7,TO,-763,13089,old_caged_basedosdados_microdados_antigos,failed_months
201511,2015,11,AC,-754,4404,old_caged_basedosdados_microdados_antigos,failed_months
201511,2015,11,AL,3140,18244,old_caged_basedosdados_microdados_antigos,failed_months
201511,2015,11,AM,-3249,22833,old_caged_basedosdados_microdados_antigos,failed_months
201511,2015,11,AP,163,3777,old_caged_basedosdados_microdados_antigos,failed_months
201511,2015,11,BA,-6004,97600,old_caged_basedosdados_microdados_antigos,failed_months
201511,2015,11,CE,-3919,73753,old_caged_basedosdados_microdados_antigos,failed_months
201511,2015,11,DF,-1668,41396,old_caged_basedosdados_microdados_antigos,failed_months
201511,2015,11,ES,-3426,50306,old_caged_basedosdados_microdados_antigos,failed_months
201511,2015,11,GO,-11905,95195,old_caged_basedosdados_microdados_antigos,failed_months
201511,2015,11,MA,-3235,26149,old_caged_basedosdados_microdados_antigos,failed_months
201511,2015,11,MG,-18734,271808,old_caged_basedosdados_microdados_antigos,failed_months
201511,2015,11,MS,-1949,36719,old_caged_basedosdados_microdados_antigos,failed_months
201511,2015,11,MT,-7587,58537,old_caged_basedosdados_microdados_antigos,failed_months
201511,2015,11,PA,-7940,52968,old_caged_basedosdados_microdados_antigos,failed_months
201511,2015,11,PB,-93,20425,old_caged_basedosdados_microdados_antigos,failed_months
201511,2015,11,PE,-4760,68916,old_caged_basedosdados_microdados_antigos,failed_months
201511,2015,11,PI,-680,18594,old_caged_basedosdados_microdados_antigos,failed_months
201511,2015,11,PR,-7517,175971,old_caged_basedosdados_microdados_antigos,failed_months
201511,2015,11,RJ,-4886,226690,old_caged_basedosdados_microdados_antigos,failed_months
201511,2015,11,RN,-435,24609,old_caged_basedosdados_microdados_antigos,failed_months
201511,2015,11,RO,-2937,20059,old_caged_basedosdados_microdados_antigos,failed_months
201511,2015,11,RR,87,3567,old_caged_basedosdados_microdados_antigos,failed_months
201511,2015,11,RS,-2467,173843,old_caged_basedosdados_microdados_antigos,failed_months
201511,2015,11,SC,-6418,140628,old_caged_basedosdados_microdados_antigos,failed_months
201511,2015,11,SE,37,15343,old_caged_basedosdados_microdados_antigos,failed_months
201511,2015,11,SP,-32291,734947,old_caged_basedosdados_microdados_antigos,failed_months
201511,2015,11,TO,-1202,11506,old_caged_basedosdados_microdados_antigos,failed_months
201603,2016,3,AC,-638,4288,old_caged_basedosdados_microdados_antigos,failed_months
201603,2016,3,AL,-9872,23340,old_caged_basedosdados_microdados_antigos,failed_months
201603,2016,3,AM,-3591,23603,old_caged_basedosdados_microdados_antigos,failed_months
201603,2016,3,AP,-521,3341,old_caged_basedosdados_microdados_antigos,failed_months
201603,2016,3,BA,-4803,105979,old_caged_basedosdados_microdados_antigos,failed_months
201603,2016,3,CE,-4701,77181,old_caged_basedosdados_microdados_antigos,failed_months
201603,2016,3,DF,-508,47536,old_caged_basedosdados_microdados_antigos,failed_months
201603,2016,3,ES,-3668,58588,old_caged_basedosdados_microdados_antigos,failed_months
201603,2016,3,GO,3331,99327,old_caged_basedosdados_microdados_antigos,failed_months
201603,2016,3,MA,-2307,26679,old_caged_basedosdados_microdados_antigos,failed_months
201603,2016,3,MG,-7979,303995,old_caged_basedosdados_microdados_antigos,failed_months
201603,2016,3,MS,187,41953,old_caged_basedosdados_microdados_antigos,failed_months
201603,2016,3,MT,-3952,67260,old_caged_basedosdados_microdados_antigos,failed_months
201603,2016,3,PA,-5296,48784,old_caged_basedosdados_microdados_antigos,failed_months
201603,2016,3,PB,-3856,24754,old_caged_basedosdados_microdados_antigos,failed_months
201603,2016,3,PE,-11383,72105,old_caged_basedosdados_microdados_antigos,failed_months
201603,2016,3,PI,-1137,16299,old_caged_basedosdados_microdados_antigos,failed_months
201603,2016,3,PR,-3855,214181,old_caged_basedosdados_microdados_antigos,failed_months
201603,2016,3,RJ,-13741,252737,old_caged_basedosdados_microdados_antigos,failed_months
201603,2016,3,RN,-2383,26277,old_caged_basedosdados_microdados_antigos,failed_months
201603,2016,3,RO,-546,19376,old_caged_basedosdados_microdados_antigos,failed_months
201603,2016,3,RR,220,3918,old_caged_basedosdados_microdados_antigos,failed_months
201603,2016,3,RS,4803,216759,old_caged_basedosdados_microdados_antigos,failed_months
201603,2016,3,SC,-3803,175463,old_caged_basedosdados_microdados_antigos,failed_months
201603,2016,3,SE,-5827,20353,old_caged_basedosdados_microdados_antigos,failed_months
201603,2016,3,SP,-32616,882110,old_caged_basedosdados_microdados_antigos,failed_months
201603,2016,3,TO,-334,11560,old_caged_basedosdados_microdados_antigos,failed_months
201605,2016,5,AC,147,4255,old_caged_basedosdados_microdados_antigos,failed_months
201605,2016,5,AL,-813,15645,old_caged_basedosdados_microdados_antigos,failed_months
201605,2016,5,AM,-924,20718,old_caged_basedosdados_microdados_antigos,failed_months
201605,2016,5,AP,-918,3694,old_caged_basedosdados_microdados_antigos,failed_months
201605,2016,5,BA,-6052,95456,old_caged_basedosdados_microdados_antigos,failed_months
201605,2016,5,CE,-2906,72204,old_caged_basedosdados_microdados_antigos,failed_months
201605,2016,5,DF,-4323,44913,old_caged_basedosdados_microdados_antigos,failed_months
201605,2016,5,ES,1226,60418,old_caged_basedosdados_microdados_antigos,failed_months
201605,2016,5,GO,153,88567,old_caged_basedosdados_microdados_antigos,failed_months
201605,2016,5,MA,-196,24844,old_caged_basedosdados_microdados_antigos,failed_months
201605,2016,5,MG,9304,291480,old_caged_basedosdados_microdados_antigos,failed_months
201605,2016,5,MS,562,36592,old_caged_basedosdados_microdados_antigos,failed_months
201605,2016,5,MT,-1712,57474,old_caged_basedosdados_microdados_antigos,failed_months
201605,2016,5,PA,-2913,46089,old_caged_basedosdados_microdados_antigos,failed_months
201605,2016,5,PB,-2031,19577,old_caged_basedosdados_microdados_antigos,failed_months
201605,2016,5,PE,-3443,60981,old_caged_basedosdados_microdados_antigos,failed_months
201605,2016,5,PI,-1043,15201,old_caged_basedosdados_microdados_antigos,failed_months
201605,2016,5,PR,-3388,179722,old_caged_basedosdados_microdados_antigos,failed_months
201605,2016,5,RJ,-15688,220292,old_caged_basedosdados_microdados_antigos,failed_months
201605,2016,5,RN,-2100,23596,old_caged_basedosdados_microdados_antigos,failed_months
201605,2016,5,RO,-823,17477,old_caged_basedosdados_microdados_antigos,failed_months
201605,2016,5,RR,-43,3335,old_caged_basedosdados_microdados_antigos,failed_months
201605,2016,5,RS,-15829,170309,old_caged_basedosdados_microdados_antigos,failed_months
201605,2016,5,SC,-4815,142917,old_caged_basedosdados_microdados_antigos,failed_months
201605,2016,5,SE,-1563,14575,old_caged_basedosdados_microdados_antigos,failed_months
201605,2016,5,SP,-12177,751687,old_caged_basedosdados_microdados_antigos,failed_months
201605,2016,5,TO,-307,10579,old_caged_basedosdados_microdados_antigos,failed_months
201704,2017,4,AC,-329,3213,old_caged_basedosdados_microdados_antigos,failed_months
201704,2017,4,AL,-4008,15778,old_caged_basedosdados_microdados_antigos,failed_months
201704,2017,4,AM,-260,18472,old_caged_basedosdados_microdados_antigos,failed_months
201704,2017,4,AP,216,1986,old_caged_basedosdados_microdados_antigos,failed_months
201704,2017,4,BA,7192,87094,old_caged_basedosdados_microdados_antigos,failed_months
201704,2017,4,CE,-675,55995,old_caged_basedosdados_microdados_antigos,failed_months
201704,2017,4,DF,2045,32485,old_caged_basedosdados_microdados_antigos,failed_months
201704,2017,4,ES,3548,44676,old_caged_basedosdados_microdados_antigos,failed_months
201704,2017,4,GO,7170,87250,old_caged_basedosdados_microdados_antigos,failed_months
201704,2017,4,MA,-1159,18977,old_caged_basedosdados_microdados_antigos,failed_months
201704,2017,4,MG,14818,256380,old_caged_basedosdados_microdados_antigos,failed_months
201704,2017,4,MS,724,36498,old_caged_basedosdados_microdados_antigos,failed_months
201704,2017,4,MT,599,53119,old_caged_basedosdados_microdados_antigos,failed_months
201704,2017,4,PA,-1297,36591,old_caged_basedosdados_microdados_antigos,failed_months
201704,2017,4,PB,-532,16236,old_caged_basedosdados_microdados_antigos,failed_months
201704,2017,4,PE,-1169,52669,old_caged_basedosdados_microdados_antigos,failed_months
201704,2017,4,PI,225,12911,old_caged_basedosdados_microdados_antigos,failed_months
201704,2017,4,PR,6742,165122,old_caged_basedosdados_microdados_antigos,failed_months
201704,2017,4,RJ,-2554,174838,old_caged_basedosdados_microdados_antigos,failed_months
201704,2017,4,RN,-921,22255,old_caged_basedosdados_microdados_antigos,failed_months
201704,2017,4,RO,177,13983,old_caged_basedosdados_microdados_antigos,failed_months
201704,2017,4,RR,244,2954,old_caged_basedosdados_microdados_antigos,failed_months
201704,2017,4,RS,-3044,165728,old_caged_basedosdados_microdados_antigos,failed_months
201704,2017,4,SC,1839,134239,old_caged_basedosdados_microdados_antigos,failed_months
201704,2017,4,SE,-72,11306,old_caged_basedosdados_microdados_antigos,failed_months
201704,2017,4,SP,30227,693527,old_caged_basedosdados_microdados_antigos,failed_months
201704,2017,4,TO,110,9562,old_caged_basedosdados_microdados_antigos,failed_months
201706,2017,6,AC,251,3989,old_caged_basedosdados_microdados_antigos,failed_months
201706,2017,6,AL,-156,13376,old_caged_basedosdados_microdados_antigos,failed_months
201706,2017,6,AM,-101,18931,old_caged_basedosdados_microdados_antigos,failed_months
201706,2017,6,AP,93,3765,old_caged_basedosdados_microdados_antigos,failed_months
201706,2017,6,BA,-1290,88008,old_caged_basedosdados_microdados_antigos,failed_months
201706,2017,6,CE,133,62301,old_caged_basedosdados_microdados_antigos,failed_months
201706,2017,6,DF,-2484,42086,old_caged_basedosdados_microdados_antigos,failed_months
201706,2017,6,ES,-1466,50184,old_caged_basedosdados_microdados_antigos,failed_months
201706,2017,6,GO,4795,93195,old_caged_basedosdados_microdados_antigos,failed_months
201706,2017,6,MA,1531,23011,old_caged_basedosdados_microdados_antigos,failed_months
201706,2017,6,MG,15445,278407,old_caged_basedosdados_microdados_antigos,failed_months
201706,2017,6,MS,250,37482,old_caged_basedosdados_microdados_antigos,failed_months
201706,2017,6,MT,5779,58503,old_caged_basedosdados_microdados_antigos,failed_months
201706,2017,6,PA,674,43066,old_caged_basedosdados_microdados_antigos,failed_months
201706,2017,6,PB,238,17264,old_caged_basedosdados_microdados_antigos,failed_months
201706,2017,6,PE,2726,58474,old_caged_basedosdados_microdados_antigos,failed_months
201706,2017,6,PI,712,16288,old_caged_basedosdados_microdados_antigos,failed_months
201706,2017,6,PR,-3561,175373,old_caged_basedosdados_microdados_antigos,failed_months
201706,2017,6,RJ,-5689,181715,old_caged_basedosdados_microdados_antigos,failed_months
201706,2017,6,RN,453,23435,old_caged_basedosdados_microdados_antigos,failed_months
201706,2017,6,RO,427,16035,old_caged_basedosdados_microdados_antigos,failed_months
201706,2017,6,RR,23,3329,old_caged_basedosdados_microdados_antigos,failed_months
201706,2017,6,RS,-9513,156467,old_caged_basedosdados_microdados_antigos,failed_months
201706,2017,6,SC,-1546,139100,old_caged_basedosdados_microdados_antigos,failed_months
201706,2017,6,SE,634,14314,old_caged_basedosdados_microdados_antigos,failed_months
201706,2017,6,SP,983,725031,old_caged_basedosdados_microdados_antigos,failed_months
201706,2017,6,TO,480,10910,old_caged_basedosdados_microdados_antigos,failed_months
201712,2017,12,AC,-392,2930,old_caged_basedosdados_microdados_antigos,failed_months
201712,2017,12,AL,-1272,13126,old_caged_basedosdados_microdados_antigos,failed_months
201712,2017,12,AM,-2002,16548,old_caged_basedosdados_microdados_antigos,failed_months
201712,2017,12,AP,-410,3022,old_caged_basedosdados_microdados_antigos,failed_months
201712,2017,12,BA,-12457,85537,old_caged_basedosdados_microdados_antigos,failed_months
201712,2017,12,CE,-4563,49443,old_caged_basedosdados_microdados_antigos,failed_months
201712,2017,12,DF,-4058,36980,old_caged_basedosdados_microdados_antigos,failed_months
201712,2017,12,ES,-5981,45527,old_caged_basedosdados_microdados_antigos,failed_months
201712,2017,12,GO,-14345,81529,old_caged_basedosdados_microdados_antigos,failed_months
201712,2017,12,MA,-987,20421,old_caged_basedosdados_microdados_antigos,failed_months
201712,2017,12,MG,-36446,237554,old_caged_basedosdados_microdados_antigos,failed_months
201712,2017,12,MS,-6618,32272,old_caged_basedosdados_microdados_antigos,failed_months
201712,2017,12,MT,-9787,48753,old_caged_basedosdados_microdados_antigos,failed_months
201712,2017,12,PA,-6822,36994,old_caged_basedosdados_microdados_antigos,failed_months
201712,2017,12,PB,-1912,16208,old_caged_basedosdados_microdados_antigos,failed_months
201712,2017,12,PE,-8314,60194,old_caged_basedosdados_microdados_antigos,failed_months
201712,2017,12,PI,-824,11738,old_caged_basedosdados_microdados_antigos,failed_months
201712,2017,12,PR,-25003,154423,old_caged_basedosdados_microdados_antigos,failed_months
201712,2017,12,RJ,-15578,177706,old_caged_basedosdados_microdados_antigos,failed_months
201712,2017,12,RN,-2851,20907,old_caged_basedosdados_microdados_antigos,failed_months
201712,2017,12,RO,-853,12693,old_caged_basedosdados_microdados_antigos,failed_months
201712,2017,12,RR,-229,2793,old_caged_basedosdados_microdados_antigos,failed_months
201712,2017,12,RS,-25459,155529,old_caged_basedosdados_microdados_antigos,failed_months
201712,2017,12,SC,-22278,139216,old_caged_basedosdados_microdados_antigos,failed_months
201712,2017,12,SE,-1152,11060,old_caged_basedosdados_microdados_antigos,failed_months
201712,2017,12,SP,-116391,667401,old_caged_basedosdados_microdados_antigos,failed_months
201712,2017,12,TO,-1555,9207,old_caged_basedosdados_microdados_antigos,failed_months
201901,2019,1,AC,-777,3927,old_caged_basedosdados_microdados_antigos,failed_months
201901,2019,1,AL,-5034,20820,old_caged_basedosdados_microdados_antigos,failed_months
201901,2019,1,AM,-711,23789,old_caged_basedosdados_microdados_antigos,failed_months
201901,2019,1,AP,-462,3488,old_caged_basedosdados_microdados_antigos,failed_months
201901,2019,1,BA,1211,95797,old_caged_basedosdados_microdados_antigos,failed_months
201901,2019,1,CE,-4982,64646,old_caged_basedosdados_microdados_antigos,failed_months
201901,2019,1,DF,1407,46623,old_caged_basedosdados_microdados_antigos,failed_months
201901,2019,1,ES,2608,56402,old_caged_basedosdados_microdados_antigos,failed_months
201901,2019,1,GO,3777,96543,old_caged_basedosdados_microdados_antigos,failed_months
201901,2019,1,MA,-1366,22844,old_caged_basedosdados_microdados_antigos,failed_months
201901,2019,1,MG,1492,281940,old_caged_basedosdados_microdados_antigos,failed_months
201901,2019,1,MS,6094,45016,old_caged_basedosdados_microdados_antigos,failed_months
201901,2019,1,MT,11524,71360,old_caged_basedosdados_microdados_antigos,failed_months
201901,2019,1,PA,-2919,44243,old_caged_basedosdados_microdados_antigos,failed_months
201901,2019,1,PB,-7845,25995,old_caged_basedosdados_microdados_antigos,failed_months
201901,2019,1,PE,-7242,65580,old_caged_basedosdados_microdados_antigos,failed_months
201901,2019,1,PI,-1905,15091,old_caged_basedosdados_microdados_antigos,failed_months
201901,2019,1,PR,9145,199685,old_caged_basedosdados_microdados_antigos,failed_months
201901,2019,1,RJ,-12253,197263,old_caged_basedosdados_microdados_antigos,failed_months
201901,2019,1,RN,-1359,25547,old_caged_basedosdados_microdados_antigos,failed_months
201901,2019,1,RO,-830,17888,old_caged_basedosdados_microdados_antigos,failed_months
201901,2019,1,RR,-300,3814,old_caged_basedosdados_microdados_antigos,failed_months
201901,2019,1,RS,12431,189201,old_caged_basedosdados_microdados_antigos,failed_months
201901,2019,1,SC,20157,182599,old_caged_basedosdados_microdados_antigos,failed_months
201901,2019,1,SE,-1757,15121,old_caged_basedosdados_microdados_antigos,failed_months
201901,2019,1,SP,14638,788880,old_caged_basedosdados_microdados_antigos,failed_months
201901,2019,1,TO,-429,11951,old_caged_basedosdados_microdados_antigos,failed_months
201903,2019,3,AC,-317,4033,old_caged_basedosdados_microdados_antigos,failed_months
201903,2019,3,AL,-9636,23758,old_caged_basedosdados_microdados_antigos,failed_months
201903,2019,3,AM,157,20275,old_caged_basedosdados_microdados_antigos,failed_months
201903,2019,3,AP,48,3282,old_caged_basedosdados_microdados_antigos,failed_months
201903,2019,3,BA,2569,90915,old_caged_basedosdados_microdados_antigos,failed_months
201903,2019,3,CE,-4638,58856,old_caged_basedosdados_microdados_antigos,failed_months
201903,2019,3,DF,-355,44429,old_caged_basedosdados_microdados_antigos,failed_months
201903,2019,3,ES,-843,53799,old_caged_basedosdados_microdados_antigos,failed_months
201903,2019,3,GO,2712,94082,old_caged_basedosdados_microdados_antigos,failed_months
201903,2019,3,MA,-830,22572,old_caged_basedosdados_microdados_antigos,failed_months
201903,2019,3,MG,5163,284695,old_caged_basedosdados_microdados_antigos,failed_months
201903,2019,3,MS,526,40372,old_caged_basedosdados_microdados_antigos,failed_months
201903,2019,3,MT,-4589,64603,old_caged_basedosdados_microdados_antigos,failed_months
201903,2019,3,PA,-4116,40828,old_caged_basedosdados_microdados_antigos,failed_months
201903,2019,3,PB,-919,18321,old_caged_basedosdados_microdados_antigos,failed_months
201903,2019,3,PE,-6286,61012,old_caged_basedosdados_microdados_antigos,failed_months
201903,2019,3,PI,-805,13817,old_caged_basedosdados_microdados_antigos,failed_months
201903,2019,3,PR,-1211,199707,old_caged_basedosdados_microdados_antigos,failed_months
201903,2019,3,RJ,-6986,189200,old_caged_basedosdados_microdados_antigos,failed_months
201903,2019,3,RN,-2033,22505,old_caged_basedosdados_microdados_antigos,failed_months
201903,2019,3,RO,-826,18196,old_caged_basedosdados_microdados_antigos,failed_months
201903,2019,3,RR,76,3682,old_caged_basedosdados_microdados_antigos,failed_months
201903,2019,3,RS,2439,209243,old_caged_basedosdados_microdados_antigos,failed_months
201903,2019,3,SC,-2976,179700,old_caged_basedosdados_microdados_antigos,failed_months
201903,2019,3,SE,-1150,13184,old_caged_basedosdados_microdados_antigos,failed_months
201903,2019,3,SP,-8007,779611,old_caged_basedosdados_microdados_antigos,failed_months
201903,2019,3,TO,-363,10873,old_caged_basedosdados_microdados_antigos,failed_months
201908,2019,8,AC,260,4266,old_caged_basedosdados_microdados_antigos,failed_months
201908,2019,8,AL,3498,20462,old_caged_basedosdados_microdados_antigos,failed_months
201908,2019,8,AM,1905,22437,old_caged_basedosdados_microdados_antigos,failed_months
201908,2019,8,AP,71,3261,old_caged_basedosdados_microdados_antigos,failed_months
201908,2019,8,BA,3392,104964,old_caged_basedosdados_microdados_antigos,failed_months
201908,2019,8,CE,4525,66153,old_caged_basedosdados_microdados_antigos,failed_months
201908,2019,8,DF,2100,49368,old_caged_basedosdados_microdados_antigos,failed_months
201908,2019,8,ES,379,56597,old_caged_basedosdados_microdados_antigos,failed_months
201908,2019,8,GO,4054,97396,old_caged_basedosdados_microdados_antigos,failed_months
201908,2019,8,MA,1495,25557,old_caged_basedosdados_microdados_antigos,failed_months
201908,2019,8,MG,5895,306103,old_caged_basedosdados_microdados_antigos,failed_months
201908,2019,8,MS,1152,39442,old_caged_basedosdados_microdados_antigos,failed_months
201908,2019,8,MT,4125,66163,old_caged_basedosdados_microdados_antigos,failed_months
201908,2019,8,PA,6111,51163,old_caged_basedosdados_microdados_antigos,failed_months
201908,2019,8,PB,6770,26650,old_caged_basedosdados_microdados_antigos,failed_months
201908,2019,8,PE,10431,72237,old_caged_basedosdados_microdados_antigos,failed_months
201908,2019,8,PI,1472,17096,old_caged_basedosdados_microdados_antigos,failed_months
201908,2019,8,PR,8726,201230,old_caged_basedosdados_microdados_antigos,failed_months
201908,2019,8,RJ,11810,201422,old_caged_basedosdados_microdados_antigos,failed_months
201908,2019,8,RN,3739,26789,old_caged_basedosdados_microdados_antigos,failed_months
201908,2019,8,RO,1169,18649,old_caged_basedosdados_microdados_antigos,failed_months
201908,2019,8,RR,276,3664,old_caged_basedosdados_microdados_antigos,failed_months
201908,2019,8,RS,-1988,176470,old_caged_basedosdados_microdados_antigos,failed_months
201908,2019,8,SC,6529,165357,old_caged_basedosdados_microdados_antigos,failed_months
201908,2019,8,SE,-625,14499,old_caged_basedosdados_microdados_antigos,failed_months
201908,2019,8,SP,33298,794238,old_caged_basedosdados_microdados_antigos,failed_months
201908,2019,8,TO,818,11794,old_caged_basedosdados_microdados_antigos,failed_months
201909,2019,9,AC,492,4050,old_caged_basedosdados_microdados_antigos,failed_months
201909,2019,9,AL,16529,30837,old_caged_basedosdados_microdados_antigos,failed_months
201909,2019,9,AM,1666,22668,old_caged_basedosdados_microdados_antigos,failed_months
201909,2019,9,AP,182,3356,old_caged_basedosdados_microdados_antigos,failed_months
201909,2019,9,BA,4565,94569,old_caged_basedosdados_microdados_antigos,failed_months
201909,2019,9,CE,6323,61267,old_caged_basedosdados_microdados_antigos,failed_months
201909,2019,9,DF,1539,48297,old_caged_basedosdados_microdados_antigos,failed_months
201909,2019,9,ES,2929,49817,old_caged_basedosdados_microdados_antigos,failed_months
201909,2019,9,GO,4719,94293,old_caged_basedosdados_microdados_antigos,failed_months
201909,2019,9,MA,1761,24649,old_caged_basedosdados_microdados_antigos,failed_months
201909,2019,9,MG,3841,296945,old_caged_basedosdados_microdados_antigos,failed_months
201909,2019,9,MS,917,38881,old_caged_basedosdados_microdados_antigos,failed_months
201909,2019,9,MT,2898,64554,old_caged_basedosdados_microdados_antigos,failed_months
201909,2019,9,PA,5297,45661,old_caged_basedosdados_microdados_antigos,failed_months
201909,2019,9,PB,3098,19956,old_caged_basedosdados_microdados_antigos,failed_months
201909,2019,9,PE,17630,80010,old_caged_basedosdados_microdados_antigos,failed_months
201909,2019,9,PI,1167,15753,old_caged_basedosdados_microdados_antigos,failed_months
201909,2019,9,PR,9218,186550,old_caged_basedosdados_microdados_antigos,failed_months
201909,2019,9,RJ,13957,189479,old_caged_basedosdados_microdados_antigos,failed_months
201909,2019,9,RN,2485,24203,old_caged_basedosdados_microdados_antigos,failed_months
201909,2019,9,RO,686,17382,old_caged_basedosdados_microdados_antigos,failed_months
201909,2019,9,RR,605,3523,old_caged_basedosdados_microdados_antigos,failed_months
201909,2019,9,RS,1603,161545,old_caged_basedosdados_microdados_antigos,failed_months
201909,2019,9,SC,13049,161075,old_caged_basedosdados_microdados_antigos,failed_months
201909,2019,9,SE,3477,15373,old_caged_basedosdados_microdados_antigos,failed_months
201909,2019,9,SP,36156,760222,old_caged_basedosdados_microdados_antigos,failed_months
201909,2019,9,TO,424,11304,old_caged_basedosdados_microdados_antigos,failed_months
