dropped_donor,period_date,event_time,loo_gap
AC,2016-02-01,-34,107.70611133557972
AC,2016-03-01,-33,182.94558869813181
AC,2016-04-01,-32,166.35984599575156
AC,2016-05-01,-31,156.4314692292504
AC,2016-06-01,-30,56.02681184781682
AC,2016-07-01,-29,89.6120022390961
AC,2016-08-01,-28,15.711552146428751
AC,2016-09-01,-27,58.07079224573408
AC,2016-10-01,-26,15.125695958674456
AC,2016-11-01,-25,28.07706995123177
AC,2016-12-01,-24,-33.39483036844305
AC,2017-01-01,-23,37.635477041633706
AC,2017-02-01,-22,64.34967153522508
AC,2017-03-01,-21,67.35235188112335
AC,2017-04-01,-20,40.83798820055878
AC,2017-05-01,-19,55.75922869338867
AC,2017-06-01,-18,124.88979744876248
AC,2017-07-01,-17,96.10392554389138
AC,2017-08-01,-16,125.58319805645044
AC,2017-09-01,-15,147.55959723078325
AC,2017-10-01,-14,173.84539670476732
AC,2017-11-01,-13,128.94500926191736
AC,2017-12-01,-12,86.95370449990932
AC,2018-01-01,-11,15.291860262004342
AC,2018-02-01,-10,-22.276375573207908
AC,2018-03-01,-9,-30.80600343888483
AC,2018-04-01,-8,-12.138487715155104
AC,2018-05-01,-7,-50.972685133464516
AC,2018-06-01,-6,-29.707984451475262
AC,2018-07-01,-5,-61.81301916425329
AC,2018-08-01,-4,-58.5182952034084
AC,2018-09-01,-3,-72.50806310106925
AC,2018-10-01,-2,-9.501273411120366
AC,2018-11-01,-1,19.530267600599974
AC,2018-12-01,0,58.480999375490406
AC,2019-01-01,1,-19.120167126773545
AC,2019-02-01,2,-42.51179143103391
AC,2019-03-01,3,-95.54572168423792
AC,2019-04-01,4,-34.85978734752153
AC,2019-05-01,5,47.894582399384326
AC,2019-06-01,6,119.02839199457713
AC,2019-07-01,7,167.71770375276995
AC,2019-08-01,8,145.77578008978628
AC,2019-09-01,9,89.79381307103766
AC,2019-10-01,10,41.863734921029945
AC,2019-11-01,11,48.078429632185504
AC,2019-12-01,12,75.1425314120138
AC,2020-01-01,13,103.39373845417971
AC,2020-02-01,14,157.09767372281712
AC,2020-03-01,15,229.4608088364477
AC,2020-04-01,16,180.6981848519237
AC,2020-05-01,17,117.34217481011035
AC,2020-06-01,18,33.880836474249634
AC,2020-07-01,19,78.92436305428289
AC,2020-08-01,20,92.80314172924517
AC,2020-09-01,21,119.7593282181121
AC,2020-10-01,22,47.790112189626285
AC,2020-11-01,23,55.154186996222734
AL,2016-02-01,-34,115.71032149778273
AL,2016-03-01,-33,151.51375658395273
AL,2016-04-01,-32,146.79227341411433
AL,2016-05-01,-31,152.89732663645742
AL,2016-06-01,-30,78.28552288694814
AL,2016-07-01,-29,19.365985868492775
AL,2016-08-01,-28,-21.670382537815627
AL,2016-09-01,-27,-4.740020773727814
AL,2016-10-01,-26,40.861357695747074
AL,2016-11-01,-25,87.81971972250224
AL,2016-12-01,-24,48.23491876342679
AL,2017-01-01,-23,68.41327150197979
AL,2017-02-01,-22,60.240554673636254
AL,2017-03-01,-21,86.09977535752888
AL,2017-04-01,-20,114.70729917110768
AL,2017-05-01,-19,129.12362849668466
AL,2017-06-01,-18,152.01731603282056
AL,2017-07-01,-17,87.66536121973112
AL,2017-08-01,-16,77.51393518501678
AL,2017-09-01,-15,82.07272134315059
AL,2017-10-01,-14,90.87113648991398
AL,2017-11-01,-13,42.27775947607269
AL,2017-12-01,-12,20.689970414500582
AL,2018-01-01,-11,37.23024731095428
AL,2018-02-01,-10,70.7378619939227
AL,2018-03-01,-9,47.73155387807877
AL,2018-04-01,-8,-3.600477089708484
AL,2018-05-01,-7,-43.06147824649207
AL,2018-06-01,-6,-40.782040159740525
AL,2018-07-01,-5,-47.203572797609986
AL,2018-08-01,-4,-38.78561560611991
AL,2018-09-01,-3,-10.69073031163887
AL,2018-10-01,-2,5.902088598517764
AL,2018-11-01,-1,3.377480519674151
AL,2018-12-01,0,6.079041530169192
AL,2019-01-01,1,8.017600301415108
AL,2019-02-01,2,-15.276662030597933
AL,2019-03-01,3,-4.956425062478779
AL,2019-04-01,4,-19.288947182570247
AL,2019-05-01,5,33.22193558489191
AL,2019-06-01,6,63.46610775633022
AL,2019-07-01,7,135.49988592694422
AL,2019-08-01,8,99.94365261884735
AL,2019-09-01,9,26.791450314802134
AL,2019-10-01,10,16.79536234652243
AL,2019-11-01,11,113.38569460876889
AL,2019-12-01,12,166.98055670584603
AL,2020-01-01,13,138.06014386976102
AL,2020-02-01,14,112.6285615102945
AL,2020-03-01,15,141.3886961534011
AL,2020-04-01,16,67.97016034831005
AL,2020-05-01,17,32.22526178216697
AL,2020-06-01,18,5.123972381868953
AL,2020-07-01,19,86.9832551755616
AL,2020-08-01,20,76.11598984246756
AL,2020-09-01,21,96.62267291274603
AL,2020-10-01,22,74.81119534980658
AL,2020-11-01,23,85.22241505010561
AP,2016-02-01,-34,110.98661477870044
AP,2016-03-01,-33,147.70315691336177
AP,2016-04-01,-32,149.02626602978745
AP,2016-05-01,-31,155.67139553927308
AP,2016-06-01,-30,84.94399950499977
AP,2016-07-01,-29,17.413869855355106
AP,2016-08-01,-28,-18.558969300957614
AP,2016-09-01,-27,-7.944867440241673
AP,2016-10-01,-26,37.18724883762145
AP,2016-11-01,-25,85.15903015048707
AP,2016-12-01,-24,53.24756811055386
AP,2017-01-01,-23,78.8542233495956
AP,2017-02-01,-22,68.05463199917206
AP,2017-03-01,-21,91.57105644683952
AP,2017-04-01,-20,123.54641915292606
AP,2017-05-01,-19,140.37487858512026
AP,2017-06-01,-18,162.64362418278142
AP,2017-07-01,-17,94.91353105830848
AP,2017-08-01,-16,78.2162658507005
AP,2017-09-01,-15,76.35824408737386
AP,2017-10-01,-14,87.44049629875184
AP,2017-11-01,-13,41.225828404908214
AP,2017-12-01,-12,24.532110520874937
AP,2018-01-01,-11,41.261644627141
AP,2018-02-01,-10,74.8323270867711
AP,2018-03-01,-9,52.73527618349911
AP,2018-04-01,-8,-1.0548286673717193
AP,2018-05-01,-7,-42.47404030440407
AP,2018-06-01,-6,-41.614459569475855
AP,2018-07-01,-5,-47.50875776053773
AP,2018-08-01,-4,-36.47455197937214
AP,2018-09-01,-3,-6.897455309419694
AP,2018-10-01,-2,3.6872877531032486
AP,2018-11-01,-1,-2.1368479385452375
AP,2018-12-01,0,1.2368571111721351
AP,2019-01-01,1,8.587580322181942
AP,2019-02-01,2,-10.533783831746028
AP,2019-03-01,3,-1.2955180607171073
AP,2019-04-01,4,-18.79791649209529
AP,2019-05-01,5,29.532204221122015
AP,2019-06-01,6,56.84847739511683
AP,2019-07-01,7,132.1114900807246
AP,2019-08-01,8,96.62519835255071
AP,2019-09-01,9,27.94945620764424
AP,2019-10-01,10,22.461686785263822
AP,2019-11-01,11,122.98554965406713
AP,2019-12-01,12,169.77204980051437
AP,2020-01-01,13,136.90513390867014
AP,2020-02-01,14,111.08375453149867
AP,2020-03-01,15,134.08455076875111
AP,2020-04-01,16,39.89873049393155
AP,2020-05-01,17,-4.010471660987207
AP,2020-06-01,18,-19.037223860767085
AP,2020-07-01,19,85.27151652972303
AP,2020-08-01,20,80.97711335349217
AP,2020-09-01,21,101.3746641299702
AP,2020-10-01,22,80.1642144323275
AP,2020-11-01,23,93.11965823965954
BA,2016-02-01,-34,113.10407784231307
BA,2016-03-01,-33,149.49056393429663
BA,2016-04-01,-32,148.100159325174
BA,2016-05-01,-31,154.41235524376424
BA,2016-06-01,-30,81.73024423309445
BA,2016-07-01,-29,18.007914461460448
BA,2016-08-01,-28,-20.412736124024413
BA,2016-09-01,-27,-6.8223217530191675
BA,2016-10-01,-26,38.647917868673574
BA,2016-11-01,-25,86.31118192376746
BA,2016-12-01,-24,50.89468851230684
BA,2017-01-01,-23,74.05230462876706
BA,2017-02-01,-22,64.46777732445535
BA,2017-03-01,-21,89.09268506150006
BA,2017-04-01,-20,119.63721531218846
BA,2017-05-01,-19,135.46485553326306
BA,2017-06-01,-18,158.05809183815276
BA,2017-07-01,-17,92.04839219718377
BA,2017-08-01,-16,78.3219333360679
BA,2017-09-01,-15,79.36322923297365
BA,2017-10-01,-14,89.16734930190314
BA,2017-11-01,-13,41.80531378509795
BA,2017-12-01,-12,22.901839003880838
BA,2018-01-01,-11,39.548385026607434
BA,2018-02-01,-10,73.19170599926903
BA,2018-03-01,-9,50.684139705030205
BA,2018-04-01,-8,-1.926197797876089
BA,2018-05-01,-7,-42.34539253237441
BA,2018-06-01,-6,-40.8522355589669
BA,2018-07-01,-5,-47.040269717829716
BA,2018-08-01,-4,-37.161439998753885
BA,2018-09-01,-3,-8.129452437881985
BA,2018-10-01,-2,5.2023719153648855
BA,2018-11-01,-1,0.7689343049716868
BA,2018-12-01,0,3.7903904977492786
BA,2019-01-01,1,8.808235688776215
BA,2019-02-01,2,-12.487831211861298
BA,2019-03-01,3,-2.774789315173088
BA,2019-04-01,4,-18.969669391720053
BA,2019-05-01,5,31.46713006058347
BA,2019-06-01,6,60.13634404432612
BA,2019-07-01,7,133.8768656096638
BA,2019-08-01,8,98.46836034471403
BA,2019-09-01,9,27.673868158501534
BA,2019-10-01,10,20.26359056399444
BA,2019-11-01,11,119.07846848329365
BA,2019-12-01,12,169.02278370328588
BA,2020-01-01,13,137.67569655399734
BA,2020-02-01,14,111.61953652333196
BA,2020-03-01,15,137.23399358139162
BA,2020-04-01,16,52.14447882694182
BA,2020-05-01,17,12.08680152368521
BA,2020-06-01,18,-8.519782854688572
BA,2020-07-01,19,86.12745061120751
BA,2020-08-01,20,78.8723749787486
BA,2020-09-01,21,99.40362767505519
BA,2020-10-01,22,78.01419307556384
BA,2020-11-01,23,90.02215711665497
CE,2016-02-01,-34,112.77442105711279
CE,2016-03-01,-33,149.23794356546497
CE,2016-04-01,-32,148.26871445209744
CE,2016-05-01,-31,154.60334300377218
CE,2016-06-01,-30,82.15645772755701
CE,2016-07-01,-29,17.824477957480543
CE,2016-08-01,-28,-20.27270239092192
CE,2016-09-01,-27,-7.098735234531915
CE,2016-10-01,-26,38.360217407654204
CE,2016-11-01,-25,86.1186893807749
CE,2016-12-01,-24,51.22672275853455
CE,2017-01-01,-23,74.76052530870834
CE,2017-02-01,-22,64.99897890641809
CE,2017-03-01,-21,89.47017998202945
CE,2017-04-01,-20,120.26298780187085
CE,2017-05-01,-19,136.2724783250515
CE,2017-06-01,-18,158.82955126827076
CE,2017-07-01,-17,92.61871772015617
CE,2017-08-01,-16,78.4415787084331
CE,2017-09-01,-15,79.03890665546923
CE,2017-10-01,-14,88.95968327607105
CE,2017-11-01,-13,41.750033319397104
CE,2017-12-01,-12,23.18542960472055
CE,2018-01-01,-11,39.8454940255249
CE,2018-02-01,-10,73.5101662464503
CE,2018-03-01,-9,51.06556296372415
CE,2018-04-01,-8,-1.7032323581187718
CE,2018-05-01,-7,-42.23855611892582
CE,2018-06-01,-6,-40.84497376522234
CE,2018-07-01,-5,-47.005854349782346
CE,2018-08-01,-4,-36.9415213086071
CE,2018-09-01,-3,-7.786052680329572
CE,2018-10-01,-2,5.135532480005395
CE,2018-11-01,-1,0.4569866863752239
CE,2018-12-01,0,3.5167918937580183
CE,2019-01-01,1,8.927993887013947
CE,2019-02-01,2,-12.127943830594155
CE,2019-03-01,3,-2.4921288588433654
CE,2019-04-01,4,-18.927278717993865
CE,2019-05-01,5,31.25682455711913
CE,2019-06-01,6,59.72850523116547
CE,2019-07-01,7,133.6817991990823
CE,2019-08-01,8,98.29650716260238
CE,2019-09-01,9,27.79558430255053
CE,2019-10-01,10,20.71646114185844
CE,2019-11-01,11,119.81496727829959
CE,2019-12-01,12,169.301926837381
CE,2020-01-01,13,137.637556580207
CE,2020-02-01,14,111.48540720816328
CE,2020-03-01,15,136.70330185238117
CE,2020-04-01,16,50.12872426423006
CE,2020-05-01,17,9.533490473510568
CE,2020-06-01,18,-10.258534803282913
CE,2020-07-01,19,86.02287869437714
CE,2020-08-01,20,79.22410599150766
CE,2020-09-01,21,99.7619835241056
CE,2020-10-01,22,78.42968355545239
CE,2020-11-01,23,90.64762199187683
DF,2016-02-01,-34,108.38144286343484
DF,2016-03-01,-33,145.91912738951123
DF,2016-04-01,-32,150.56007772429223
DF,2016-05-01,-31,157.1391075236774
DF,2016-06-01,-30,87.69865866440009
DF,2016-07-01,-29,15.21131061669168
DF,2016-08-01,-28,-18.682206144915142
DF,2016-09-01,-27,-10.970748425264993
DF,2016-10-01,-26,34.414501740551444
DF,2016-11-01,-25,83.52921384309712
DF,2016-12-01,-24,55.58780931263003
DF,2017-01-01,-23,84.12519559915584
DF,2017-02-01,-22,72.02724088859064
DF,2017-03-01,-21,94.48515706355597
DF,2017-04-01,-20,128.63382522314856
DF,2017-05-01,-19,147.11493513922974
DF,2017-06-01,-18,169.21672508665316
DF,2017-07-01,-17,100.44932954164985
DF,2017-08-01,-16,80.2884072407813
DF,2017-09-01,-15,74.98320411177149
DF,2017-10-01,-14,86.30582378438316
DF,2017-11-01,-13,41.0781743568033
DF,2017-12-01,-12,27.019776560150248
DF,2018-01-01,-11,43.86109600259797
DF,2018-02-01,-10,77.8708740185581
DF,2018-03-01,-9,56.2635520340545
DF,2018-04-01,-8,1.429930741447361
DF,2018-05-01,-7,-40.579541745019085
DF,2018-06-01,-6,-40.51461927674867
DF,2018-07-01,-5,-46.34811142606483
DF,2018-08-01,-4,-33.80133600374315
DF,2018-09-01,-3,-2.928740714318055
DF,2018-10-01,-2,4.558380576145602
DF,2018-11-01,-1,-3.439501674792119
DF,2018-12-01,0,0.10075053397875422
DF,2019-01-01,1,10.80974133811268
DF,2019-02-01,2,-7.228849548114496
DF,2019-03-01,3,1.3717035058607792
DF,2019-04-01,4,-18.333352539436817
DF,2019-05-01,5,28.62298279561537
DF,2019-06-01,6,54.48664872119868
DF,2019-07-01,7,131.2303366190867
DF,2019-08-01,8,96.21990337153949
DF,2019-09-01,9,29.563750115199007
DF,2019-10-01,10,26.956639624979438
DF,2019-11-01,11,129.86733295261956
DF,2019-12-01,12,173.32317381549865
DF,2020-01-01,13,137.28108337490266
DF,2020-02-01,14,109.60393800732274
DF,2020-03-01,15,129.55646432513763
DF,2020-04-01,16,23.06425168018923
DF,2020-05-01,17,-24.579285444773063
DF,2020-06-01,18,-33.61698213685921
DF,2020-07-01,19,84.68256813613824
DF,2020-08-01,20,83.95586353370706
DF,2020-09-01,21,104.63292181267556
DF,2020-10-01,22,84.11628480388222
DF,2020-11-01,23,99.24819255667833
ES,2016-02-01,-34,113.46983067135366
ES,2016-03-01,-33,149.99501053662374
ES,2016-04-01,-32,148.12615131127174
ES,2016-05-01,-31,154.15653685564322
ES,2016-06-01,-30,80.609647818821
ES,2016-07-01,-29,17.416617582928996
ES,2016-08-01,-28,-21.86642363895343
ES,2016-09-01,-27,-7.40394356957156
ES,2016-10-01,-26,38.44020073773886
ES,2016-11-01,-25,86.41009810204721
ES,2016-12-01,-24,50.226790051485324
ES,2017-01-01,-23,72.92253351098888
ES,2017-02-01,-22,63.640566210808984
ES,2017-03-01,-21,88.60088873707947
ES,2017-04-01,-20,119.09295925963724
ES,2017-05-01,-19,134.9463781770426
ES,2017-06-01,-18,157.70518232027817
ES,2017-07-01,-17,92.50156363558524
ES,2017-08-01,-16,79.37850562370707
ES,2017-09-01,-15,80.97715153538509
ES,2017-10-01,-14,89.93238286397006
ES,2017-11-01,-13,42.17195136121436
ES,2017-12-01,-12,22.847456675896815
ES,2018-01-01,-11,39.4842335346547
ES,2018-02-01,-10,73.38927446240483
ES,2018-03-01,-9,50.803566672632954
ES,2018-04-01,-8,-1.4106221887494321
ES,2018-05-01,-7,-41.3552791101111
ES,2018-06-01,-6,-39.75982786456198
ES,2018-07-01,-5,-46.14032653078911
ES,2018-08-01,-4,-36.418122570325004
ES,2018-09-01,-3,-7.185680093163182
ES,2018-10-01,-2,6.753703978583346
ES,2018-11-01,-1,2.3423035422995184
ES,2018-12-01,0,5.1771019807047765
ES,2019-01-01,1,10.02210968947179
ES,2019-02-01,2,-12.400618502178531
ES,2019-03-01,3,-2.630832259447864
ES,2019-04-01,4,-18.879927453238516
ES,2019-05-01,5,32.49510917067705
ES,2019-06-01,6,61.49795509246427
ES,2019-07-01,7,134.79043542453883
ES,2019-08-01,8,99.66485952475065
ES,2019-09-01,9,28.22754113451044
ES,2019-10-01,10,20.728172729003447
ES,2019-11-01,11,119.38186573918789
ES,2019-12-01,12,170.13307750200542
ES,2020-01-01,13,138.43306474984902
ES,2020-02-01,14,111.32515327351493
ES,2020-03-01,15,137.4699960018786
ES,2020-04-01,16,53.4259921112087
ES,2020-05-01,17,14.507125956006519
ES,2020-06-01,18,-7.4762913454433715
ES,2020-07-01,19,86.49413663596916
ES,2020-08-01,20,78.69234523244636
ES,2020-09-01,21,99.45604222726521
ES,2020-10-01,22,78.25899666218407
ES,2020-11-01,23,90.5798751322852
GO,2016-02-01,-34,106.3137236214931
GO,2016-03-01,-33,142.39373681196312
GO,2016-04-01,-32,149.7730870924085
GO,2016-05-01,-31,158.71730098521437
GO,2016-06-01,-30,95.98005855022544
GO,2016-07-01,-29,20.94244072442554
GO,2016-08-01,-28,-6.56273885131985
GO,2016-09-01,-27,-5.013410649806261
GO,2016-10-01,-26,37.17212532649475
GO,2016-11-01,-25,83.31452889561973
GO,2016-12-01,-24,60.263641542419776
GO,2017-01-01,-23,91.54584698665006
GO,2017-02-01,-22,77.41843009485746
GO,2017-03-01,-21,97.48469913841019
GO,2017-04-01,-20,131.25984076998418
GO,2017-05-01,-19,148.91148190265724
GO,2017-06-01,-18,169.7003165450224
GO,2017-07-01,-17,94.6242670215805
GO,2017-08-01,-16,70.74150021534888
GO,2017-09-01,-15,62.090792371727396
GO,2017-10-01,-14,80.37434407034229
GO,2017-11-01,-13,38.08805038578776
GO,2017-12-01,-12,26.545166040454617
GO,2018-01-01,-11,43.4259998727329
GO,2018-02-01,-10,75.0985695098997
GO,2018-03-01,-9,53.957900050961015
GO,2018-04-01,-8,-3.777374680697015
GO,2018-05-01,-7,-49.50833037442256
GO,2018-06-01,-6,-49.997120555316506
GO,2018-07-01,-5,-54.25474271742795
GO,2018-08-01,-4,-40.97031949605933
GO,2018-09-01,-3,-12.244978285436154
GO,2018-10-01,-2,-8.650536131930458
GO,2018-11-01,-1,-16.02205354302837
GO,2018-12-01,0,-10.993531940808701
GO,2019-01-01,1,-0.09949252017081278
GO,2019-02-01,2,-9.183785286104623
GO,2019-03-01,3,-0.8170693085132683
GO,2019-04-01,4,-19.251683213059902
GO,2019-05-01,5,20.42366604505027
GO,2019-06-01,6,44.057234993152505
GO,2019-07-01,7,123.97079346841008
GO,2019-08-01,8,86.43330874019298
GO,2019-09-01,9,24.364145307532795
GO,2019-10-01,10,21.424364233545553
GO,2019-11-01,11,124.78504040337137
GO,2019-12-01,12,162.7793845807667
GO,2020-01-01,13,130.85078833256753
GO,2020-02-01,14,112.59994320960985
GO,2020-03-01,15,129.28238215580635
GO,2020-04-01,16,18.688978249225663
GO,2020-05-01,17,-37.02245877833022
GO,2020-06-01,18,-36.85491415668875
GO,2020-07-01,19,81.85635768046055
GO,2020-08-01,20,84.34196066300491
GO,2020-09-01,21,102.98438168479935
GO,2020-10-01,22,80.61151933764825
GO,2020-11-01,23,92.33411486733249
MA,2016-02-01,-34,112.52109554913616
MA,2016-03-01,-33,149.05238784705344
MA,2016-04-01,-32,148.406385218046
MA,2016-05-01,-31,154.74842876623518
MA,2016-06-01,-30,82.45921705403231
MA,2016-07-01,-29,17.653125795998935
MA,2016-08-01,-28,-20.21473453868588
MA,2016-09-01,-27,-7.345110077261602
MA,2016-10-01,-26,38.11898652138697
MA,2016-11-01,-25,85.9663842620308
MA,2016-12-01,-24,51.47042352726086
MA,2017-01-01,-23,75.29160611604152
MA,2017-02-01,-22,65.39808794504837
MA,2017-03-01,-21,89.75747690506267
MA,2017-04-01,-20,120.74960073425356
MA,2017-05-01,-19,136.9075345784509
MA,2017-06-01,-18,159.4416140926703
MA,2017-07-01,-17,93.09850686736752
MA,2017-08-01,-16,78.57899414361648
MA,2017-09-01,-15,78.83763037081602
MA,2017-10-01,-14,88.82054342350659
MA,2017-11-01,-13,41.71922624603694
MA,2017-12-01,-12,23.413306519630765
MA,2018-01-01,-11,40.08395913241533
MA,2018-02-01,-10,73.77595140631922
MA,2018-03-01,-9,51.379415442837946
MA,2018-04-01,-8,-1.5027224212833445
MA,2018-05-01,-7,-42.11406819352584
MA,2018-06-01,-6,-40.79731707455276
MA,2018-07-01,-5,-46.943538428320124
MA,2018-08-01,-4,-36.734774175391244
MA,2018-09-01,-3,-7.471513558972379
MA,2018-10-01,-2,5.140649423087545
MA,2018-11-01,-1,0.26419438435625864
MA,2018-12-01,0,3.347958934969121
MA,2019-01-01,1,9.071515252974613
MA,2019-02-01,2,-11.83278594790987
MA,2019-03-01,3,-2.2574226525625463
MA,2019-04-01,4,-18.889473935359888
MA,2019-05-01,5,31.125598164601115
MA,2019-06-01,6,59.44986066790358
MA,2019-07-01,7,133.55855534155057
MA,2019-08-01,8,98.20290413256753
MA,2019-09-01,9,27.915450479992543
MA,2019-10-01,10,21.101445425688354
MA,2019-11-01,11,120.42377537478488
MA,2019-12-01,12,169.57072889811917
MA,2020-01-01,13,137.63558789973368
MA,2020-02-01,14,111.36538947536997
MA,2020-03-01,15,136.28200132974672
MA,2020-04-01,16,48.543200180435626
MA,2020-05-01,17,7.55561837452413
MA,2020-06-01,18,-11.628545466578686
MA,2020-07-01,19,85.95210432050553
MA,2020-08-01,20,79.50243205265346
MA,2020-09-01,21,100.05456901728085
MA,2020-10-01,22,78.77595404047727
MA,2020-11-01,23,91.176119549237
MG,2016-02-01,-34,111.18328148237677
MG,2016-03-01,-33,147.86817894013814
MG,2016-04-01,-32,148.9393103630826
MG,2016-05-01,-31,155.5546516969295
MG,2016-06-01,-30,84.64837021560172
MG,2016-07-01,-29,17.472552538913792
MG,2016-08-01,-28,-18.72541285252405
MG,2016-09-01,-27,-7.836685711606229
MG,2016-10-01,-26,37.32523961709278
MG,2016-11-01,-25,85.26654636964332
MG,2016-12-01,-24,53.03035846402132
MG,2017-01-01,-23,78.40974715178064
MG,2017-02-01,-22,67.72254043910938
MG,2017-03-01,-21,91.3411912499819
MG,2017-04-01,-20,123.18267599524671
MG,2017-05-01,-19,139.9171764008073
MG,2017-06-01,-18,162.21550641704061
MG,2017-07-01,-17,94.64262746131747
MG,2017-08-01,-16,78.22082982295801
MG,2017-09-01,-15,76.63180628624293
MG,2017-10-01,-14,87.59852361561602
MG,2017-11-01,-13,41.278302344379725
MG,2017-12-01,-12,24.379544495084556
MG,2018-01-01,-11,41.10134771087658
MG,2018-02-01,-10,74.67751678203284
MG,2018-03-01,-9,52.54237441362247
MG,2018-04-01,-8,-1.1391281613680917
MG,2018-05-01,-7,-42.46698583729032
MG,2018-06-01,-6,-41.548523392995094
MG,2018-07-01,-5,-47.469386685782496
MG,2018-08-01,-4,-36.54270759866918
MG,2018-09-01,-3,-7.0177295285055425
MG,2018-10-01,-2,3.8214854303407932
MG,2018-11-01,-1,-1.8723811412699263
MG,2018-12-01,0,1.46924375178547
MG,2019-01-01,1,8.602129229129247
MG,2019-02-01,2,-10.717420425841759
MG,2019-03-01,3,-1.4349304303929813
MG,2019-04-01,4,-18.814472427875153
MG,2019-05-01,5,29.708409173766398
MG,2019-06-01,6,57.1498360757014
MG,2019-07-01,7,132.2723778839632
MG,2019-08-01,8,96.79194815152489
MG,2019-09-01,9,27.92081966662692
MG,2019-10-01,10,22.253261987821254
MG,2019-11-01,11,122.61771934632753
MG,2019-12-01,12,169.69619050617615
MG,2020-01-01,13,136.97354597318423
MG,2020-02-01,14,111.13547364449525
MG,2020-03-01,15,134.3786235886226
MG,2020-04-01,16,41.04031238197713
MG,2020-05-01,17,-2.513560492727038
MG,2020-06-01,18,-18.056470466911435
MG,2020-07-01,19,85.34990780824413
MG,2020-08-01,20,80.78070050646758
MG,2020-09-01,21,101.18961073510772
MG,2020-10-01,22,79.9614080529428
MG,2020-11-01,23,92.82644160655701
MS,2016-02-01,-34,113.37588242453316
MS,2016-03-01,-33,149.93104637293365
MS,2016-04-01,-32,148.18181730407937
MS,2016-05-01,-31,154.20939292958892
MS,2016-06-01,-30,80.7079123851978
MS,2016-07-01,-29,17.335869879681052
MS,2016-08-01,-28,-21.873021669228482
MS,2016-09-01,-27,-7.514537153834652
MS,2016-10-01,-26,38.33933523123069
MS,2016-11-01,-25,86.35113312663944
MS,2016-12-01,-24,50.310687446249204
MS,2017-01-01,-23,73.11204571788224
MS,2017-02-01,-22,63.78343268003255
MS,2017-03-01,-21,88.70585658544387
MS,2017-04-01,-20,119.27667124645993
MS,2017-05-01,-19,135.19006586370796
MS,2017-06-01,-18,157.94305732348963
MS,2017-07-01,-17,92.7029982612142
MS,2017-08-01,-16,79.45520462303713
MS,2017-09-01,-15,80.92964501780821
MS,2017-10-01,-14,89.89235098798781
MS,2017-11-01,-13,42.167133112201896
MS,2017-12-01,-12,22.937599158573487
MS,2018-01-01,-11,39.57841591785822
MS,2018-02-01,-10,73.49976507709779
MS,2018-03-01,-9,50.93170424942852
MS,2018-04-01,-8,-1.3197505852682063
MS,2018-05-01,-7,-41.28512013068997
MS,2018-06-01,-6,-39.71833959122741
MS,2018-07-01,-5,-46.096914766113876
MS,2018-08-01,-4,-36.32008260512537
MS,2018-09-01,-3,-7.040361768633423
MS,2018-10-01,-2,6.78756805249423
MS,2018-11-01,-1,2.2973629347331723
MS,2018-12-01,0,5.137928361247113
MS,2019-01-01,1,10.104479888951502
MS,2019-02-01,2,-12.280628195856302
MS,2019-03-01,3,-2.5338872878795797
MS,2019-04-01,4,-18.862947351797636
MS,2019-05-01,5,32.46363891159245
MS,2019-06-01,6,61.41429050954984
MS,2019-07-01,7,134.75981560855277
MS,2019-08-01,8,99.6519123045202
MS,2019-09-01,9,28.28689867463403
MS,2019-10-01,10,20.891874907981887
MS,2019-11-01,11,119.63189693677609
MS,2019-12-01,12,170.263494568228
MS,2020-01-01,13,138.4478085467494
MS,2020-02-01,14,111.27105258392032
MS,2020-03-01,15,137.30611794460697
MS,2020-04-01,16,52.81731944651074
MS,2020-05-01,17,13.764684734169549
MS,2020-06-01,18,-8.003538829924224
MS,2020-07-01,19,86.47331369413136
MS,2020-08-01,20,78.80011426885153
MS,2020-09-01,21,99.57428872570028
MS,2020-10-01,22,78.40268790051019
MS,2020-11-01,23,90.80296004533773
MT,2016-02-01,-34,121.72730136200255
MT,2016-03-01,-33,160.69908280993224
MT,2016-04-01,-32,149.19063277483937
MT,2016-05-01,-31,151.38444001642955
MT,2016-06-01,-30,66.09425561732638
MT,2016-07-01,-29,24.044919165107128
MT,2016-08-01,-28,-28.078579625586233
MT,2016-09-01,-27,1.4914700337937106
MT,2016-10-01,-26,41.627550916907225
MT,2016-11-01,-25,86.84047578010163
MT,2016-12-01,-24,35.1179259766632
MT,2017-01-01,-23,52.69486384885854
MT,2017-02-01,-22,50.33048214263868
MT,2017-03-01,-21,78.18006065451942
MT,2017-04-01,-20,100.61094119819352
MT,2017-05-01,-19,113.01783900427179
MT,2017-06-01,-18,140.14528738900069
MT,2017-07-01,-17,85.31411150835973
MT,2017-08-01,-16,86.93765510348705
MT,2017-09-01,-15,101.34758102419835
MT,2017-10-01,-14,105.14619636388232
MT,2017-11-01,-13,52.994631542691835
MT,2017-12-01,-12,24.455413592271935
MT,2018-01-01,-11,32.88849962786405
MT,2018-02-01,-10,62.61979089930338
MT,2018-03-01,-9,38.629468160531644
MT,2018-04-01,-8,-2.362868247351642
MT,2018-05-01,-7,-38.06877946090552
MT,2018-06-01,-6,-31.168384638364593
MT,2018-07-01,-5,-41.94772742769811
MT,2018-08-01,-4,-35.954513647938874
MT,2018-09-01,-3,-14.017594690973887
MT,2018-10-01,-2,14.820763122890817
MT,2018-11-01,-1,16.985419693601877
MT,2018-12-01,0,21.13290164622163
MT,2019-01-01,1,15.574132368412855
MT,2019-02-01,2,-17.860870876090388
MT,2019-03-01,3,-9.841992598805241
MT,2019-04-01,4,-19.31358586086915
MT,2019-05-01,5,45.00253675754209
MT,2019-06-01,6,83.42821541102126
MT,2019-07-01,7,149.06010751378878
MT,2019-08-01,8,116.73071005641282
MT,2019-09-01,9,37.66668612981982
MT,2019-10-01,10,20.116699687207827
MT,2019-11-01,11,104.84801173995983
MT,2019-12-01,12,165.0385449323666
MT,2020-01-01,13,140.32779551705542
MT,2020-02-01,14,116.25101975581384
MT,2020-03-01,15,154.4471636879377
MT,2020-04-01,16,98.05005311092897
MT,2020-05-01,17,68.44970611371215
MT,2020-06-01,18,21.400821881517743
MT,2020-07-01,19,89.24535862069419
MT,2020-08-01,20,76.1349328327112
MT,2020-09-01,21,100.01000760590455
MT,2020-10-01,22,73.13357644261373
MT,2020-11-01,23,86.12969462170253
PA,2016-02-01,-34,113.14863120375395
PA,2016-03-01,-33,149.51370245623647
PA,2016-04-01,-32,148.06692356540515
PA,2016-05-01,-31,154.3886988632849
PA,2016-06-01,-30,81.70443466269472
PA,2016-07-01,-29,18.07172027733024
PA,2016-08-01,-28,-20.36793282335104
PA,2016-09-01,-27,-6.741361375525074
PA,2016-10-01,-26,38.71266501313842
PA,2016-11-01,-25,86.3428252811967
PA,2016-12-01,-24,50.86451538387226
PA,2017-01-01,-23,73.97347370910758
PA,2017-02-01,-22,64.40765982919575
PA,2017-03-01,-21,89.04524799092516
PA,2017-04-01,-20,119.54527707438507
PA,2017-05-01,-19,135.33717109083412
PA,2017-06-01,-18,157.9291373602858
PA,2017-07-01,-17,91.91800790667604
PA,2017-08-01,-16,78.24738466661489
PA,2017-09-01,-15,79.34550391430344
PA,2017-10-01,-14,89.16917289078782
PA,2017-11-01,-13,41.797798918540295
PA,2017-12-01,-12,22.85073646669885
PA,2018-01-01,-11,39.49519877793326
PA,2018-02-01,-10,73.12162461164655
PA,2018-03-01,-9,50.60595545948526
PA,2018-04-01,-8,-1.993781907483207
PA,2018-05-01,-7,-42.41425030290243
PA,2018-06-01,-6,-40.90723405950283
PA,2018-07-01,-5,-47.090969585352724
PA,2018-08-01,-4,-37.23962527441489
PA,2018-09-01,-3,-8.240890564036837
PA,2018-10-01,-2,5.13889721433285
PA,2018-11-01,-1,0.7508531307810671
PA,2018-12-01,0,3.774200148874584
PA,2019-01-01,1,8.725944363515872
PA,2019-02-01,2,-12.560350755281256
PA,2019-03-01,3,-2.835451111419893
PA,2019-04-01,4,-18.982112180154747
PA,2019-05-01,5,31.456547259084346
PA,2019-06-01,6,60.14683920169581
PA,2019-07-01,7,133.8690091665828
PA,2019-08-01,8,98.44221463363654
PA,2019-09-01,9,27.6236120067868
PA,2019-10-01,10,20.154916933687694
PA,2019-11-01,11,118.92392766104423
PA,2019-12-01,12,168.91535552588866
PA,2020-01-01,13,137.64575237739575
PA,2020-02-01,14,111.65941893781317
PA,2020-03-01,15,137.32303429386246
PA,2020-04-01,16,52.46378434192384
PA,2020-05-01,17,12.452134395620078
PA,2020-06-01,18,-8.241316653387173
PA,2020-07-01,19,86.12927957426123
PA,2020-08-01,20,78.81451975288198
PA,2020-09-01,21,99.33310661875343
PA,2020-10-01,22,77.9233951106963
PA,2020-11-01,23,89.87618605174262
PB,2016-02-01,-34,113.0358710906763
PB,2016-03-01,-33,149.49353142390163
PB,2016-04-01,-32,148.18751860012244
PB,2016-05-01,-31,154.44104942130735
PB,2016-06-01,-30,81.65882943083335
PB,2016-07-01,-29,17.77411451072648
PB,2016-08-01,-28,-20.703674151589688
PB,2016-09-01,-27,-7.0983933135992885
PB,2016-10-01,-26,38.45855691265746
PB,2016-11-01,-25,86.24310369783296
PB,2016-12-01,-24,50.889587252173826
PB,2017-01-01,-23,74.11407337683785
PB,2017-02-01,-22,64.51907817487093
PB,2017-03-01,-21,89.15281020924775
PB,2017-04-01,-20,119.80365853119932
PB,2017-05-01,-19,135.7249909626385
PB,2017-06-01,-18,158.3416550627515
PB,2017-07-01,-17,92.43397505526377
PB,2017-08-01,-16,78.63974096672928
PB,2017-09-01,-15,79.60513830892349
PB,2017-10-01,-14,89.25611740714304
PB,2017-11-01,-13,41.86910427060638
PB,2017-12-01,-12,23.024643710430954
PB,2018-01-01,-11,39.67527527657805
PB,2018-02-01,-10,73.3933397929836
PB,2018-03-01,-9,50.89675940802996
PB,2018-04-01,-8,-1.692070652875639
PB,2018-05-01,-7,-42.05011259866215
PB,2018-06-01,-6,-40.57957425492649
PB,2018-07-01,-5,-46.801990932946055
PB,2018-08-01,-4,-36.87265968329688
PB,2018-09-01,-3,-7.731972955687294
PB,2018-10-01,-2,5.55252417683144
PB,2018-11-01,-1,1.006794470796791
PB,2018-12-01,0,4.000675969589409
PB,2019-01-01,1,9.16485726982377
PB,2019-02-01,2,-12.293492619416732
PB,2019-03-01,3,-2.6035597390062506
PB,2019-04-01,4,-18.927196957757815
PB,2019-05-01,5,31.619421279722374
PB,2019-06-01,6,60.275970913940185
PB,2019-07-01,7,134.00828505763127
PB,2019-08-01,8,98.6806437035571
PB,2019-09-01,9,27.868753979929238
PB,2019-10-01,10,20.59557305003819
PB,2019-11-01,11,119.50695716486962
PB,2019-12-01,12,169.43043314123614
PB,2020-01-01,13,137.84399694979862
PB,2020-02-01,14,111.48257883539151
PB,2020-03-01,15,137.03726145570792
PB,2020-04-01,16,51.492109125861234
PB,2020-05-01,17,11.456858276064423
PB,2020-06-01,18,-9.097761453963443
PB,2020-07-01,19,86.16757901854211
PB,2020-08-01,20,78.99694658389339
PB,2020-09-01,21,99.58865629073706
PB,2020-10-01,22,78.27406809734273
PB,2020-11-01,23,90.45998334735779
PE,2016-02-01,-34,113.7121262167494
PE,2016-03-01,-33,149.97711671412299
PE,2016-04-01,-32,147.8088328330532
PE,2016-05-01,-31,154.05604499302615
PE,2016-06-01,-30,80.88458337382025
PE,2016-07-01,-29,18.273229850681826
PE,2016-08-01,-28,-20.790321918556245
PE,2016-09-01,-27,-6.394100895298678
PE,2016-10-01,-26,39.13016269932366
PE,2016-11-01,-25,86.65569749835939
PE,2016-12-01,-24,50.254734912914344
PE,2017-01-01,-23,72.71439080211245
PE,2017-02-01,-22,63.46612755142998
PE,2017-03-01,-21,88.38969522699304
PE,2017-04-01,-20,118.49677064478621
PE,2017-05-01,-19,134.00989734802374
PE,2017-06-01,-18,156.68136296572604
PE,2017-07-01,-17,91.09621409092334
PE,2017-08-01,-16,78.2105282429581
PE,2017-09-01,-15,80.07666950425227
PE,2017-10-01,-14,89.59951096852834
PE,2017-11-01,-13,41.93533061552318
PE,2017-12-01,-12,22.402673000392987
PE,2018-01-01,-11,39.02476498648538
PE,2018-02-01,-10,72.65492838274315
PE,2018-03-01,-9,50.03046629910834
PE,2018-04-01,-8,-2.267351685194363
PE,2018-05-01,-7,-42.44058396715121
PE,2018-06-01,-6,-40.764514605123324
PE,2018-07-01,-5,-47.01754950210257
PE,2018-08-01,-4,-37.47635892795706
PE,2018-09-01,-3,-8.6411239438002
PE,2018-10-01,-2,5.461385403873443
PE,2018-11-01,-1,1.4570844804729361
PE,2018-12-01,0,4.394564934939375
PE,2019-01-01,1,8.711087524688502
PE,2019-02-01,2,-13.106937381459339
PE,2019-03-01,3,-3.2541102559054167
PE,2019-04-01,4,-19.035291149269167
PE,2019-05-01,5,31.928051660353702
PE,2019-06-01,6,60.972131635071236
PE,2019-07-01,7,134.30072001723414
PE,2019-08-01,8,98.87776140173833
PE,2019-09-01,9,27.512646178420773
PE,2019-10-01,10,19.51713134396445
PE,2019-11-01,11,117.82296424719533
PE,2019-12-01,12,168.63838287947556
PE,2020-01-01,13,137.81174727184845
PE,2020-02-01,14,111.82621361717744
PE,2020-03-01,15,138.18043220695353
PE,2020-04-01,16,55.774770813945096
PE,2020-05-01,17,16.75844809116765
PE,2020-06-01,18,-5.394050568036192
PE,2020-07-01,19,86.34336442070325
PE,2020-08-01,20,78.24292629462536
PE,2020-09-01,21,98.78399286813747
PE,2020-10-01,22,77.31267615797302
PE,2020-11-01,23,88.98350242935373
PI,2016-02-01,-34,112.9886703365326
PI,2016-03-01,-33,149.3708696206735
PI,2016-04-01,-32,148.12946810893206
PI,2016-05-01,-31,154.4853406176298
PI,2016-06-01,-30,81.96976732643049
PI,2016-07-01,-29,18.054520167985505
PI,2016-08-01,-28,-20.18268404375459
PI,2016-09-01,-27,-6.795231250565379
PI,2016-10-01,-26,38.62066848755724
PI,2016-11-01,-25,86.25977986208912
PI,2016-12-01,-24,51.052689558611135
PI,2017-01-01,-23,74.3482065757566
PI,2017-02-01,-22,64.68690583240704
PI,2017-03-01,-21,89.23501396175567
PI,2017-04-01,-20,119.83536820144505
PI,2017-05-01,-19,135.69494460433364
PI,2017-06-01,-18,158.25802958590373
PI,2017-07-01,-17,92.09663751126917
PI,2017-08-01,-16,78.19798921751712
PI,2017-09-01,-15,79.07482813536173
PI,2017-10-01,-14,89.02010395299098
PI,2017-11-01,-13,41.74339156792628
PI,2017-12-01,-12,22.964830657378702
PI,2018-01-01,-11,39.61538009711579
PI,2018-02-01,-10,73.22638039848162
PI,2018-03-01,-9,50.74201153835538
PI,2018-04-01,-8,-1.9545221625251692
PI,2018-05-01,-7,-42.462572765583985
PI,2018-06-01,-6,-41.00313422681321
PI,2018-07-01,-5,-47.15902714865332
PI,2018-08-01,-4,-37.222114335623374
PI,2018-09-01,-3,-8.193950588709365
PI,2018-10-01,-2,4.97300595203847
PI,2018-11-01,-1,0.48860550051786333
PI,2018-12-01,0,3.5435806847254625
PI,2019-01-01,1,8.66238058970503
PI,2019-02-01,2,-12.429675411463812
PI,2019-03-01,3,-2.7396344201486613
PI,2019-04-01,4,-18.973899919886005
PI,2019-05-01,5,31.282705756188463
PI,2019-06-01,6,59.86680571032851
PI,2019-07-01,7,133.71137118779214
PI,2019-08-01,8,98.26795176558068
PI,2019-09-01,9,27.620449312620757
PI,2019-10-01,10,20.287296070152273
PI,2019-11-01,11,119.18006477880218
PI,2019-12-01,12,168.92251229801792
PI,2020-01-01,13,137.56264262951441
PI,2020-02-01,14,111.63437653791513
PI,2020-03-01,15,137.09739860006357
PI,2020-04-01,16,51.57194827903204
PI,2020-05-01,17,11.250453549947878
PI,2020-06-01,18,-9.0050035651293
PI,2020-07-01,19,86.05589089520089
PI,2020-08-01,20,78.96619953166146
PI,2020-09-01,21,99.4663362450034
PI,2020-10-01,22,78.06123947091149
PI,2020-11-01,23,90.06659853298598
PR,2016-02-01,-34,112.82565902862535
PR,2016-03-01,-33,149.34318484746555
PR,2016-04-01,-32,148.3052078944151
PR,2016-05-01,-31,154.5607319730255
PR,2016-06-01,-30,81.89957511431999
PR,2016-07-01,-29,17.619055949238945
PR,2016-08-01,-28,-20.67659278394455
PR,2016-09-01,-27,-7.317220015863519
PR,2016-10-01,-26,38.24984980397359
PR,2016-11-01,-25,86.11486303420085
PR,2016-12-01,-24,51.08696331480499
PR,2017-01-01,-23,74.54919987413521
PR,2017-02-01,-22,64.84641195794345
PR,2017-03-01,-21,89.39003068790493
PR,2017-04-01,-20,120.20988406023912
PR,2017-05-01,-19,136.25808034085082
PR,2017-06-01,-18,158.85769532103282
PR,2017-07-01,-17,92.8496913231197
PR,2017-08-01,-16,78.77302577657186
PR,2017-09-01,-15,79.45842198704864
PR,2017-10-01,-14,89.14931386165252
PR,2017-11-01,-13,41.84848338903126
PR,2017-12-01,-12,23.217952112163736
PR,2018-01-01,-11,39.87745453548707
PR,2018-02-01,-10,73.62281052879922
PR,2018-03-01,-9,51.16598276037459
PR,2018-04-01,-8,-1.5133325836723692
PR,2018-05-01,-7,-41.928861288949044
PR,2018-06-01,-6,-40.522210774626274
PR,2018-07-01,-5,-46.735091464024265
PR,2018-08-01,-4,-36.6851133199498
PR,2018-09-01,-3,-7.449515997148943
PR,2018-10-01,-2,5.580686996809575
PR,2018-11-01,-1,0.8666839542199583
PR,2018-12-01,0,3.878113896457286
PR,2019-01-01,1,9.305757721271839
PR,2019-02-01,2,-12.040690672581299
PR,2019-03-01,3,-2.4013897435359013
PR,2019-04-01,4,-18.89361167392256
PR,2019-05-01,5,31.52339430586784
PR,2019-06-01,6,60.05946821688157
PR,2019-07-01,7,133.91730343622345
PR,2019-08-01,8,98.61925620684833
PR,2019-09-01,9,27.979371060617694
PR,2019-10-01,10,20.93069411010631
PR,2019-11-01,11,120.03029477092022
PR,2019-12-01,12,169.6764788662443
PR,2020-01-01,13,137.85394063354292
PR,2020-02-01,14,111.37581113193988
PR,2020-03-01,15,136.68194992971897
PR,2020-04-01,16,50.16096365084276
PR,2020-05-01,17,9.808920297891916
PR,2020-06-01,18,-10.248949506886419
PR,2020-07-01,19,86.11290819440202
PR,2020-08-01,20,79.23130790841498
PR,2020-09-01,21,99.83873271793071
PR,2020-10-01,22,78.57283416746367
PR,2020-11-01,23,90.91880155315837
RN,2016-02-01,-34,112.90644850299458
RN,2016-03-01,-33,149.34078186387438
RN,2016-04-01,-32,148.20278923458238
RN,2016-05-01,-31,154.52652646950162
RN,2016-06-01,-30,81.98095155208861
RN,2016-07-01,-29,17.892044512005686
RN,2016-08-01,-28,-20.338422919278592
RN,2016-09-01,-27,-6.994625321408982
RN,2016-10-01,-26,38.47153018582205
RN,2016-11-01,-25,86.19493154793352
RN,2016-12-01,-24,51.09151998022659
RN,2017-01-01,-23,74.47432969746217
RN,2017-02-01,-22,64.7844673723097
RN,2017-03-01,-21,89.31845176187231
RN,2017-04-01,-20,120.01347977715125
RN,2017-05-01,-19,135.95182827773385
RN,2017-06-01,-18,158.5243157765827
RN,2017-07-01,-17,92.39836317332595
RN,2017-08-01,-16,78.40248873790797
RN,2017-09-01,-15,79.17810648309666
RN,2017-10-01,-14,89.04682185449924
RN,2017-11-01,-13,41.7744393140281
RN,2017-12-01,-12,23.07378348917275
RN,2018-01-01,-11,39.72847261205798
RN,2018-02-01,-10,73.38671217339724
RN,2018-03-01,-9,50.91683073121975
RN,2018-04-01,-8,-1.7868667579524597
RN,2018-05-01,-7,-42.27311489739972
RN,2018-06-01,-6,-40.83971368044961
RN,2018-07-01,-5,-47.012674249531216
RN,2018-08-01,-4,-37.02227011562315
RN,2018-09-01,-3,-7.913750775453087
RN,2018-10-01,-2,5.173266289938681
RN,2018-11-01,-1,0.5910312467641745
RN,2018-12-01,0,3.6344080005333126
RN,2019-01-01,1,8.890027264178215
RN,2019-02-01,2,-12.268467425738983
RN,2019-03-01,3,-2.601937896036361
RN,2019-04-01,4,-18.94324093462319
RN,2019-05-01,5,31.34695027751674
RN,2019-06-01,6,59.89859265827866
RN,2019-07-01,7,133.76509794105934
RN,2019-08-01,8,98.37280028790735
RN,2019-09-01,9,27.751949166412345
RN,2019-10-01,10,20.542264668433432
RN,2019-11-01,11,119.5283171693417
RN,2019-12-01,12,169.20067035861334
RN,2020-01-01,13,137.65813925330252
RN,2020-02-01,14,111.53583621968514
RN,2020-03-01,15,136.91322501702194
RN,2020-04-01,16,50.92894499649206
RN,2020-05-01,17,10.553028458555218
RN,2020-06-01,18,-9.5687390572612685
RN,2020-07-01,19,86.06662032217962
RN,2020-08-01,20,79.08479818487969
RN,2020-09-01,21,99.62180239771787
RN,2020-10-01,22,78.2685186044439
RN,2020-11-01,23,90.40641426812863
RO,2016-02-01,-34,113.16816668579551
RO,2016-03-01,-33,149.68622805732113
RO,2016-04-01,-32,148.20664492182647
RO,2016-05-01,-31,154.3465128294893
RO,2016-06-01,-30,81.22392924259299
RO,2016-07-01,-29,17.523949839727226
RO,2016-08-01,-28,-21.28875987010963
RO,2016-09-01,-27,-7.349326456526306
RO,2016-10-01,-26,38.35936711948881
RO,2016-11-01,-25,86.27364784267931
RO,2016-12-01,-24,50.634329009742814
RO,2017-01-01,-23,73.68972079011107
RO,2017-02-01,-22,64.20901058196257
RO,2017-03-01,-21,88.9715923381383
RO,2017-04-01,-20,119.61364695788379
RO,2017-05-01,-19,135.55469229289528
RO,2017-06-01,-18,158.23697082184032
RO,2017-07-01,-17,92.64747028961747
RO,2017-08-01,-16,79.0762104819614
RO,2017-09-01,-15,80.24616268482416
RO,2017-10-01,-14,89.55724479245086
RO,2017-11-01,-13,42.015658779076624
RO,2017-12-01,-12,23.01685558755875
RO,2018-01-01,-11,39.66419232619214
RO,2018-02-01,-10,73.48995352264605
RO,2018-03-01,-9,50.96473053566259
RO,2018-04-01,-8,-1.4707497244024843
RO,2018-05-01,-7,-41.64136482815371
RO,2018-06-01,-6,-40.13419948144486
RO,2018-07-01,-5,-46.43364369741214
RO,2018-08-01,-4,-36.558719403741456
RO,2018-09-01,-3,-7.330119758350493
RO,2018-10-01,-2,6.181094357787536
RO,2018-11-01,-1,1.6319258641318584
RO,2018-12-01,0,4.551712387594016
RO,2019-01-01,1,9.665411463925459
RO,2019-02-01,2,-12.239735299111416
RO,2019-03-01,3,-2.5305987683831646
RO,2019-04-01,4,-18.888492079915192
RO,2019-05-01,5,32.02752935985542
RO,2019-06-01,6,60.809982412857195
RO,2019-07-01,7,134.370558910853
RO,2019-08-01,8,99.15934849141799
RO,2019-09-01,9,28.100465609277492
RO,2019-10-01,10,20.807766930604004
RO,2019-11-01,11,119.66785736500405
RO,2019-12-01,12,169.89686617576535
RO,2020-01-01,13,138.15058906873304
RO,2020-02-01,14,111.3558635653437
RO,2020-03-01,15,137.1065180799177
RO,2020-04-01,16,51.91204294141728
RO,2020-05-01,17,12.313472227784303
RO,2020-06-01,18,-8.76075746708645
RO,2020-07-01,19,86.31165640925187
RO,2020-08-01,20,78.9414259437807
RO,2020-09-01,21,99.62816053426205
RO,2020-10-01,22,78.39483874290522
RO,2020-11-01,23,90.71886011103544
RS,2016-02-01,-34,113.15018436116418
RS,2016-03-01,-33,149.5465441528789
RS,2016-04-01,-32,148.09620485684164
RS,2016-05-01,-31,154.3815979067278
RS,2016-06-01,-30,81.61097121997335
RS,2016-07-01,-29,17.96035842145371
RS,2016-08-01,-28,-20.551911662436403
RS,2016-09-01,-27,-6.865484633566695
RS,2016-10-01,-26,38.6396209896279
RS,2016-11-01,-25,86.32754345850918
RS,2016-12-01,-24,50.820661394398655
RS,2017-01-01,-23,73.92156472491403
RS,2017-02-01,-22,64.37157406330286
RS,2017-03-01,-21,89.03316667994002
RS,2017-04-01,-20,119.56351341982295
RS,2017-05-01,-19,135.38667876341637
RS,2017-06-01,-18,157.99652784415667
RS,2017-07-01,-17,92.06865314225243
RS,2017-08-01,-16,78.4147492312171
RS,2017-09-01,-15,79.52410545639401
RS,2017-10-01,-14,89.2456393410211
RS,2017-11-01,-13,41.8411674175019
RS,2017-12-01,-12,22.88614833591101
RS,2018-01-01,-11,39.53128533646836
RS,2018-02-01,-10,73.1979095023527
RS,2018-03-01,-9,50.680773985625265
RS,2018-04-01,-8,-1.8871054056136813
RS,2018-05-01,-7,-42.25821580742781
RS,2018-06-01,-6,-40.75188589006728
RS,2018-07-01,-5,-46.958670960027085
RS,2018-08-01,-4,-37.101255236842185
RS,2018-09-01,-3,-8.05545440910194
RS,2018-10-01,-2,5.34778476508238
RS,2018-11-01,-1,0.9256090265605224
RS,2018-12-01,0,3.9284275002013516
RS,2019-01-01,1,8.915536612188063
RS,2019-02-01,2,-12.493353083074005
RS,2019-03-01,3,-2.7721756353792415
RS,2019-04-01,4,-18.96299978294128
RS,2019-05-01,5,31.56973979294706
RS,2019-06-01,6,60.27712516610224
RS,2019-07-01,7,133.96836296295652
RS,2019-08-01,8,98.58504438785477
RS,2019-09-01,9,27.720283305462637
RS,2019-10-01,10,20.289326505674552
RS,2019-11-01,11,119.07867460633334
RS,2019-12-01,12,169.1145404790937
RS,2020-01-01,13,137.74689532778018
RS,2020-02-01,14,111.59747245254678
RS,2020-03-01,15,137.2757205879082
RS,2020-04-01,16,52.33844416275748
RS,2020-05-01,17,12.405911391024176
RS,2020-06-01,18,-8.35817533313488
RS,2020-07-01,19,86.16516526829777
RS,2020-08-01,20,78.84254424349861
RS,2020-09-01,21,99.39495818128388
RS,2020-10-01,22,78.02109282772639
RS,2020-11-01,23,90.04997116629576
SE,2016-02-01,-34,113.26010636432147
SE,2016-03-01,-33,149.6647941189898
SE,2016-04-01,-32,148.0723227080606
SE,2016-05-01,-31,154.31124998635676
SE,2016-06-01,-30,81.37056758418751
SE,2016-07-01,-29,17.900916852480567
SE,2016-08-01,-28,-20.795614679997612
SE,2016-09-01,-27,-6.908108820746804
SE,2016-10-01,-26,38.655597140017974
SE,2016-11-01,-25,86.37433116063116
SE,2016-12-01,-24,50.66449875311564
SE,2017-01-01,-23,73.63321324515255
SE,2017-02-01,-22,64.15835712440611
SE,2017-03-01,-21,88.8962211542552
SE,2017-04-01,-20,119.37762021302578
SE,2017-05-01,-19,135.17467618495422
SE,2017-06-01,-18,157.81561893612223
SE,2017-07-01,-17,92.04326503560874
SE,2017-08-01,-16,78.55532364589641
SE,2017-09-01,-15,79.82254645627569
SE,2017-10-01,-14,89.39600989930534
SE,2017-11-01,-13,41.90592777318812
SE,2017-12-01,-12,22.831079201612848
SE,2018-01-01,-11,39.472502101861835
SE,2018-02-01,-10,73.17531534106531
SE,2018-03-01,-9,50.63592812500298
SE,2018-04-01,-8,-1.845679629584403
SE,2018-05-01,-7,-42.12561139694492
SE,2018-06-01,-6,-40.58732070001285
SE,2018-07-01,-5,-46.827793395478196
SE,2018-08-01,-4,-37.02476850666245
SE,2018-09-01,-3,-7.968935360458898
SE,2018-10-01,-2,5.594221142781528
SE,2018-11-01,-1,1.2158534856982612
SE,2018-12-01,0,4.184017242153878
SE,2019-01-01,1,9.079961660945365
SE,2019-02-01,2,-12.539531907992135
SE,2019-03-01,3,-2.796994821447882
SE,2019-04-01,4,-18.95638031011189
SE,2019-05-01,5,31.760445950475898
SE,2019-06-01,6,60.55106740363466
SE,2019-07-01,7,134.1391926645209
SE,2019-08-01,8,98.79497413130426
SE,2019-09-01,9,27.78420496841383
SE,2019-10-01,10,20.285060142716013
SE,2019-11-01,11,119.0031264723071
SE,2019-12-01,12,169.23693572746296
SE,2020-01-01,13,137.8681162206397
SE,2020-02-01,14,111.57494515660392
SE,2020-03-01,15,137.399142229637
SE,2020-04-01,16,52.86567783686374
SE,2020-05-01,17,13.194693894940912
SE,2020-06-01,18,-7.912789002967543
SE,2020-07-01,19,86.23807034271678
SE,2020-08-01,20,78.75716005145786
SE,2020-09-01,21,99.34375185484707
SE,2020-10-01,22,77.98964780604888
SE,2020-11-01,23,90.03134437882784
SP,2016-02-01,-34,112.79906058559939
SP,2016-03-01,-33,149.3602233641842
SP,2016-04-01,-32,148.3543656991837
SP,2016-05-01,-31,154.56881033281468
SP,2016-06-01,-30,81.82583745585634
SP,2016-07-01,-29,17.471571477544902
SP,2016-08-01,-28,-20.882030519619903
SP,2016-09-01,-27,-7.487811949905158
SP,2016-10-01,-26,38.13867479567442
SP,2016-11-01,-25,86.08019193364876
SP,2016-12-01,-24,51.06375495672128
SP,2017-01-01,-23,74.5489163371875
SP,2017-02-01,-22,64.84956718474201
SP,2017-03-01,-21,89.40830810016222
SP,2017-04-01,-20,120.285421063597
SP,2017-05-01,-19,136.3862747299949
SP,2017-06-01,-18,159.00391309641248
SP,2017-07-01,-17,93.07699148248031
SP,2017-08-01,-16,78.98121937813714
SP,2017-09-01,-15,79.64160626554768
SP,2017-10-01,-14,89.22180706933813
SP,2017-11-01,-13,41.894989305020076
SP,2017-12-01,-12,23.284280486601144
SP,2018-01-01,-11,39.94574662748872
SP,2018-02-01,-10,73.7404703866506
SP,2018-03-01,-9,51.28733985821161
SP,2018-04-01,-8,-1.3679779699711077
SP,2018-05-01,-7,-41.73516796261352
SP,2018-06-01,-6,-40.33791774801048
SP,2018-07-01,-5,-46.57570754753587
SP,2018-08-01,-4,-36.502550540226224
SP,2018-09-01,-3,-7.200656470424574
SP,2018-10-01,-2,5.821887481332496
SP,2018-11-01,-1,1.0463889698839424
SP,2018-12-01,0,4.036856025852117
SP,2019-01-01,1,9.540240634242117
SP,2019-02-01,2,-11.930437682181378
SP,2019-03-01,3,-2.3021987211687502
SP,2019-04-01,4,-18.86735883819761
SP,2019-05-01,5,31.639080741191776
SP,2019-06-01,6,60.17832570978766
SP,2019-07-01,7,134.01794292222093
SP,2019-08-01,8,98.77329917229073
SP,2019-09-01,9,28.10416330689629
SP,2019-10-01,10,21.12866786061131
SP,2019-11-01,11,120.2767777081569
SP,2019-12-01,12,169.93605097435523
SP,2020-01-01,13,137.97023119329884
SP,2020-02-01,14,111.29100299996901
SP,2020-03-01,15,136.5802362880789
SP,2020-04-01,16,49.83890515256353
SP,2020-05-01,17,9.534034050687524
SP,2020-06-01,18,-10.537087401408513
SP,2020-07-01,19,86.14631560153576
SP,2020-08-01,20,79.294779747665
SP,2020-09-01,21,99.94276941052604
SP,2020-10-01,22,78.72417960424647
SP,2020-11-01,23,91.17821584866047
