pseudo_treated_state,period_date,event_time,augmented_gap
AC,2018-08-01,-31,0.05000799443530646
AC,2018-09-01,-30,0.02206897886121073
AC,2018-10-01,-29,-0.002226942320909586
AC,2018-11-01,-28,-0.015737587703471334
AC,2018-12-01,-27,0.05985208269249309
AC,2019-01-01,-26,-0.019668407910113928
AC,2019-02-01,-25,-9.63554140120948e-5
AC,2019-03-01,-24,-0.012867770098238474
AC,2019-04-01,-23,0.01657430736536014
AC,2019-05-01,-22,0.015033265652003358
AC,2019-06-01,-21,-0.08717855346311687
AC,2019-07-01,-20,0.05847072707274137
AC,2019-08-01,-19,-0.0075907742937122435
AC,2019-09-01,-18,-0.06182742597413249
AC,2019-10-01,-17,-0.013456467126471416
AC,2019-11-01,-16,0.05871191570278089
AC,2019-12-01,-15,0.0521978960697389
AC,2020-01-01,-14,-0.04095960268192922
AC,2020-02-01,-13,-0.044903163969362225
AC,2020-03-01,-12,0.02398641842169358
AC,2020-04-01,-11,-0.02212327871740971
AC,2020-05-01,-10,-0.0036439588368741838
AC,2020-06-01,-9,0.045071055211275635
AC,2020-07-01,-8,0.024456697988136433
AC,2020-08-01,-7,-0.027815882652828527
AC,2020-09-01,-6,-0.014089719304419823
AC,2020-10-01,-5,0.07404405896090083
AC,2020-11-01,-4,0.028033789200864412
AC,2020-12-01,-3,0.04457292429117832
AC,2021-01-01,-2,-0.07378630866551728
AC,2021-02-01,-1,0.06696408496578687
AC,2021-03-01,0,0.020666167223957643
AC,2021-04-01,1,-0.03157014774145406
AC,2021-05-01,2,-0.08303438701583943
AC,2021-06-01,3,-0.14826276609392686
AC,2021-07-01,4,-0.12292769907671808
AC,2021-08-01,5,-0.13015259349988284
AC,2021-09-01,6,-0.022976267605312906
AC,2021-10-01,7,0.00981572761479832
AC,2021-11-01,8,0.06565727917108433
AC,2021-12-01,9,0.12871250269262813
AC,2022-01-01,10,-0.07466736308241018
AC,2022-02-01,11,-0.036232455397413155
AC,2022-03-01,12,-0.015051301985487875
AC,2022-04-01,13,-0.03275170653397996
AC,2022-05-01,14,-0.03648895315300216
AC,2022-06-01,15,-0.028816899336432833
AC,2022-07-01,16,0.02630609167105913
AC,2022-08-01,17,0.11908885219551468
AC,2022-09-01,18,0.15980734515496753
AC,2022-10-01,19,0.176855321137376
AC,2022-11-01,20,0.2643169469080515
AC,2022-12-01,21,0.2738635617254781
AC,2023-01-01,22,0.28343637383037734
AC,2023-02-01,23,0.2551017155465152
AP,2018-08-01,-31,-0.017653400348396353
AP,2018-09-01,-30,-0.05060985232119908
AP,2018-10-01,-29,-0.06940884558760807
AP,2018-11-01,-28,0.013165992852644415
AP,2018-12-01,-27,-0.11918160613934692
AP,2019-01-01,-26,-4.646629684685877e-4
AP,2019-02-01,-25,-0.007150369402675771
AP,2019-03-01,-24,0.0052380912437577365
AP,2019-04-01,-23,-0.0018012552298367623
AP,2019-05-01,-22,-0.030363072183599016
AP,2019-06-01,-21,-0.03675244663888666
AP,2019-07-01,-20,-0.0599286858350343
AP,2019-08-01,-19,0.006049870990517903
AP,2019-09-01,-18,0.02894253764418675
AP,2019-10-01,-17,-0.0015771651770126738
AP,2019-11-01,-16,0.024242218436740792
AP,2019-12-01,-15,-0.034422614911420624
AP,2020-01-01,-14,0.046461121134998784
AP,2020-02-01,-13,0.018979290802633386
AP,2020-03-01,-12,0.014298676463236681
AP,2020-04-01,-11,0.01146270008423933
AP,2020-05-01,-10,-0.02793943593907855
AP,2020-06-01,-9,0.0033446339501956857
AP,2020-07-01,-8,-0.002038527921966349
AP,2020-08-01,-7,0.03271361733189693
AP,2020-09-01,-6,0.009027785540754785
AP,2020-10-01,-5,-0.036219528853097316
AP,2020-11-01,-4,0.027708736857642968
AP,2020-12-01,-3,-0.023329239065569496
AP,2021-01-01,-2,0.02826780938799267
AP,2021-02-01,-1,-0.016554829321489883
AP,2021-03-01,0,-0.01951463693833677
AP,2021-04-01,1,0.03144897124247503
AP,2021-05-01,2,0.04373817025381754
AP,2021-06-01,3,0.08408774590946155
AP,2021-07-01,4,0.09003071166083121
AP,2021-08-01,5,0.06734415080723899
AP,2021-09-01,6,0.020839746141640525
AP,2021-10-01,7,-0.013214707433434114
AP,2021-11-01,8,-0.050743809815799956
AP,2021-12-01,9,-0.16188247035823444
AP,2022-01-01,10,0.043084320384267016
AP,2022-02-01,11,0.06804165516972294
AP,2022-03-01,12,0.08728079643220177
AP,2022-04-01,13,0.043155716527929044
AP,2022-05-01,14,0.04215759392254004
AP,2022-06-01,15,0.0605990065772124
AP,2022-07-01,16,0.049175449606552846
AP,2022-08-01,17,0.08952814418494892
AP,2022-09-01,18,0.09183312564981883
AP,2022-10-01,19,0.11657791705226828
AP,2022-11-01,20,0.13761954838597745
AP,2022-12-01,21,0.07706766107150376
AP,2023-01-01,22,0.09403930364607671
AP,2023-02-01,23,0.07748399942070616
BA,2018-08-01,-31,-0.027988179620577647
BA,2018-09-01,-30,-0.016682155759452755
BA,2018-10-01,-29,-0.0016376003182676513
BA,2018-11-01,-28,0.02266089728763454
BA,2018-12-01,-27,-0.024271254127783415
BA,2019-01-01,-26,0.0021965234098271225
BA,2019-02-01,-25,-9.318707354042388e-4
BA,2019-03-01,-24,0.0045584744460587245
BA,2019-04-01,-23,-0.007214149494774169
BA,2019-05-01,-22,-7.350128809271439e-4
BA,2019-06-01,-21,0.04568834015399137
BA,2019-07-01,-20,-0.026889233989430217
BA,2019-08-01,-19,0.0034420063521896083
BA,2019-09-01,-18,0.02759871737143449
BA,2019-10-01,-17,0.012581854065389919
BA,2019-11-01,-16,0.006483147464340533
BA,2019-12-01,-15,-0.0300985248527752
BA,2020-01-01,-14,0.029744475453109764
BA,2020-02-01,-13,0.025011988177706
BA,2020-03-01,-12,-0.018861421252974075
BA,2020-04-01,-11,0.029865227629764846
BA,2020-05-01,-10,0.028407799292160973
BA,2020-06-01,-9,0.05896937554931636
BA,2020-07-01,-8,0.03051026225150011
BA,2020-08-01,-7,0.016187189066922514
BA,2020-09-01,-6,-0.006915258911390332
BA,2020-10-01,-5,-0.025880111413148832
BA,2020-11-01,-4,-0.01823190880354275
BA,2020-12-01,-3,-0.038956215396183325
BA,2021-01-01,-2,0.00517118950475659
BA,2021-02-01,-1,-0.0211512085845591
BA,2021-03-01,0,-0.010654732654836074
BA,2021-04-01,1,0.020667410666853847
BA,2021-05-01,2,0.06837529586648206
BA,2021-06-01,3,0.08505227983612329
BA,2021-07-01,4,0.06283819100737986
BA,2021-08-01,5,0.04333457543467567
BA,2021-09-01,6,0.022510254526880047
BA,2021-10-01,7,0.007306017484785876
BA,2021-11-01,8,-0.0380362426244929
BA,2021-12-01,9,-0.08839514125993908
BA,2022-01-01,10,-0.01000691048803315
BA,2022-02-01,11,0.0731723070661996
BA,2022-03-01,12,0.10049700919977855
BA,2022-04-01,13,0.13506067627200036
BA,2022-05-01,14,0.21236359922502235
BA,2022-06-01,15,0.19155134877488678
BA,2022-07-01,16,0.1825293889198738
BA,2022-08-01,17,0.1644490377893284
BA,2022-09-01,18,0.13236781999024938
BA,2022-10-01,19,0.1392310972747639
BA,2022-11-01,20,0.13289201103110493
BA,2022-12-01,21,0.10270063114858541
BA,2023-01-01,22,0.06681088242758992
BA,2023-02-01,23,0.0637465983987191
CE,2018-08-01,-31,0.026244515285861247
CE,2018-09-01,-30,0.02602768852572801
CE,2018-10-01,-29,-0.034655900332107414
CE,2018-11-01,-28,-0.002165515297834375
CE,2018-12-01,-27,0.006282968792445054
CE,2019-01-01,-26,-0.002504367331196633
CE,2019-02-01,-25,0.0051811042234488625
CE,2019-03-01,-24,0.0012609367791851511
CE,2019-04-01,-23,0.004891266231219049
CE,2019-05-01,-22,0.007418348219751181
CE,2019-06-01,-21,0.022480073854501903
CE,2019-07-01,-20,0.037276894490203105
CE,2019-08-01,-19,-0.017968492235183042
CE,2019-09-01,-18,-0.021567914999268467
CE,2019-10-01,-17,0.017353138324216033
CE,2019-11-01,-16,-0.007435318529627644
CE,2019-12-01,-15,-0.0035481455564330133
CE,2020-01-01,-14,-0.026936758990143694
CE,2020-02-01,-13,0.005826538727229824
CE,2020-03-01,-12,-0.0023503327669907037
CE,2020-04-01,-11,0.004747646414600126
CE,2020-05-01,-10,-2.681055515703079e-4
CE,2020-06-01,-9,-0.005992598975076646
CE,2020-07-01,-8,-9.553028016817677e-4
CE,2020-08-01,-7,-0.0010349774778921628
CE,2020-09-01,-6,0.0014985421189734893
CE,2020-10-01,-5,0.008819791658014609
CE,2020-11-01,-4,-0.011779315547059355
CE,2020-12-01,-3,0.01861864017352932
CE,2021-01-01,-2,-0.005223193709878338
CE,2021-02-01,-1,0.005025150704033088
CE,2021-03-01,0,0.014309944697954435
CE,2021-04-01,1,0.03300107030383703
CE,2021-05-01,2,0.0418581399581921
CE,2021-06-01,3,-0.01753694043547238
CE,2021-07-01,4,0.028784411626052275
CE,2021-08-01,5,-0.02535441627799262
CE,2021-09-01,6,-0.05114316227599325
CE,2021-10-01,7,-0.06179730117285054
CE,2021-11-01,8,-0.044436811087852135
CE,2021-12-01,9,-0.009628022301217953
CE,2022-01-01,10,-0.018348349004313924
CE,2022-02-01,11,-0.0020018939729498086
CE,2022-03-01,12,-0.00804423096565099
CE,2022-04-01,13,0.018046281600544667
CE,2022-05-01,14,0.0226050226721366
CE,2022-06-01,15,0.006205428122374457
CE,2022-07-01,16,0.0164685310504753
CE,2022-08-01,17,-0.008748608843340833
CE,2022-09-01,18,-0.014976024487191708
CE,2022-10-01,19,-0.012047430762841316
CE,2022-11-01,20,0.014635187500622315
CE,2022-12-01,21,0.03210774701578423
CE,2023-01-01,22,0.0689816106107708
CE,2023-02-01,23,0.07964567342806994
DF,2018-08-01,-31,0.09274530696357264
DF,2018-09-01,-30,0.07323989068976733
DF,2018-10-01,-29,-0.046423925705863844
DF,2018-11-01,-28,0.015230549609803745
DF,2018-12-01,-27,0.08264100545132358
DF,2019-01-01,-26,0.0033458090948190744
DF,2019-02-01,-25,0.0101639174451007
DF,2019-03-01,-24,-0.007294487250072201
DF,2019-04-01,-23,0.005744758812857853
DF,2019-05-01,-22,-0.0420589099618045
DF,2019-06-01,-21,-0.009462493602153899
DF,2019-07-01,-20,0.035940656757157186
DF,2019-08-01,-19,-0.0032625887385009378
DF,2019-09-01,-18,-0.05398372776172966
DF,2019-10-01,-17,0.04205369118132207
DF,2019-11-01,-16,-0.033178212062400014
DF,2019-12-01,-15,0.02718724910435988
DF,2020-01-01,-14,-0.09171618869521758
DF,2020-02-01,-13,-0.021516471378015822
DF,2020-03-01,-12,0.0031962632632351884
DF,2020-04-01,-11,0.025155587586946027
DF,2020-05-01,-10,0.037768957262740877
DF,2020-06-01,-9,0.03097414857272529
DF,2020-07-01,-8,0.016688824894045773
DF,2020-08-01,-7,-0.02704463719492356
DF,2020-09-01,-6,-0.005343998920424475
DF,2020-10-01,-5,-0.0575431853665993
DF,2020-11-01,-4,-0.06089250080859898
DF,2020-12-01,-3,0.04253069949494037
DF,2021-01-01,-2,-0.04202122000213926
DF,2021-02-01,-1,-0.03722294032422724
DF,2021-03-01,0,-0.05272898922382563
DF,2021-04-01,1,0.12963070145581312
DF,2021-05-01,2,0.11765766017316714
DF,2021-06-01,3,-0.14011628328711012
DF,2021-07-01,4,-0.18808645157056603
DF,2021-08-01,5,-0.17363665449567733
DF,2021-09-01,6,-0.14376491514823542
DF,2021-10-01,7,-0.14279462985813396
DF,2021-11-01,8,-0.15199276171837184
DF,2021-12-01,9,-0.08844795201811717
DF,2022-01-01,10,-0.08358394156057969
DF,2022-02-01,11,-0.1108256476772258
DF,2022-03-01,12,-0.16185214860218
DF,2022-04-01,13,-0.1913941674130477
DF,2022-05-01,14,-0.19889913927612657
DF,2022-06-01,15,-0.2377374226362603
DF,2022-07-01,16,-0.24866161179607005
DF,2022-08-01,17,-0.3066119733614521
DF,2022-09-01,18,-0.2682797830146333
DF,2022-10-01,19,-0.2812918377216791
DF,2022-11-01,20,-0.020768480506598408
DF,2022-12-01,21,-0.03532360208978247
DF,2023-01-01,22,-0.4002672829844842
DF,2023-02-01,23,-0.379739442399071
ES,2018-08-01,-31,-0.02050728327117568
ES,2018-09-01,-30,-0.006547050342650351
ES,2018-10-01,-29,0.00940884708907852
ES,2018-11-01,-28,-1.1843688208390546e-4
ES,2018-12-01,-27,0.00959550585366653
ES,2019-01-01,-26,-0.007571149230756191
ES,2019-02-01,-25,-0.00221181278294047
ES,2019-03-01,-24,-0.0034658375463596514
ES,2019-04-01,-23,0.01692932571909278
ES,2019-05-01,-22,0.015680667374287083
ES,2019-06-01,-21,0.042415865992620816
ES,2019-07-01,-20,0.024236733268652166
ES,2019-08-01,-19,0.012905936955671216
ES,2019-09-01,-18,-0.03432438120050829
ES,2019-10-01,-17,-0.01287917907011682
ES,2019-11-01,-16,0.03844239966130658
ES,2019-12-01,-15,-0.009950650703968833
ES,2020-01-01,-14,-0.013264321683144509
ES,2020-02-01,-13,-0.018848715161621676
ES,2020-03-01,-12,0.003980088846527785
ES,2020-04-01,-11,0.02588806782986719
ES,2020-05-01,-10,-0.038646383019984576
ES,2020-06-01,-9,0.025972039530072877
ES,2020-07-01,-8,0.014574702590719468
ES,2020-08-01,-7,-0.012539511677000625
ES,2020-09-01,-6,-0.016827549655034524
ES,2020-10-01,-5,0.014337950577246517
ES,2020-11-01,-4,0.02700627996142657
ES,2020-12-01,-3,-0.024798394880836128
ES,2021-01-01,-2,-0.017817663300658815
ES,2021-02-01,-1,0.011184811775109438
ES,2021-03-01,0,-0.02134015458656524
ES,2021-04-01,1,-0.027875958036250204
ES,2021-05-01,2,-0.02577790312489281
ES,2021-06-01,3,0.008623606501587666
ES,2021-07-01,4,-0.05844636229805111
ES,2021-08-01,5,-0.1072166817735205
ES,2021-09-01,6,-0.06328598230065552
ES,2021-10-01,7,-0.06991739838306898
ES,2021-11-01,8,-0.050298977232876574
ES,2021-12-01,9,-0.02364264417270956
ES,2022-01-01,10,-0.021327374046648195
ES,2022-02-01,11,-6.214459267219752e-4
ES,2022-03-01,12,-0.014534861182712078
ES,2022-04-01,13,0.10231471645194024
ES,2022-05-01,14,0.09298986402370968
ES,2022-06-01,15,0.09329131703786331
ES,2022-07-01,16,0.07853765543692504
ES,2022-08-01,17,-0.060405913000149525
ES,2022-09-01,18,-0.05047487460419209
ES,2022-10-01,19,-0.049925621468829284
ES,2022-11-01,20,0.04920505887260962
ES,2022-12-01,21,0.05819216315676812
ES,2023-01-01,22,0.12214154116766096
ES,2023-02-01,23,0.16048502716032242
GO,2018-08-01,-31,-0.007536303003540468
GO,2018-09-01,-30,0.016266695756418592
GO,2018-10-01,-29,-0.00302849169312136
GO,2018-11-01,-28,-0.006516731751530891
GO,2018-12-01,-27,0.011098288799063383
GO,2019-01-01,-26,-0.007805725186390333
GO,2019-02-01,-25,0.005905603194113596
GO,2019-03-01,-24,-0.0010594288852390221
GO,2019-04-01,-23,0.0035404066746682616
GO,2019-05-01,-22,-7.45847278338374e-4
GO,2019-06-01,-21,-0.004728885607067745
GO,2019-07-01,-20,-0.0012516663769019942
GO,2019-08-01,-19,-0.008974999866753208
GO,2019-09-01,-18,-0.02227212696539116
GO,2019-10-01,-17,0.022091809255294415
GO,2019-11-01,-16,0.011608702552171835
GO,2019-12-01,-15,0.003684357816889694
GO,2020-01-01,-14,0.008472329141830492
GO,2020-02-01,-13,0.0039154527640352654
GO,2020-03-01,-12,0.004303083338751179
GO,2020-04-01,-11,-0.012720942584556916
GO,2020-05-01,-10,-0.03332769779499234
GO,2020-06-01,-9,0.003957940323265241
GO,2020-07-01,-8,0.0033003365620674074
GO,2020-08-01,-7,-0.0076868075086142795
GO,2020-09-01,-6,-0.008946919712395918
GO,2020-10-01,-5,0.020147223313408347
GO,2020-11-01,-4,-0.0024493670771104092
GO,2020-12-01,-3,-0.015393623133725498
GO,2021-01-01,-2,-0.01466190479969054
GO,2021-02-01,-1,0.005084203668062948
GO,2021-03-01,0,0.01854946757913467
GO,2021-04-01,1,0.03632326602522706
GO,2021-05-01,2,0.046300066159952635
GO,2021-06-01,3,0.040421217703377366
GO,2021-07-01,4,0.023969887830763703
GO,2021-08-01,5,0.03263607906318633
GO,2021-09-01,6,0.029264738453116834
GO,2021-10-01,7,0.04190608711910926
GO,2021-11-01,8,0.049840593511889075
GO,2021-12-01,9,0.06635392520024297
GO,2022-01-01,10,-0.030637621983093055
GO,2022-02-01,11,0.03145448073984891
GO,2022-03-01,12,0.036070728931473006
GO,2022-04-01,13,0.021863988027393866
GO,2022-05-01,14,-0.0040320878262578574
GO,2022-06-01,15,-6.043035837857147e-4
GO,2022-07-01,16,0.030984551536336724
GO,2022-08-01,17,0.036615507119861945
GO,2022-09-01,18,0.02364011472823435
GO,2022-10-01,19,0.02773866286713833
GO,2022-11-01,20,0.018293959587073694
GO,2022-12-01,21,-0.008774115411140926
GO,2023-01-01,22,-0.010617226476913544
GO,2023-02-01,23,0.005397510404224093
MA,2018-08-01,-31,-0.012851689800154276
MA,2018-09-01,-30,-0.00835575118876175
MA,2018-10-01,-29,0.0010230671540263359
MA,2018-11-01,-28,0.015563709321340546
MA,2018-12-01,-27,0.022002939859087967
MA,2019-01-01,-26,-0.009922503768730273
MA,2019-02-01,-25,-0.0013427851344163244
MA,2019-03-01,-24,-0.005613285581739014
MA,2019-04-01,-23,0.01232720338401272
MA,2019-05-01,-22,-0.0249059392433173
MA,2019-06-01,-21,-0.037133073849608955
MA,2019-07-01,-20,-0.016599192520263983
MA,2019-08-01,-19,-0.00470223089507904
MA,2019-09-01,-18,-0.028414284308345472
MA,2019-10-01,-17,-3.914793103687586e-4
MA,2019-11-01,-16,0.03587434906510989
MA,2019-12-01,-15,0.0045352260461122285
MA,2020-01-01,-14,0.0152951292491883
MA,2020-02-01,-13,-0.013504824456909148
MA,2020-03-01,-12,0.009048953372210455
MA,2020-04-01,-11,0.0027822397359349438
MA,2020-05-01,-10,0.011764160436858795
MA,2020-06-01,-9,0.029827287147080384
MA,2020-07-01,-8,0.016393343030392415
MA,2020-08-01,-7,-0.013869626165831761
MA,2020-09-01,-6,-0.01037633344451283
MA,2020-10-01,-5,0.02894873554219668
MA,2020-11-01,-4,9.929407850908234e-4
MA,2020-12-01,-3,-0.022712540175084506
MA,2021-01-01,-2,-0.01670410337235939
MA,2021-02-01,-1,0.006181584183501343
MA,2021-03-01,0,-0.00362826619834955
MA,2021-04-01,1,0.004057538313606557
MA,2021-05-01,2,0.005985507557718428
MA,2021-06-01,3,-0.005865616256527595
MA,2021-07-01,4,-0.03501382881255832
MA,2021-08-01,5,-0.07108595006730845
MA,2021-09-01,6,-0.030082847460951356
MA,2021-10-01,7,-0.002185922025319087
MA,2021-11-01,8,0.010638339949724518
MA,2021-12-01,9,0.026965691525090207
MA,2022-01-01,10,-0.03590195045401412
MA,2022-02-01,11,-0.013729002328151552
MA,2022-03-01,12,-0.003574330384736868
MA,2022-04-01,13,-0.03734896259297393
MA,2022-05-01,14,-0.05723298223496176
MA,2022-06-01,15,-0.063655856046136
MA,2022-07-01,16,0.0019107943539049543
MA,2022-08-01,17,0.007876923196573848
MA,2022-09-01,18,0.0753855337422431
MA,2022-10-01,19,0.10669498186118265
MA,2022-11-01,20,0.1113157172852981
MA,2022-12-01,21,0.06857383553577012
MA,2023-01-01,22,0.09988820220226913
MA,2023-02-01,23,0.08573108993303169
MG,2018-08-01,-31,4.582238484083234e-4
MG,2018-09-01,-30,-0.018453095758286686
MG,2018-10-01,-29,0.026513387407712585
MG,2018-11-01,-28,-0.006756524745195058
MG,2018-12-01,-27,0.03481722469141868
MG,2019-01-01,-26,0.0012303291584467857
MG,2019-02-01,-25,-0.007798608720776201
MG,2019-03-01,-24,-0.005266307160571415
MG,2019-04-01,-23,0.0025090159058276384
MG,2019-05-01,-22,0.029928045327927144
MG,2019-06-01,-21,-0.05868514339518249
MG,2019-07-01,-20,-0.001800779859493673
MG,2019-08-01,-19,0.009404514063922953
MG,2019-09-01,-18,-0.008994343248206249
MG,2019-10-01,-17,-0.03140843458271281
MG,2019-11-01,-16,3.572684992425579e-4
MG,2019-12-01,-15,0.014797976202888918
MG,2020-01-01,-14,-0.021238409586898044
MG,2020-02-01,-13,-0.018634385071266912
MG,2020-03-01,-12,0.009205153313120995
MG,2020-04-01,-11,-0.0033387680719600965
MG,2020-05-01,-10,0.020110126826343944
MG,2020-06-01,-9,0.019920091927031258
MG,2020-07-01,-8,0.00807005979137898
MG,2020-08-01,-7,-0.0020644901616222455
MG,2020-09-01,-6,0.0015623444267838238
MG,2020-10-01,-5,0.004155911695185033
MG,2020-11-01,-4,0.008862057061651996
MG,2020-12-01,-3,-0.02880453770315139
MG,2021-01-01,-2,-0.005791186005332349
MG,2021-02-01,-1,0.01245683326280922
MG,2021-03-01,0,-0.026383887821832097
MG,2021-04-01,1,-0.062229170152791724
MG,2021-05-01,2,-0.06792088136473229
MG,2021-06-01,3,-0.10297472286114573
MG,2021-07-01,4,-0.06585532536447669
MG,2021-08-01,5,-0.10853862842449402
MG,2021-09-01,6,-0.0559452375985634
MG,2021-10-01,7,-0.05882757616622314
MG,2021-11-01,8,0.040716196351914924
MG,2021-12-01,9,-0.07151852192320707
MG,2022-01-01,10,-0.0018299577041087645
MG,2022-02-01,11,-0.08826581585164828
MG,2022-03-01,12,-0.14421272682308928
MG,2022-04-01,13,-0.1719797826176066
MG,2022-05-01,14,-0.17307390537418144
MG,2022-06-01,15,-0.17397086896221925
MG,2022-07-01,16,-0.18252475334488683
MG,2022-08-01,17,-0.1778243200093339
MG,2022-09-01,18,-0.12580415490366725
MG,2022-10-01,19,-0.12307636912567244
MG,2022-11-01,20,-0.07198175098198867
MG,2022-12-01,21,-0.059618537385384585
MG,2023-01-01,22,-0.1096807800399171
MG,2023-02-01,23,-0.11407433706532366
MS,2018-08-01,-31,0.015740422436415713
MS,2018-09-01,-30,0.03488518289743858
MS,2018-10-01,-29,-0.0441731092835802
MS,2018-11-01,-28,-0.011612764017592703
MS,2018-12-01,-27,0.027337490512456597
MS,2019-01-01,-26,-0.019532839834837112
MS,2019-02-01,-25,0.006674428554026335
MS,2019-03-01,-24,-0.002399214636356284
MS,2019-04-01,-23,0.016564556205364234
MS,2019-05-01,-22,0.002329377126560672
MS,2019-06-01,-21,0.01615798433367832
MS,2019-07-01,-20,0.043090026576867224
MS,2019-08-01,-19,0.0024047607297514872
MS,2019-09-01,-18,-0.05797082948578325
MS,2019-10-01,-17,0.015789710512786215
MS,2019-11-01,-16,0.0025440504869145286
MS,2019-12-01,-15,-0.02958590145773332
MS,2020-01-01,-14,-0.012539172927086284
MS,2020-02-01,-13,-0.008903266500001727
MS,2020-03-01,-12,0.014270934098371768
MS,2020-04-01,-11,0.05585424072526912
MS,2020-05-01,-10,0.03226020613196123
MS,2020-06-01,-9,0.035746454278068995
MS,2020-07-01,-8,0.027797786951779813
MS,2020-08-01,-7,0.02765546163826116
MS,2020-09-01,-6,0.006800074527632205
MS,2020-10-01,-5,0.043991263298761574
MS,2020-11-01,-4,-0.002460197594171376
MS,2020-12-01,-3,0.007526688640159485
MS,2021-01-01,-2,-0.005536623537131469
MS,2021-02-01,-1,0.010312262820084683
MS,2021-03-01,0,-0.00721086352869893
MS,2021-04-01,1,0.03131930850473186
MS,2021-05-01,2,0.05685340190822252
MS,2021-06-01,3,-0.03432123087144223
MS,2021-07-01,4,-0.012142525203449495
MS,2021-08-01,5,-0.04537892697691781
MS,2021-09-01,6,-0.10478524626860786
MS,2021-10-01,7,-0.1148692122605528
MS,2021-11-01,8,-0.10617877364710893
MS,2021-12-01,9,-0.11923784264294834
MS,2022-01-01,10,-0.0900873647034528
MS,2022-02-01,11,-0.08376551163596613
MS,2022-03-01,12,-0.07785320558474318
MS,2022-04-01,13,-0.058712826854209865
MS,2022-05-01,14,-0.05195885882390172
MS,2022-06-01,15,-0.04338696262591135
MS,2022-07-01,16,-0.047351343520847244
MS,2022-08-01,17,-0.026186448025023346
MS,2022-09-01,18,-0.002065216809099546
MS,2022-10-01,19,0.0033935415884158715
MS,2022-11-01,20,0.03891707324471305
MS,2022-12-01,21,0.06735015417339874
MS,2023-01-01,22,0.11229837488000971
MS,2023-02-01,23,0.1521843727586223
MT,2018-08-01,-31,0.0013256147826679054
MT,2018-09-01,-30,0.029162859372886096
MT,2018-10-01,-29,0.051886673692142615
MT,2018-11-01,-28,-0.02380127082548089
MT,2018-12-01,-27,0.055088738274658766
MT,2019-01-01,-26,-0.009262610877470934
MT,2019-02-01,-25,0.0032828324820979304
MT,2019-03-01,-24,-0.010669640790001544
MT,2019-04-01,-23,-0.003928281882365603
MT,2019-05-01,-22,0.006794630957170256
MT,2019-06-01,-21,-0.07697122990195293
MT,2019-07-01,-20,0.005604996739655199
MT,2019-08-01,-19,-0.0014113422894288519
MT,2019-09-01,-18,-0.011076123723261944
MT,2019-10-01,-17,-4.6061055224821956e-4
MT,2019-11-01,-16,0.007559850690278758
MT,2019-12-01,-15,0.042856524939506535
MT,2020-01-01,-14,-0.04068410197072403
MT,2020-02-01,-13,-0.008155562100860436
MT,2020-03-01,-12,-0.016030171700019302
MT,2020-04-01,-11,-0.04391751208609396
MT,2020-05-01,-10,-0.007836686274617755
MT,2020-06-01,-9,8.170759515957471e-4
MT,2020-07-01,-8,-0.0012977280028856342
MT,2020-08-01,-7,-0.029807102480764236
MT,2020-09-01,-6,-0.011078017240971683
MT,2020-10-01,-5,0.045804036702598694
MT,2020-11-01,-4,-0.008109253253917537
MT,2020-12-01,-3,0.017328266975603412
MT,2021-01-01,-2,-0.02161416272017913
MT,2021-02-01,-1,0.06111658056168867
MT,2021-03-01,0,0.010910000546851428
MT,2021-04-01,1,-0.02720613420664897
MT,2021-05-01,2,-0.02968452587918957
MT,2021-06-01,3,-0.07811782695962233
MT,2021-07-01,4,-0.03922069735066014
MT,2021-08-01,5,0.044253326688938444
MT,2021-09-01,6,0.06701588064445385
MT,2021-10-01,7,0.1253260064876658
MT,2021-11-01,8,0.08424395889030833
MT,2021-12-01,9,0.16045607226957426
MT,2022-01-01,10,-0.05071073632490908
MT,2022-02-01,11,-0.10975513040543916
MT,2022-03-01,12,0.0468612000638835
MT,2022-04-01,13,0.02823148730069125
MT,2022-05-01,14,0.019870599316049287
MT,2022-06-01,15,-0.007412916003324277
MT,2022-07-01,16,0.13034988529630898
MT,2022-08-01,17,0.13902642396252585
MT,2022-09-01,18,-0.016891065422150575
MT,2022-10-01,19,0.1334504007877957
MT,2022-11-01,20,0.12567143306277906
MT,2022-12-01,21,0.09540861507376963
MT,2023-01-01,22,0.07732174063536323
MT,2023-02-01,23,0.08696889995372903
PA,2018-08-01,-31,-0.04293177409805704
PA,2018-09-01,-30,-0.014354838398565661
PA,2018-10-01,-29,0.008968411276063293
PA,2018-11-01,-28,0.014837101780624806
PA,2018-12-01,-27,-0.014222275657013839
PA,2019-01-01,-26,0.003008643484391449
PA,2019-02-01,-25,-0.003809988961002375
PA,2019-03-01,-24,0.0027359980546659557
PA,2019-04-01,-23,0.012645791101888015
PA,2019-05-01,-22,0.007146385887278228
PA,2019-06-01,-21,0.0013112865196935886
PA,2019-07-01,-20,0.0072799098616807
PA,2019-08-01,-19,0.008320566858819767
PA,2019-09-01,-18,-0.025746231091037686
PA,2019-10-01,-17,-0.02052628204874729
PA,2019-11-01,-16,5.869550204433693e-4
PA,2019-12-01,-15,-0.031518661615751675
PA,2020-01-01,-14,-0.015238069057153858
PA,2020-02-01,-13,-0.029825274062753593
PA,2020-03-01,-12,-0.017202512280681148
PA,2020-04-01,-11,0.0288841887312854
PA,2020-05-01,-10,-0.019517894506334343
PA,2020-06-01,-9,-0.012184696518014348
PA,2020-07-01,-8,-0.0025740043359991915
PA,2020-08-01,-7,-0.005528267870672288
PA,2020-09-01,-6,0.002507870206774676
PA,2020-10-01,-5,0.014271732155427763
PA,2020-11-01,-4,0.043935286055944545
PA,2020-12-01,-3,0.05378616797880831
PA,2021-01-01,-2,0.022007351879669734
PA,2021-02-01,-1,-8.9288210469185e-4
PA,2021-03-01,0,-0.06510246577833012
PA,2021-04-01,1,-0.05862517425494218
PA,2021-05-01,2,-0.05805428460091289
PA,2021-06-01,3,0.022263558033077224
PA,2021-07-01,4,-0.09251417055927647
PA,2021-08-01,5,-0.027489467512662458
PA,2021-09-01,6,-0.0375049939718588
PA,2021-10-01,7,-0.04960053947312204
PA,2021-11-01,8,-0.06756430157065818
PA,2021-12-01,9,-0.15126311764242573
PA,2022-01-01,10,0.030504561833150312
PA,2022-02-01,11,0.0663202725157177
PA,2022-03-01,12,0.052076935763547993
PA,2022-04-01,13,0.10242554216176458
PA,2022-05-01,14,0.11731477345230612
PA,2022-06-01,15,0.09685838543846792
PA,2022-07-01,16,0.020902382267895092
PA,2022-08-01,17,0.003763622661526078
PA,2022-09-01,18,-0.026030728137789616
PA,2022-10-01,19,-0.03098666851982923
PA,2022-11-01,20,0.011909518862291968
PA,2022-12-01,21,0.07951069271717603
PA,2023-01-01,22,0.11587931305349919
PA,2023-02-01,23,0.1406278180259628
PB,2018-08-01,-31,0.0056762025901102575
PB,2018-09-01,-30,0.004480312182489676
PB,2018-10-01,-29,5.754396809241058e-4
PB,2018-11-01,-28,-0.011060663527338477
PB,2018-12-01,-27,0.0017338989274975347
PB,2019-01-01,-26,0.0011789316490107282
PB,2019-02-01,-25,9.07322882245154e-4
PB,2019-03-01,-24,4.1754429286555705e-4
PB,2019-04-01,-23,-0.0050222937858039884
PB,2019-05-01,-22,0.0278158838335143
PB,2019-06-01,-21,0.03259448816704591
PB,2019-07-01,-20,0.014362250108471919
PB,2019-08-01,-19,0.0030035758559296966
PB,2019-09-01,-18,-0.009300922798973765
PB,2019-10-01,-17,7.157900526966188e-4
PB,2019-11-01,-16,-0.03480044468288934
PB,2019-12-01,-15,0.017352071390583035
PB,2020-01-01,-14,-0.01623424289815656
PB,2020-02-01,-13,0.0061063872631716976
PB,2020-03-01,-12,0.007824556322455933
PB,2020-04-01,-11,-0.013090945012516286
PB,2020-05-01,-10,0.014578608621964584
PB,2020-06-01,-9,-0.001914090588829076
PB,2020-07-01,-8,-0.0031126936325387433
PB,2020-08-01,-7,0.00551100479789568
PB,2020-09-01,-6,0.004462862947793411
PB,2020-10-01,-5,-0.01678563360547436
PB,2020-11-01,-4,-0.01307084008466397
PB,2020-12-01,-3,-0.005697274758420967
PB,2021-01-01,-2,-0.010802735300612376
PB,2021-02-01,-1,3.1874499667505773e-4
PB,2021-03-01,0,0.021889408979618885
PB,2021-04-01,1,0.012954054580465169
PB,2021-05-01,2,4.275309221535295e-4
PB,2021-06-01,3,-0.006842180305855372
PB,2021-07-01,4,0.025979282279879
PB,2021-08-01,5,0.0034882935180888808
PB,2021-09-01,6,0.029092469540900723
PB,2021-10-01,7,0.058298004893427624
PB,2021-11-01,8,0.057225538131024045
PB,2021-12-01,9,0.001326131476725223
PB,2022-01-01,10,-0.0014807292548058015
PB,2022-02-01,11,-0.06271385511439043
PB,2022-03-01,12,-0.09739868354418846
PB,2022-04-01,13,-0.10803765243481767
PB,2022-05-01,14,-0.10398114567843919
PB,2022-06-01,15,-0.10592666869942047
PB,2022-07-01,16,-0.11284550206733712
PB,2022-08-01,17,-0.141627497806617
PB,2022-09-01,18,-0.14965243463096023
PB,2022-10-01,19,-0.15567570136775988
PB,2022-11-01,20,-0.16348884549158882
PB,2022-12-01,21,-0.1512860649107557
PB,2023-01-01,22,-0.15350350659561496
PB,2023-02-01,23,-0.12488141013501419
PE,2018-08-01,-31,0.01864160433750328
PE,2018-09-01,-30,-0.010255932044596072
PE,2018-10-01,-29,0.020743682579955625
PE,2018-11-01,-28,-0.010098693064080955
PE,2018-12-01,-27,-0.008546669937428142
PE,2019-01-01,-26,0.006853891493842745
PE,2019-02-01,-25,-0.002826983086215762
PE,2019-03-01,-24,0.0013431626970481503
PE,2019-04-01,-23,-0.007382438994433471
PE,2019-05-01,-22,0.02553726676593815
PE,2019-06-01,-21,0.01330895690319256
PE,2019-07-01,-20,0.006410454638595908
PE,2019-08-01,-19,0.013805427091655886
PE,2019-09-01,-18,-1.0510679019581914e-4
PE,2019-10-01,-17,-0.012114724913519836
PE,2019-11-01,-16,-0.0375590793599887
PE,2019-12-01,-15,0.012568814689324803
PE,2020-01-01,-14,-0.010270179816440184
PE,2020-02-01,-13,0.0044332055435925
PE,2020-03-01,-12,-0.001995175870739274
PE,2020-04-01,-11,-0.008505294322864287
PE,2020-05-01,-10,-0.01406033767423498
PE,2020-06-01,-9,-0.01709523612338959
PE,2020-07-01,-8,-0.009942256015799344
PE,2020-08-01,-7,0.00880985143070312
PE,2020-09-01,-6,0.014072684564544247
PE,2020-10-01,-5,-0.006917267402281269
PE,2020-11-01,-4,1.013325680885302e-4
PE,2020-12-01,-3,0.008317660258019721
PE,2021-01-01,-2,0.01338049525346019
PE,2021-02-01,-1,-7.891995552533615e-4
PE,2021-03-01,0,0.0026330859845069554
PE,2021-04-01,1,-0.02315091504053779
PE,2021-05-01,2,-0.031810144994842915
PE,2021-06-01,3,0.0019055924243627231
PE,2021-07-01,4,0.008717612419132159
PE,2021-08-01,5,0.0035549493286426426
PE,2021-09-01,6,0.06694233634210889
PE,2021-10-01,7,0.0879579848961729
PE,2021-11-01,8,0.055795896236922715
PE,2021-12-01,9,-0.0255145166080899
PE,2022-01-01,10,0.030698948458706354
PE,2022-02-01,11,-0.04500848549047198
PE,2022-03-01,12,-0.09871457936248174
PE,2022-04-01,13,-0.12522467940536952
PE,2022-05-01,14,-0.10138740247926403
PE,2022-06-01,15,-0.15004342783437874
PE,2022-07-01,16,-0.15745836775808808
PE,2022-08-01,17,-0.1760261214922867
PE,2022-09-01,18,-0.20018511364911618
PE,2022-10-01,19,-0.2034873085419564
PE,2022-11-01,20,-0.19681613823754418
PE,2022-12-01,21,-0.1613528345574844
PE,2023-01-01,22,-0.21273621033470658
PE,2023-02-01,23,-0.20217166868013958
PI,2018-08-01,-31,-0.01626842750890045
PI,2018-09-01,-30,-0.024445686196560956
PI,2018-10-01,-29,0.03328603829966248
PI,2018-11-01,-28,-0.0055503822224540755
PI,2018-12-01,-27,-0.0014970913810001818
PI,2019-01-01,-26,-6.26621368145841e-4
PI,2019-02-01,-25,-0.0045993343263397435
PI,2019-03-01,-24,-0.0017037166992368569
PI,2019-04-01,-23,5.747487729239609e-4
PI,2019-05-01,-22,0.02008500568708982
PI,2019-06-01,-21,-0.029702775757991517
PI,2019-07-01,-20,-0.024534056378706204
PI,2019-08-01,-19,0.011391693224799937
PI,2019-09-01,-18,0.02325030429521835
PI,2019-10-01,-17,-0.016372313588666643
PI,2019-11-01,-16,0.009465435412020717
PI,2019-12-01,-15,0.01055727016242436
PI,2020-01-01,-14,0.024783128219652895
PI,2020-02-01,-13,-0.009053479363126726
PI,2020-03-01,-12,0.006130580635412386
PI,2020-04-01,-11,-0.021796192858944075
PI,2020-05-01,-10,-0.0310737913647543
PI,2020-06-01,-9,0.007108570945105974
PI,2020-07-01,-8,0.00201692643302831
PI,2020-08-01,-7,-0.002206413232363147
PI,2020-09-01,-6,-0.0011006937070643374
PI,2020-10-01,-5,0.0010958377697569688
PI,2020-11-01,-4,0.01661926122542745
PI,2020-12-01,-3,-0.02180836744500425
PI,2021-01-01,-2,-6.100395333668018e-4
PI,2021-02-01,-1,0.008236840818230284
PI,2021-03-01,0,6.281758612534105e-4
PI,2021-04-01,1,-0.015115927996334655
PI,2021-05-01,2,-0.03424561933857717
PI,2021-06-01,3,0.015064034543074811
PI,2021-07-01,4,-0.029760064271651565
PI,2021-08-01,5,0.030316938462600085
PI,2021-09-01,6,0.05806151938415738
PI,2021-10-01,7,0.06873221967611176
PI,2021-11-01,8,0.04536336184684053
PI,2021-12-01,9,0.01638546177470257
PI,2022-01-01,10,0.013915602913051828
PI,2022-02-01,11,-0.017013251760467085
PI,2022-03-01,12,-0.029295059462645767
PI,2022-04-01,13,-0.0764753622001928
PI,2022-05-01,14,-0.07993151965770107
PI,2022-06-01,15,-0.07097645050433954
PI,2022-07-01,16,-0.0563383679426126
PI,2022-08-01,17,-0.04514084469998281
PI,2022-09-01,18,-0.096271941578574
PI,2022-10-01,19,-0.09844949049490914
PI,2022-11-01,20,-0.08329708118236034
PI,2022-12-01,21,-0.08084781753345016
PI,2023-01-01,22,-0.0800771627163579
PI,2023-02-01,23,-0.058349050615555065
PR,2018-08-01,-31,-0.017187163859729182
PR,2018-09-01,-30,-0.01358499920833367
PR,2018-10-01,-29,0.019586120502784965
PR,2018-11-01,-28,0.009215676783824733
PR,2018-12-01,-27,-0.01228782653868521
PR,2019-01-01,-26,0.0032215758818034956
PR,2019-02-01,-25,-0.0022886458312418867
PR,2019-03-01,-24,0.0019565846878730753
PR,2019-04-01,-23,0.0028720751983977166
PR,2019-05-01,-22,0.011343168726903663
PR,2019-06-01,-21,0.025680777552185674
PR,2019-07-01,-20,-0.02284689485891711
PR,2019-08-01,-19,0.015215653784927063
PR,2019-09-01,-18,8.199435738731609e-5
PR,2019-10-01,-17,-0.015967452931271886
PR,2019-11-01,-16,-0.008299953323126275
PR,2019-12-01,-15,-0.015253625924137815
PR,2020-01-01,-14,0.01675984292770405
PR,2020-02-01,-13,-0.011405320203715874
PR,2020-03-01,-12,-0.008998357814527402
PR,2020-04-01,-11,0.014794575628473083
PR,2020-05-01,-10,-0.006850672172581618
PR,2020-06-01,-9,-0.004310207951756517
PR,2020-07-01,-8,-0.001273884159330052
PR,2020-08-01,-7,-0.00438747478011603
PR,2020-09-01,-6,-0.001411593509688558
PR,2020-10-01,-5,-0.016059591318669852
PR,2020-11-01,-4,0.013844129253834936
PR,2020-12-01,-3,-0.0015914450110443568
PR,2021-01-01,-2,0.013474137409716036
PR,2021-02-01,-1,-0.01652442699707457
PR,2021-03-01,0,-0.0327134343333384
PR,2021-04-01,1,-0.04070821960291937
PR,2021-05-01,2,-0.0405980446722527
PR,2021-06-01,3,-0.009656638593458666
PR,2021-07-01,4,-0.06135865209700775
PR,2021-08-01,5,-0.04333304776361491
PR,2021-09-01,6,-0.01807426735162032
PR,2021-10-01,7,-0.01706338768451854
PR,2021-11-01,8,-0.029617906459503907
PR,2021-12-01,9,-0.07686725103661995
PR,2022-01-01,10,0.017516696177525937
PR,2022-02-01,11,0.04327228986809484
PR,2022-03-01,12,0.056882879551879206
PR,2022-04-01,13,0.06795715041820394
PR,2022-05-01,14,0.0968793784227957
PR,2022-06-01,15,0.051395085062281076
PR,2022-07-01,16,0.02497156157960667
PR,2022-08-01,17,0.03951482328038125
PR,2022-09-01,18,0.016224813987675724
PR,2022-10-01,19,-0.004215998705432433
PR,2022-11-01,20,-0.009807541840337386
PR,2022-12-01,21,0.0038131646188270807
PR,2023-01-01,22,-0.03890542337869096
PR,2023-02-01,23,-0.031380937913358053
RN,2018-08-01,-31,0.018880992458025325
RN,2018-09-01,-30,0.016832211388293494
RN,2018-10-01,-29,-0.013461287879635186
RN,2018-11-01,-28,0.010565449638305857
RN,2018-12-01,-27,0.017363344537338676
RN,2019-01-01,-26,0.0083014880156842
RN,2019-02-01,-25,0.0037100908544847044
RN,2019-03-01,-24,-5.114666861407713e-4
RN,2019-04-01,-23,-0.0040118823317527585
RN,2019-05-01,-22,-0.023078105930755655
RN,2019-06-01,-21,-0.015646820192446675
RN,2019-07-01,-20,0.0032746158300618333
RN,2019-08-01,-19,-0.007061738313264065
RN,2019-09-01,-18,-0.015211109862115713
RN,2019-10-01,-17,0.006104670369167842
RN,2019-11-01,-16,-0.001550495230683957
RN,2019-12-01,-15,0.001938331235042945
RN,2020-01-01,-14,-0.014465615222503558
RN,2020-02-01,-13,0.010511015105600485
RN,2020-03-01,-12,-0.01367434881591656
RN,2020-04-01,-11,-0.019758247584696242
RN,2020-05-01,-10,0.025603361002692893
RN,2020-06-01,-9,-0.0195643819921818
RN,2020-07-01,-8,-0.007149212122547155
RN,2020-08-01,-7,0.0029103462287007886
RN,2020-09-01,-6,0.006331374600149431
RN,2020-10-01,-5,0.013304604040075496
RN,2020-11-01,-4,-0.014974103674015637
RN,2020-12-01,-3,0.03640590435725066
RN,2021-01-01,-2,0.01123767400793696
RN,2021-02-01,-1,-5.290147140950552e-4
RN,2021-03-01,0,-0.0012140408770910938
RN,2021-04-01,1,-0.016590898922205
RN,2021-05-01,2,-0.011391697278138935
RN,2021-06-01,3,-0.06526678292900101
RN,2021-07-01,4,0.03060946433302636
RN,2021-08-01,5,-0.01240446561659514
RN,2021-09-01,6,-0.02815415258973175
RN,2021-10-01,7,-0.010888461621541445
RN,2021-11-01,8,-0.024330719440036397
RN,2021-12-01,9,0.014183124630747557
RN,2022-01-01,10,0.0037713614462226985
RN,2022-02-01,11,0.03096241813854217
RN,2022-03-01,12,0.035176313344748245
RN,2022-04-01,13,0.03463369210298506
RN,2022-05-01,14,0.041620730157354124
RN,2022-06-01,15,-0.001576675409659778
RN,2022-07-01,16,0.0160412460403494
RN,2022-08-01,17,0.027951294135461602
RN,2022-09-01,18,0.03036311013615478
RN,2022-10-01,19,0.03248653556770975
RN,2022-11-01,20,0.05382190733035497
RN,2022-12-01,21,0.07624949122265345
RN,2023-01-01,22,0.085143195240442
RN,2023-02-01,23,0.060803815560937835
RO,2018-08-01,-31,0.0038601711608121647
RO,2018-09-01,-30,0.0018289508756152983
RO,2018-10-01,-29,-0.0018695709118876636
RO,2018-11-01,-28,0.0019896700501194076
RO,2018-12-01,-27,-0.008538888671189682
RO,2019-01-01,-26,0.0056644136912300525
RO,2019-02-01,-25,9.574379151642276e-4
RO,2019-03-01,-24,0.0025358605658380995
RO,2019-04-01,-23,-0.010802006988437363
RO,2019-05-01,-22,-0.007795361235178433
RO,2019-06-01,-21,-0.0034907670564310322
RO,2019-07-01,-20,-0.01774770394563774
RO,2019-08-01,-19,-0.004436041608985697
RO,2019-09-01,-18,0.02427013108907161
RO,2019-10-01,-17,0.0068648528617796245
RO,2019-11-01,-16,-0.02730585482293968
RO,2019-12-01,-15,0.0029090720848463647
RO,2020-01-01,-14,0.0142362188223073
RO,2020-02-01,-13,0.011656976458375823
RO,2020-03-01,-12,-0.0026979151821358016
RO,2020-04-01,-11,-0.01017409038501782
RO,2020-05-01,-10,0.02391528245990937
RO,2020-06-01,-9,-0.017363569317485172
RO,2020-07-01,-8,-0.009498071764060256
RO,2020-08-01,-7,0.008471819299477268
RO,2020-09-01,-6,0.010324455816848932
RO,2020-10-01,-5,-0.013342794137183311
RO,2020-11-01,-4,-0.017165762082695046
RO,2020-12-01,-3,0.0156961908761728
RO,2021-01-01,-2,0.011894729089148903
RO,2021-02-01,-1,-0.011935971773149312
RO,2021-03-01,0,0.010843757371155505
RO,2021-04-01,1,0.011683248832321524
RO,2021-05-01,2,0.03238788980870044
RO,2021-06-01,3,0.026400325875680863
RO,2021-07-01,4,0.03521856036265181
RO,2021-08-01,5,0.0809851020247443
RO,2021-09-01,6,0.036233610781953196
RO,2021-10-01,7,0.06027262910835418
RO,2021-11-01,8,0.04310010901738526
RO,2021-12-01,9,0.044232329085801325
RO,2022-01-01,10,0.01625481225996417
RO,2022-02-01,11,0.007810378272687046
RO,2022-03-01,12,0.03546337890890694
RO,2022-04-01,13,0.03898650968945283
RO,2022-05-01,14,0.05147029011716686
RO,2022-06-01,15,0.06387826924951678
RO,2022-07-01,16,0.06610032112631892
RO,2022-08-01,17,0.057370058055020934
RO,2022-09-01,18,0.043856318528293414
RO,2022-10-01,19,0.03434295095109352
RO,2022-11-01,20,-0.014179964854014848
RO,2022-12-01,21,-0.03786224659294657
RO,2023-01-01,22,-0.08659427106663653
RO,2023-02-01,23,-0.11375152571947922
RS,2018-08-01,-31,-0.021167235243558125
RS,2018-09-01,-30,-0.02953663715775079
RS,2018-10-01,-29,-0.02519561617250421
RS,2018-11-01,-28,0.027988611480518344
RS,2018-12-01,-27,-0.0338431001540096
RS,2019-01-01,-26,0.010808277611448425
RS,2019-02-01,-25,-0.004159459909288898
RS,2019-03-01,-24,0.007042825717082479
RS,2019-04-01,-23,-0.018313845196246348
RS,2019-05-01,-22,-0.03987172231140779
RS,2019-06-01,-21,-0.015574659727668916
RS,2019-07-01,-20,-0.04172937630751239
RS,2019-08-01,-19,-0.015105005840654329
RS,2019-09-01,-18,0.016401167155276397
RS,2019-10-01,-17,-0.0069409999836897995
RS,2019-11-01,-16,-0.00844997371662437
RS,2019-12-01,-15,-0.03128887941206493
RS,2020-01-01,-14,0.017777914606865508
RS,2020-02-01,-13,0.013331331059617035
RS,2020-03-01,-12,-0.023192584712164788
RS,2020-04-01,-11,0.045623314992735864
RS,2020-05-01,-10,0.024896374573944335
RS,2020-06-01,-9,-0.003828365776096909
RS,2020-07-01,-8,0.002191245949466847
RS,2020-08-01,-7,0.020527796658752706
RS,2020-09-01,-6,0.012616755340596697
RS,2020-10-01,-5,-0.031102191223173925
RS,2020-11-01,-4,-0.02420983685879552
RS,2020-12-01,-3,0.028481770755647062
RS,2021-01-01,-2,0.04241438149835375
RS,2021-02-01,-1,-0.05455114666007432
RS,2021-03-01,0,-0.029066372821271003
RS,2021-04-01,1,0.007736988987157467
RS,2021-05-01,2,0.034252723360356896
RS,2021-06-01,3,0.013076691798560525
RS,2021-07-01,4,0.05908992294640214
RS,2021-08-01,5,0.023154688504041232
RS,2021-09-01,6,-0.0035977307808918724
RS,2021-10-01,7,-0.05306551168283313
RS,2021-11-01,8,-0.06826832889934042
RS,2021-12-01,9,-0.09730697864322835
RS,2022-01-01,10,0.03140691913306437
RS,2022-02-01,11,0.029160226572321868
RS,2022-03-01,12,0.01989271008572402
RS,2022-04-01,13,0.054954813111824485
RS,2022-05-01,14,0.055767782052754455
RS,2022-06-01,15,0.06077784264985642
RS,2022-07-01,16,0.030737495352832767
RS,2022-08-01,17,0.16746865953831414
RS,2022-09-01,18,0.1873036246998394
RS,2022-10-01,19,0.19579195070930133
RS,2022-11-01,20,0.1501758872963137
RS,2022-12-01,21,0.12783526252252297
RS,2023-01-01,22,-0.12235754235711216
RS,2023-02-01,23,-0.021736771930468635
SE,2018-08-01,-31,0.002658383690913091
SE,2018-09-01,-30,0.016814131593580584
SE,2018-10-01,-29,0.0062347869289443025
SE,2018-11-01,-28,0.007652931639781535
SE,2018-12-01,-27,-0.015634406088739894
SE,2019-01-01,-26,-0.0019078445024867108
SE,2019-02-01,-25,0.006419773800397266
SE,2019-03-01,-24,0.006576516193285364
SE,2019-04-01,-23,0.017754733226358788
SE,2019-05-01,-22,-0.027918010824338424
SE,2019-06-01,-21,0.05784213223008905
SE,2019-07-01,-20,0.025174230600410574
SE,2019-08-01,-19,7.478866096874981e-4
SE,2019-09-01,-18,-0.012233279081770299
SE,2019-10-01,-17,0.015857661643435605
SE,2019-11-01,-16,-0.01185833006075665
SE,2019-12-01,-15,-0.02296313556810592
SE,2020-01-01,-14,-0.013207779546001497
SE,2020-02-01,-13,0.005960702812219054
SE,2020-03-01,-12,-0.008495752993177064
SE,2020-04-01,-11,0.007188700514142887
SE,2020-05-01,-10,-0.003494203658444661
SE,2020-06-01,-9,-0.012015913855402793
SE,2020-07-01,-8,-0.005896663521691714
SE,2020-08-01,-7,-0.017833133304362647
SE,2020-09-01,-6,-0.009499521925250498
SE,2020-10-01,-5,-0.009423604376610939
SE,2020-11-01,-4,0.009309255997807853
SE,2020-12-01,-3,0.0013560576554887405
SE,2021-01-01,-2,-0.0031144600899803976
SE,2021-02-01,-1,-0.013425484946328226
SE,2021-03-01,0,-0.007613742098022236
SE,2021-04-01,1,0.011869374663780796
SE,2021-05-01,2,0.03071176703716194
SE,2021-06-01,3,0.010703428918974467
SE,2021-07-01,4,0.013287333869498319
SE,2021-08-01,5,-0.05233269812350372
SE,2021-09-01,6,-0.04683529915108675
SE,2021-10-01,7,-0.04384103480862933
SE,2021-11-01,8,-0.0840663089869027
SE,2021-12-01,9,-0.04424759787121779
SE,2022-01-01,10,0.004073583672071557
SE,2022-02-01,11,0.08138020709428417
SE,2022-03-01,12,0.09943958418742671
SE,2022-04-01,13,0.10515347569231981
SE,2022-05-01,14,0.06307158545409841
SE,2022-06-01,15,0.030095995993337787
SE,2022-07-01,16,0.28010297516657356
SE,2022-08-01,17,0.2529979640649751
SE,2022-09-01,18,0.23162131582318768
SE,2022-10-01,19,0.2173282979616573
SE,2022-11-01,20,-0.022383747096818674
SE,2022-12-01,21,-0.0152573948001411
SE,2023-01-01,22,-0.007359309065215314
SE,2023-02-01,23,0.025149925175790955
SP,2018-08-01,-31,0.003285740863808506
SP,2018-09-01,-30,-0.009687315768117877
SP,2018-10-01,-29,0.012049506524632214
SP,2018-11-01,-28,-0.02921539062173828
SP,2018-12-01,-27,0.015295998975264347
SP,2019-01-01,-26,-0.004031046584944242
SP,2019-02-01,-25,0.0014329556033141344
SP,2019-03-01,-24,-0.004256545894516961
SP,2019-04-01,-23,-0.015178134399179477
SP,2019-05-01,-22,0.03236619321573375
SP,2019-06-01,-21,-0.010614563056329018
SP,2019-07-01,-20,-0.007923630692669548
SP,2019-08-01,-19,-0.008724696888907424
SP,2019-09-01,-18,0.025215227247321614
SP,2019-10-01,-17,0.035501113248034066
SP,2019-11-01,-16,0.01699115575040544
SP,2019-12-01,-15,0.048622329720227064
SP,2020-01-01,-14,0.02167312799260923
SP,2020-02-01,-13,0.025182098444832768
SP,2020-03-01,-12,0.014415831836828374
SP,2020-04-01,-11,-0.043014799014374994
SP,2020-05-01,-10,-0.005541137150622433
SP,2020-06-01,-9,-0.01119271958005541
SP,2020-07-01,-8,-0.022099359385866713
SP,2020-08-01,-7,-0.006048503697375196
SP,2020-09-01,-6,0.006386138709332911
SP,2020-10-01,-5,0.02401876344077092
SP,2020-11-01,-4,-0.002368161150967829
SP,2020-12-01,-3,-0.01782164440026701
SP,2021-01-01,-2,-0.005744981631044865
SP,2021-02-01,-1,0.022019062412128143
SP,2021-03-01,0,0.03363546222634195
SP,2021-04-01,1,0.03837479950415812
SP,2021-05-01,2,0.03694827195245498
SP,2021-06-01,3,-0.007299626983949814
SP,2021-07-01,4,0.05158369519484385
SP,2021-08-01,5,0.07086506000681503
SP,2021-09-01,6,0.07675722912818905
SP,2021-10-01,7,0.11089083723051729
SP,2021-11-01,8,0.12534539230791442
SP,2021-12-01,9,0.08028306910965188
SP,2022-01-01,10,0.05140357263702189
SP,2022-02-01,11,-0.1573971469406592
SP,2022-03-01,12,-0.27078752850650467
SP,2022-04-01,13,-0.3840456785450259
SP,2022-05-01,14,0.06377348540115779
SP,2022-06-01,15,-0.46020762608741705
SP,2022-07-01,16,-0.39433479103771507
SP,2022-08-01,17,-0.356554216354402
SP,2022-09-01,18,-0.26808114119581816
SP,2022-10-01,19,-0.17377101066531786
SP,2022-11-01,20,-0.087669809386805575
SP,2022-12-01,21,-0.10312504147737567
SP,2023-01-01,22,-0.04687486274331221
SP,2023-02-01,23,-0.038726116159131685
