state_abbrev,period_date,unemployment_rate_pnadc,formalization_rate_pnadc,labor_income_real_pnadc,unemployment_rate_pnadc_sa,formalization_rate_pnadc_sa,labor_income_real_pnadc_sa,year,quarter,treated_unit,donor_pool_main,excluded_from_main_donor_pool,donor_pool_exclusion_reason,analysis_period,instability_start_date,removal_date
AC,2012-01-01,0.092,,3312,0.0927679683111666,,3217.79336692377,2012,1,FALSE,TRUE,FALSE,,pre,2016-01-25,2017-05-04
AC,2012-04-01,0.09,,2753,0.0851738613721219,,2794.44810190301,2012,2,FALSE,TRUE,FALSE,,pre,2016-01-25,2017-05-04
AC,2012-07-01,0.077,,2803,0.081276093673771,,2851.87941869163,2012,3,FALSE,TRUE,FALSE,,pre,2016-01-25,2017-05-04
AC,2012-10-01,0.08199999999999999,,2880,0.093490940302956,,2888.87072330064,2012,4,FALSE,TRUE,FALSE,,pre,2016-01-25,2017-05-04
AC,2013-01-01,0.109,,2847,0.096523831109105,,2745.88159124201,2013,1,FALSE,TRUE,FALSE,,pre,2016-01-25,2017-05-04
AC,2013-04-01,0.095,,2668,0.0901034879515953,,2706.69444760077,2013,2,FALSE,TRUE,FALSE,,pre,2016-01-25,2017-05-04
AC,2013-07-01,0.08900000000000001,,2738,0.090230840960453,,2794.41222539332,2013,3,FALSE,TRUE,FALSE,,pre,2016-01-25,2017-05-04
AC,2013-10-01,0.07,,2709,0.0816250983967427,,2722.62133912759,2013,4,FALSE,TRUE,FALSE,,pre,2016-01-25,2017-05-04
AC,2014-01-01,0.081,,2693,0.0690045476838545,,2578.63163055218,2014,1,FALSE,TRUE,FALSE,,pre,2016-01-25,2017-05-04
AC,2014-04-01,0.097,,2675,0.0919976542653417,,2713.48521059632,2014,2,FALSE,TRUE,FALSE,,pre,2016-01-25,2017-05-04
AC,2014-07-01,0.07,,2624,0.0706472879266114,,2688.09852226434,2014,3,FALSE,TRUE,FALSE,,pre,2016-01-25,2017-05-04
AC,2014-10-01,0.063,,2621,0.0747810159808736,,2644.11990442432,2014,4,FALSE,TRUE,FALSE,,pre,2016-01-25,2017-05-04
AC,2015-01-01,0.08800000000000001,,2781,0.076469667559321,,2646.31089253053,2015,1,FALSE,TRUE,FALSE,,pre,2016-01-25,2017-05-04
AC,2015-04-01,0.08900000000000001,,2647,0.0838630339331048,,2690.49633213396,2015,2,FALSE,TRUE,FALSE,,pre,2016-01-25,2017-05-04
AC,2015-07-01,0.08900000000000001,,2483,0.0894926650882901,,2552.41325763776,2015,3,FALSE,TRUE,FALSE,,pre,2016-01-25,2017-05-04
AC,2015-10-01,0.077,0.468,2531,0.0887778938881301,0.471093035123733,2565.49600420183,2015,4,FALSE,TRUE,FALSE,,pre,2016-01-25,2017-05-04
AC,2016-01-01,0.08800000000000001,0.456,2759,0.0898559110888167,0.484986490786904,2598.69791004392,2016,1,FALSE,TRUE,FALSE,,crisis,2016-01-25,2017-05-04
AC,2016-04-01,0.111,0.517,2520,0.106408506826707,0.508752538317787,2577.11110403461,2016,2,FALSE,TRUE,FALSE,,crisis,2016-01-25,2017-05-04
AC,2016-07-01,0.122,0.532,2483,0.122852911334879,0.520847697572501,2553.37878743988,2016,3,FALSE,TRUE,FALSE,,crisis,2016-01-25,2017-05-04
AC,2016-10-01,0.117,0.499,2634,0.130583154443583,0.504804784430946,2673.09637486969,2016,4,FALSE,TRUE,FALSE,,crisis,2016-01-25,2017-05-04
AC,2017-01-01,0.159,0.497,2925,0.14399505997842801,0.504286673589445,2747.51733763303,2017,1,FALSE,TRUE,FALSE,,crisis,2016-01-25,2017-05-04
AC,2017-04-01,0.15,0.497,2582,0.146514531277654,0.489418010037114,2656.46179320164,2017,2,FALSE,TRUE,FALSE,,post,2016-01-25,2017-05-04
AC,2017-07-01,0.13699999999999998,0.484,2567,0.141088183478672,0.477171418501353,2632.01590779114,2017,3,FALSE,TRUE,FALSE,,post,2016-01-25,2017-05-04
AC,2017-10-01,0.123,0.464,2506,0.13553463929511,0.468591271207079,2541.93306915487,2017,4,FALSE,TRUE,FALSE,,post,2016-01-25,2017-05-04
AC,2018-01-01,0.146,0.469,2708,0.129942571062633,0.474529485806166,2526.72297373142,2018,1,FALSE,TRUE,FALSE,,post,2016-01-25,2017-05-04
AC,2018-04-01,0.13699999999999998,0.489,2457,0.134863132878383,0.483337668024141,2548.32292436914,2018,2,FALSE,TRUE,FALSE,,post,2016-01-25,2017-05-04
AL,2012-01-01,0.113,,2020,0.10922763232522,,1855.2577425739,2012,1,FALSE,TRUE,FALSE,,pre,2016-01-25,2017-05-04
AL,2012-04-01,0.117,,1994,0.113250353745748,,2026.13798821676,2012,2,FALSE,TRUE,FALSE,,pre,2016-01-25,2017-05-04
AL,2012-07-01,0.116,,2029,0.116694121460365,,2106.55641706292,2012,3,FALSE,TRUE,FALSE,,pre,2016-01-25,2017-05-04
AL,2012-10-01,0.111,,1912,0.117835680648263,,1918.92173834817,2012,4,FALSE,TRUE,FALSE,,pre,2016-01-25,2017-05-04
AL,2013-01-01,0.122,,2051,0.118304173338143,,1986.02318055993,2013,1,FALSE,TRUE,FALSE,,pre,2016-01-25,2017-05-04
AL,2013-04-01,0.108,,1993,0.10399631147199,,2026.05223154824,2013,2,FALSE,TRUE,FALSE,,pre,2016-01-25,2017-05-04
AL,2013-07-01,0.106,,2034,0.106826878460995,,2071.48575243058,2013,3,FALSE,TRUE,FALSE,,pre,2016-01-25,2017-05-04
AL,2013-10-01,0.095,,2068,0.102109819631857,,2071.15436962741,2013,4,FALSE,TRUE,FALSE,,pre,2016-01-25,2017-05-04
AL,2014-01-01,0.099,,2270,0.0951516077493635,,2202.6843295202,2014,1,FALSE,TRUE,FALSE,,pre,2016-01-25,2017-05-04
AL,2014-04-01,0.099,,2108,0.094495240611557,,2144.84159277472,2014,2,FALSE,TRUE,FALSE,,pre,2016-01-25,2017-05-04
AL,2014-07-01,0.099,,2112,0.100241289842888,,2154.63071689371,2014,3,FALSE,TRUE,FALSE,,pre,2016-01-25,2017-05-04
AL,2014-10-01,0.095,,2226,0.10248616837155,,2222.10195112408,2014,4,FALSE,TRUE,FALSE,,pre,2016-01-25,2017-05-04
AL,2015-01-01,0.112,,2212,0.107787848958532,,2141.90922299835,2015,1,FALSE,TRUE,FALSE,,pre,2016-01-25,2017-05-04
AL,2015-04-01,0.119,,2175,0.114169081471255,,2215.56375060298,2015,2,FALSE,TRUE,FALSE,,pre,2016-01-25,2017-05-04
AL,2015-07-01,0.109,,2162,0.110469431970121,,2212.44912157516,2015,3,FALSE,TRUE,FALSE,,pre,2016-01-25,2017-05-04
AL,2015-10-01,0.114,0.5389999999999999,2170,0.122016956821785,0.524035150334992,2155.98331269879,2015,4,FALSE,TRUE,FALSE,,pre,2016-01-25,2017-05-04
AL,2016-01-01,0.129,0.536,2275,0.124229846813978,0.527948363025182,2105.19367094006,2016,1,FALSE,TRUE,FALSE,,crisis,2016-01-25,2017-05-04
AL,2016-04-01,0.141,0.515,2047,0.136070403937914,0.526338170451575,2088.62125343961,2016,2,FALSE,TRUE,FALSE,,crisis,2016-01-25,2017-05-04
AL,2016-07-01,0.149,0.5229999999999999,2034,0.150645734301208,0.534790584012615,2091.36344055452,2016,3,FALSE,TRUE,FALSE,,crisis,2016-01-25,2017-05-04
AL,2016-10-01,0.15,0.55,2092,0.158332288664324,0.534463376954728,2114.21454021236,2016,4,FALSE,TRUE,FALSE,,crisis,2016-01-25,2017-05-04
AL,2017-01-01,0.177,0.5509999999999999,2192,0.171618618407973,0.544219673874184,2078.42854539508,2017,1,FALSE,TRUE,FALSE,,crisis,2016-01-25,2017-05-04
AL,2017-04-01,0.18,0.524,1990,0.175761835452008,0.534583832330911,2032.12469032872,2017,2,FALSE,TRUE,FALSE,,post,2016-01-25,2017-05-04
AL,2017-07-01,0.161,0.52,1935,0.162185624395826,0.531263141693663,2041.02294477813,2017,3,FALSE,TRUE,FALSE,,post,2016-01-25,2017-05-04
AL,2017-10-01,0.158,0.56,2060,0.16648568044387,0.543973446020361,2077.19838768211,2017,4,FALSE,TRUE,FALSE,,post,2016-01-25,2017-05-04
AL,2018-01-01,0.179,0.568,2237,0.173073151619847,0.56364610218193,2121.22450249197,2018,1,FALSE,TRUE,FALSE,,post,2016-01-25,2017-05-04
AL,2018-04-01,0.177,0.5489999999999999,2167,0.173776234469649,0.558808384341051,2213.35932318119,2018,2,FALSE,TRUE,FALSE,,post,2016-01-25,2017-05-04
AM,2012-01-01,0.111,,2942,0.102296189433356,,2864.60753700939,2012,1,TRUE,FALSE,TRUE,treated_unit,pre,2016-01-25,2017-05-04
AM,2012-04-01,0.091,,2875,0.0869899432364772,,2886.23266390634,2012,2,TRUE,FALSE,TRUE,treated_unit,pre,2016-01-25,2017-05-04
AM,2012-07-01,0.095,,2793,0.0986345491319894,,2847.56753417016,2012,3,TRUE,FALSE,TRUE,treated_unit,pre,2016-01-25,2017-05-04
AM,2012-10-01,0.083,,2755,0.0921229256491547,,2768.04173607866,2012,4,TRUE,FALSE,TRUE,treated_unit,pre,2016-01-25,2017-05-04
AM,2013-01-01,0.104,,2815,0.0952029194030103,,2734.4973143435,2013,1,TRUE,FALSE,TRUE,treated_unit,pre,2016-01-25,2017-05-04
AM,2013-04-01,0.103,,2730,0.0990371859833888,,2743.65244346121,2013,2,TRUE,FALSE,TRUE,treated_unit,pre,2016-01-25,2017-05-04
AM,2013-07-01,0.084,,2664,0.0877241883304547,,2717.74519157039,2013,3,TRUE,FALSE,TRUE,treated_unit,pre,2016-01-25,2017-05-04
AM,2013-10-01,0.077,,2835,0.0859419602774698,,2850.57613844779,2013,4,TRUE,FALSE,TRUE,treated_unit,pre,2016-01-25,2017-05-04
AM,2014-01-01,0.083,,2821,0.0742559108615757,,2734.11185403064,2014,1,TRUE,FALSE,TRUE,treated_unit,pre,2016-01-25,2017-05-04
AM,2014-04-01,0.084,,2797,0.0801307064378137,,2815.83178451908,2014,2,TRUE,FALSE,TRUE,treated_unit,pre,2016-01-25,2017-05-04
AM,2014-07-01,0.068,,2777,0.0718303092430592,,2830.28544556378,2014,3,TRUE,FALSE,TRUE,treated_unit,pre,2016-01-25,2017-05-04
AM,2014-10-01,0.079,,2760,0.0875530407657551,,2776.44025334264,2014,4,TRUE,FALSE,TRUE,treated_unit,pre,2016-01-25,2017-05-04
AM,2015-01-01,0.095,,2810,0.0865047162268961,,2717.31006199566,2015,1,TRUE,FALSE,TRUE,treated_unit,pre,2016-01-25,2017-05-04
AM,2015-04-01,0.097,,2643,0.0931829038532592,,2669.05964201881,2015,2,TRUE,FALSE,TRUE,treated_unit,pre,2016-01-25,2017-05-04
AM,2015-07-01,0.103,,2617,0.106876242756643,,2665.3228752862,2015,3,TRUE,FALSE,TRUE,treated_unit,pre,2016-01-25,2017-05-04
AM,2015-10-01,0.093,0.459,2679,0.101254325637439,0.46081379534106,2699.50871467795,2015,4,TRUE,FALSE,TRUE,treated_unit,pre,2016-01-25,2017-05-04
AM,2016-01-01,0.13,0.44200000000000006,2753,0.121678096345073,0.444220340783832,2654.48010905602,2016,1,TRUE,FALSE,TRUE,treated_unit,crisis,2016-01-25,2017-05-04
AM,2016-04-01,0.135,0.43299999999999994,2522,0.131222146230109,0.433986938304278,2556.32590989752,2016,2,TRUE,FALSE,TRUE,treated_unit,crisis,2016-01-25,2017-05-04
AM,2016-07-01,0.138,0.42399999999999993,2427,0.14206314094456,0.418942864395672,2467.98510964532,2016,3,TRUE,FALSE,TRUE,treated_unit,crisis,2016-01-25,2017-05-04
AM,2016-10-01,0.151,0.421,2382,0.15880933631901,0.422843524576534,2403.77004200178,2016,4,TRUE,FALSE,TRUE,treated_unit,crisis,2016-01-25,2017-05-04
AM,2017-01-01,0.18,0.419,2626,0.171792977382902,0.421335519472268,2530.459005583,2017,1,TRUE,FALSE,TRUE,treated_unit,crisis,2016-01-25,2017-05-04
AM,2017-04-01,0.156,0.4270000000000001,2580,0.15240509372847,0.427741968072023,2616.96604629202,2017,2,TRUE,FALSE,TRUE,treated_unit,post,2016-01-25,2017-05-04
AM,2017-07-01,0.163,0.461,2631,0.167371397736993,0.456173753261166,2662.62860560565,2017,3,TRUE,FALSE,TRUE,treated_unit,post,2016-01-25,2017-05-04
AM,2017-10-01,0.136,0.45200000000000007,2869,0.143211617615004,0.453762365845753,2893.15335812023,2017,4,TRUE,FALSE,TRUE,treated_unit,post,2016-01-25,2017-05-04
AM,2018-01-01,0.14,0.4570000000000001,2576,0.131617260884836,0.459244364531675,2488.6695445161,2018,1,TRUE,FALSE,TRUE,treated_unit,post,2016-01-25,2017-05-04
AM,2018-04-01,0.14300000000000002,0.463,2463,0.140080019946352,0.463744434652986,2496.37988713365,2018,2,TRUE,FALSE,TRUE,treated_unit,post,2016-01-25,2017-05-04
AP,2012-01-01,0.126,,2705,0.126230409307427,,2683.30930339064,2012,1,FALSE,TRUE,FALSE,,pre,2016-01-25,2017-05-04
AP,2012-04-01,0.147,,2721,0.140292820041033,,2793.63770148845,2012,2,FALSE,TRUE,FALSE,,pre,2016-01-25,2017-05-04
AP,2012-07-01,0.142,,2671,0.140050242913158,,2682.2843511678,2012,3,FALSE,TRUE,FALSE,,pre,2016-01-25,2017-05-04
AP,2012-10-01,0.12,,2902,0.128909450376626,,2844.33624368242,2012,4,FALSE,TRUE,FALSE,,pre,2016-01-25,2017-05-04
AP,2013-01-01,0.115,,2671,0.119846239142611,,2643.1037079833,2013,1,FALSE,TRUE,FALSE,,pre,2016-01-25,2017-05-04
AP,2013-04-01,0.14400000000000002,,2686,0.132676115177878,,2755.29707415171,2013,2,FALSE,TRUE,FALSE,,pre,2016-01-25,2017-05-04
AP,2013-07-01,0.109,,2909,0.107448858160537,,2927.90840431827,2013,3,FALSE,TRUE,FALSE,,pre,2016-01-25,2017-05-04
AP,2013-10-01,0.092,,3057,0.100236155904943,,3006.73321299367,2013,4,FALSE,TRUE,FALSE,,pre,2016-01-25,2017-05-04
AP,2014-01-01,0.114,,3123,0.10379189823312,,3077.32071549247,2014,1,FALSE,TRUE,FALSE,,pre,2016-01-25,2017-05-04
AP,2014-04-01,0.099,,2982,0.102734640080744,,3052.54190240393,2014,2,FALSE,TRUE,FALSE,,pre,2016-01-25,2017-05-04
AP,2014-07-01,0.107,,3131,0.107116290643051,,3157.1118662036,2014,3,FALSE,TRUE,FALSE,,pre,2016-01-25,2017-05-04
AP,2014-10-01,0.096,,3074,0.102346742954842,,3038.84796544653,2014,4,FALSE,TRUE,FALSE,,pre,2016-01-25,2017-05-04
AP,2015-01-01,0.097,,3035,0.0944675729547873,,2964.79384698687,2015,1,FALSE,TRUE,FALSE,,pre,2016-01-25,2017-05-04
AP,2015-04-01,0.103,,2829,0.0983202304250684,,2899.81107648578,2015,2,FALSE,TRUE,FALSE,,pre,2016-01-25,2017-05-04
AP,2015-07-01,0.119,,2860,0.122222919883665,,2893.94160462692,2015,3,FALSE,TRUE,FALSE,,pre,2016-01-25,2017-05-04
AP,2015-10-01,0.13,0.512,3101,0.134645553798464,0.517890279500283,3082.87317482913,2015,4,FALSE,TRUE,FALSE,,pre,2016-01-25,2017-05-04
AP,2016-01-01,0.14800000000000002,0.511,3195,0.146705383669073,0.513678326851047,3102.39462797706,2016,1,FALSE,TRUE,FALSE,,crisis,2016-01-25,2017-05-04
AP,2016-04-01,0.162,0.5129999999999999,3108,0.153557447629036,0.505894739992802,3175.59781385457,2016,2,FALSE,TRUE,FALSE,,crisis,2016-01-25,2017-05-04
AP,2016-07-01,0.151,0.518,3117,0.158835083745426,0.516126878054518,3159.49683409468,2016,3,FALSE,TRUE,FALSE,,crisis,2016-01-25,2017-05-04
AP,2016-10-01,0.17,0.5229999999999999,3237,0.172137474466098,0.529262492496247,3230.7261655802,2016,4,FALSE,TRUE,FALSE,,crisis,2016-01-25,2017-05-04
AP,2017-01-01,0.188,0.511,3545,0.172498058791685,0.514253779390618,3438.90358285728,2017,1,FALSE,TRUE,FALSE,,crisis,2016-01-25,2017-05-04
AP,2017-04-01,0.17600000000000002,0.518,3362,0.180516130311649,0.510475997275968,3428.1412820411,2017,2,FALSE,TRUE,FALSE,,post,2016-01-25,2017-05-04
AP,2017-07-01,0.17,0.502,3460,0.180232690744908,0.499181786426578,3502.81840851529,2017,3,FALSE,TRUE,FALSE,,post,2016-01-25,2017-05-04
AP,2017-10-01,0.18899999999999997,0.4670000000000001,2969,0.189742977837113,0.474167977487974,2969.98465368357,2017,4,FALSE,TRUE,FALSE,,post,2016-01-25,2017-05-04
AP,2018-01-01,0.21600000000000005,0.507,3265,0.21255757787786,0.510939642151713,3156.63501370074,2018,1,FALSE,TRUE,FALSE,,post,2016-01-25,2017-05-04
AP,2018-04-01,0.21600000000000005,0.52,2871,0.209459877013431,0.511618187099439,2937.81338178948,2018,2,FALSE,TRUE,FALSE,,post,2016-01-25,2017-05-04
BA,2012-01-01,0.116,,2290,0.105752779014217,,2201.32495832265,2012,1,FALSE,TRUE,FALSE,,pre,2016-01-25,2017-05-04
BA,2012-04-01,0.114,,2059,0.1098793291066,,2097.05970100975,2012,2,FALSE,TRUE,FALSE,,pre,2016-01-25,2017-05-04
BA,2012-07-01,0.108,,2037,0.111944410117572,,2068.39194858011,2012,3,FALSE,TRUE,FALSE,,pre,2016-01-25,2017-05-04
BA,2012-10-01,0.108,,2046,0.118296846623414,,2067.83290506937,2012,4,FALSE,TRUE,FALSE,,pre,2016-01-25,2017-05-04
BA,2013-01-01,0.134,,2137,0.120235220860896,,2043.48120186223,2013,1,FALSE,TRUE,FALSE,,pre,2016-01-25,2017-05-04
BA,2013-04-01,0.119,,2061,0.118528466789091,,2100.57744106588,2013,2,FALSE,TRUE,FALSE,,pre,2016-01-25,2017-05-04
BA,2013-07-01,0.107,,2071,0.110929867812353,,2104.46351384451,2013,3,FALSE,TRUE,FALSE,,pre,2016-01-25,2017-05-04
BA,2013-10-01,0.091,,2136,0.101154858500008,,2161.00279098802,2013,4,FALSE,TRUE,FALSE,,pre,2016-01-25,2017-05-04
BA,2014-01-01,0.116,,2264,0.106229178744811,,2160.15423016815,2014,1,FALSE,TRUE,FALSE,,pre,2016-01-25,2017-05-04
BA,2014-04-01,0.101,,2129,0.0968591317019326,,2172.41553158286,2014,2,FALSE,TRUE,FALSE,,pre,2016-01-25,2017-05-04
BA,2014-07-01,0.098,,2172,0.101604822749272,,2211.20338759727,2014,3,FALSE,TRUE,FALSE,,pre,2016-01-25,2017-05-04
BA,2014-10-01,0.098,,2123,0.10825591444987,,2151.25123580319,2014,4,FALSE,TRUE,FALSE,,pre,2016-01-25,2017-05-04
BA,2015-01-01,0.114,,2231,0.104200948564499,,2109.04584217822,2015,1,FALSE,TRUE,FALSE,,pre,2016-01-25,2017-05-04
BA,2015-04-01,0.128,,2167,0.124208286262195,,2220.62614688343,2015,2,FALSE,TRUE,FALSE,,pre,2016-01-25,2017-05-04
BA,2015-07-01,0.129,,2162,0.132341444305812,,2208.15954941815,2015,3,FALSE,TRUE,FALSE,,pre,2016-01-25,2017-05-04
BA,2015-10-01,0.124,0.455,2166,0.13400347864397,0.459008495739933,2193.63179006344,2015,4,FALSE,TRUE,FALSE,,pre,2016-01-25,2017-05-04
BA,2016-01-01,0.157,0.459,2309,0.14363669561262,0.454881032621763,2171.55152238639,2016,1,FALSE,TRUE,FALSE,,crisis,2016-01-25,2017-05-04
BA,2016-04-01,0.156,0.45100000000000007,2005,0.15641032430583,0.450045220688796,2065.54199440871,2016,2,FALSE,TRUE,FALSE,,crisis,2016-01-25,2017-05-04
BA,2016-07-01,0.16,0.453,2028,0.162821723886948,0.453967458703433,2086.25222991076,2016,3,FALSE,TRUE,FALSE,,crisis,2016-01-25,2017-05-04
BA,2016-10-01,0.16699999999999998,0.4489999999999999,2068,0.17686943363694,0.453027755163315,2090.65047492453,2016,4,FALSE,TRUE,FALSE,,crisis,2016-01-25,2017-05-04
BA,2017-01-01,0.187,0.4570000000000001,2370,0.177647469837281,0.45328816205595,2217.64682208547,2017,1,FALSE,TRUE,FALSE,,crisis,2016-01-25,2017-05-04
BA,2017-04-01,0.17600000000000002,0.45,2152,0.172980362725157,0.4485857127881,2223.26731557719,2017,2,FALSE,TRUE,FALSE,,post,2016-01-25,2017-05-04
BA,2017-07-01,0.168,0.453,2061,0.170623021022013,0.454150592136612,2126.32615193201,2017,3,FALSE,TRUE,FALSE,,post,2016-01-25,2017-05-04
BA,2017-10-01,0.151,0.45100000000000007,2347,0.160250995084094,0.454601171650499,2363.00292280701,2017,4,FALSE,TRUE,FALSE,,post,2016-01-25,2017-05-04
BA,2018-01-01,0.181,0.46,2480,0.168432993638687,0.457026271933567,2323.19258105833,2018,1,FALSE,TRUE,FALSE,,post,2016-01-25,2017-05-04
BA,2018-04-01,0.16699999999999998,0.46,2196,0.168094831305327,0.45820261948899,2270.59492254751,2018,2,FALSE,TRUE,FALSE,,post,2016-01-25,2017-05-04
CE,2012-01-01,0.073,,2113,0.069119464446918,,2062.48968524612,2012,1,FALSE,TRUE,FALSE,,pre,2016-01-25,2017-05-04
CE,2012-04-01,0.08199999999999999,,2038,0.078773345207219,,2048.88315714588,2012,2,FALSE,TRUE,FALSE,,pre,2016-01-25,2017-05-04
CE,2012-07-01,0.081,,2085,0.0804091452473351,,2083.1268861285,2012,3,FALSE,TRUE,FALSE,,pre,2016-01-25,2017-05-04
CE,2012-10-01,0.075,,2047,0.0826844876126268,,2090.28045291305,2012,4,FALSE,TRUE,FALSE,,pre,2016-01-25,2017-05-04
CE,2013-01-01,0.08900000000000001,,2157,0.0850852112542079,,2102.88203938106,2013,1,FALSE,TRUE,FALSE,,pre,2016-01-25,2017-05-04
CE,2013-04-01,0.085,,2158,0.0819249115494058,,2168.52248251256,2013,2,FALSE,TRUE,FALSE,,pre,2016-01-25,2017-05-04
CE,2013-07-01,0.073,,2214,0.0722599743859232,,2219.07011414835,2013,3,FALSE,TRUE,FALSE,,pre,2016-01-25,2017-05-04
CE,2013-10-01,0.069,,2109,0.0768658432531825,,2149.15575021303,2013,4,FALSE,TRUE,FALSE,,pre,2016-01-25,2017-05-04
CE,2014-01-01,0.079,,2240,0.0747028974392923,,2178.3141603936,2014,1,FALSE,TRUE,FALSE,,pre,2016-01-25,2017-05-04
CE,2014-04-01,0.075,,2143,0.0722231401100625,,2156.86178187954,2014,2,FALSE,TRUE,FALSE,,pre,2016-01-25,2017-05-04
CE,2014-07-01,0.075,,2140,0.0742759788753451,,2156.69188677372,2014,3,FALSE,TRUE,FALSE,,pre,2016-01-25,2017-05-04
CE,2014-10-01,0.066,,2099,0.0740718823849967,,2131.56367647572,2014,4,FALSE,TRUE,FALSE,,pre,2016-01-25,2017-05-04
CE,2015-01-01,0.081,,2145,0.0760180590229418,,2071.92063264168,2015,1,FALSE,TRUE,FALSE,,pre,2016-01-25,2017-05-04
CE,2015-04-01,0.08900000000000001,,2137,0.0865633611936082,,2160.31485489409,2015,2,FALSE,TRUE,FALSE,,pre,2016-01-25,2017-05-04
CE,2015-07-01,0.097,,2103,0.0965833056656041,,2129.79621175197,2015,3,FALSE,TRUE,FALSE,,pre,2016-01-25,2017-05-04
CE,2015-10-01,0.091,0.46,2123,0.0991677063497008,0.460645835183448,2146.75550322049,2015,4,FALSE,TRUE,FALSE,,pre,2016-01-25,2017-05-04
CE,2016-01-01,0.109,0.466,2256,0.103183397110594,0.467193976391765,2171.46332303429,2016,1,FALSE,TRUE,FALSE,,crisis,2016-01-25,2017-05-04
CE,2016-04-01,0.116,0.461,2086,0.113965318553977,0.459058207255457,2121.3944159037,2016,2,FALSE,TRUE,FALSE,,crisis,2016-01-25,2017-05-04
CE,2016-07-01,0.133,0.45200000000000007,2009,0.13294818922769,0.451726498890234,2042.24348996663,2016,3,FALSE,TRUE,FALSE,,crisis,2016-01-25,2017-05-04
CE,2016-10-01,0.126,0.461,2103,0.134220887229513,0.462172372590705,2120.04324781047,2016,4,FALSE,TRUE,FALSE,,crisis,2016-01-25,2017-05-04
CE,2017-01-01,0.145,0.4620000000000001,2243,0.138299463781131,0.463178817282517,2147.37305852946,2017,1,FALSE,TRUE,FALSE,,crisis,2016-01-25,2017-05-04
CE,2017-04-01,0.133,0.4570000000000001,2071,0.131579836381485,0.455046638642766,2119.05882871647,2017,2,FALSE,TRUE,FALSE,,post,2016-01-25,2017-05-04
CE,2017-07-01,0.119,0.45200000000000007,2131,0.119191714820454,0.45107376818632,2166.38155237897,2017,3,FALSE,TRUE,FALSE,,post,2016-01-25,2017-05-04
CE,2017-10-01,0.112,0.45,2246,0.12006332448899,0.451823720366664,2258.57359098002,2017,4,FALSE,TRUE,FALSE,,post,2016-01-25,2017-05-04
CE,2018-01-01,0.129,0.43999999999999995,2334,0.121745074977835,0.441320998423492,2230.55733993559,2018,1,FALSE,TRUE,FALSE,,post,2016-01-25,2017-05-04
CE,2018-04-01,0.118,0.456,2203,0.116998230234241,0.454192382897718,2263.83875687715,2018,2,FALSE,TRUE,FALSE,,post,2016-01-25,2017-05-04
DF,2012-01-01,0.08800000000000001,,6531,0.0926378113170196,,6287.75680374937,2012,1,FALSE,TRUE,FALSE,,pre,2016-01-25,2017-05-04
DF,2012-04-01,0.085,,6046,0.0847428973298254,,6150.19423096296,2012,2,FALSE,TRUE,FALSE,,pre,2016-01-25,2017-05-04
DF,2012-07-01,0.087,,6022,0.0869008893414136,,6209.26077123321,2012,3,FALSE,TRUE,FALSE,,pre,2016-01-25,2017-05-04
DF,2012-10-01,0.08900000000000001,,6238,0.0928297734910113,,6194.94613232557,2012,4,FALSE,TRUE,FALSE,,pre,2016-01-25,2017-05-04
DF,2013-01-01,0.097,,6358,0.0878925492004743,,6106.47150775141,2013,1,FALSE,TRUE,FALSE,,pre,2016-01-25,2017-05-04
DF,2013-04-01,0.092,,6134,0.0939453162520684,,6240.44453986284,2013,2,FALSE,TRUE,FALSE,,pre,2016-01-25,2017-05-04
DF,2013-07-01,0.08900000000000001,,5956,0.090007363671128,,6144.71745923719,2013,3,FALSE,TRUE,FALSE,,pre,2016-01-25,2017-05-04
DF,2013-10-01,0.085,,6228,0.0890082872023002,,6190.18590189522,2013,4,FALSE,TRUE,FALSE,,pre,2016-01-25,2017-05-04
DF,2014-01-01,0.09,,6220,0.0841121194047456,,5956.70406610816,2014,1,FALSE,TRUE,FALSE,,pre,2016-01-25,2017-05-04
DF,2014-04-01,0.091,,5659,0.0893837745220497,,5768.82014215761,2014,2,FALSE,TRUE,FALSE,,pre,2016-01-25,2017-05-04
DF,2014-07-01,0.08900000000000001,,5576,0.0901887797715203,,5770.62260226301,2014,3,FALSE,TRUE,FALSE,,pre,2016-01-25,2017-05-04
DF,2014-10-01,0.08800000000000001,,5769,0.0923370116582398,,5736.09470147406,2014,4,FALSE,TRUE,FALSE,,pre,2016-01-25,2017-05-04
DF,2015-01-01,0.108,,6207,0.098142009242526,,5921.10272126899,2015,1,FALSE,TRUE,FALSE,,pre,2016-01-25,2017-05-04
DF,2015-04-01,0.098,,6042,0.0998392600871348,,6168.82720991365,2015,2,FALSE,TRUE,FALSE,,pre,2016-01-25,2017-05-04
DF,2015-07-01,0.104,,5918,0.105329642346297,,6114.58111257807,2015,3,FALSE,TRUE,FALSE,,pre,2016-01-25,2017-05-04
DF,2015-10-01,0.098,0.747,6112,0.102766232833203,0.749150675773131,6083.08980907858,2015,4,FALSE,TRUE,FALSE,,pre,2016-01-25,2017-05-04
DF,2016-01-01,0.113,0.747,6423,0.112388856021809,0.751663744495043,6110.07584680857,2016,1,FALSE,TRUE,FALSE,,crisis,2016-01-25,2017-05-04
DF,2016-04-01,0.11,0.745,5820,0.113232463953343,0.744889239444776,5968.95225131664,2016,2,FALSE,TRUE,FALSE,,crisis,2016-01-25,2017-05-04
DF,2016-07-01,0.121,0.735,5882,0.122234536712416,0.74002948864599,6086.12713123826,2016,3,FALSE,TRUE,FALSE,,crisis,2016-01-25,2017-05-04
DF,2016-10-01,0.14,0.7310000000000001,5764,0.144391738663964,0.732714174284544,5726.9550769206,2016,4,FALSE,TRUE,FALSE,,crisis,2016-01-25,2017-05-04
DF,2017-01-01,0.14300000000000002,0.734,6114,0.135654178094396,0.72377655032709,5773.08982299696,2017,1,FALSE,TRUE,FALSE,,crisis,2016-01-25,2017-05-04
DF,2017-04-01,0.133,0.727,5708,0.132193269304659,0.726748054451437,5897.21555904502,2017,2,FALSE,TRUE,FALSE,,post,2016-01-25,2017-05-04
DF,2017-07-01,0.123,0.714,5774,0.122929254417328,0.718709736330418,5970.68558715803,2017,3,FALSE,TRUE,FALSE,,post,2016-01-25,2017-05-04
DF,2017-10-01,0.134,0.722,6111,0.138757643524802,0.723285591933697,6062.47393260716,2017,4,FALSE,TRUE,FALSE,,post,2016-01-25,2017-05-04
DF,2018-01-01,0.141,0.734,6401,0.130305445386011,0.724574694273197,6046.30376943374,2018,1,FALSE,TRUE,FALSE,,post,2016-01-25,2017-05-04
DF,2018-04-01,0.123,0.719,5752,0.125499650633967,0.718447282148198,5973.27350188877,2018,2,FALSE,TRUE,FALSE,,post,2016-01-25,2017-05-04
ES,2012-01-01,0.076,,3050,0.0726231531947459,,2972.60013447871,2012,1,FALSE,TRUE,FALSE,,pre,2016-01-25,2017-05-04
ES,2012-04-01,0.07200000000000001,,2978,0.0716430688447662,,3036.23440594271,2012,2,FALSE,TRUE,FALSE,,pre,2016-01-25,2017-05-04
ES,2012-07-01,0.069,,2931,0.0688783141642296,,2979.72717340735,2012,3,FALSE,TRUE,FALSE,,pre,2016-01-25,2017-05-04
ES,2012-10-01,0.067,,2984,0.0709187046087607,,2958.60456680584,2012,4,FALSE,TRUE,FALSE,,pre,2016-01-25,2017-05-04
ES,2013-01-01,0.078,,3090,0.0743791712080246,,3003.63746389958,2013,1,FALSE,TRUE,FALSE,,pre,2016-01-25,2017-05-04
ES,2013-04-01,0.077,,2966,0.0769392956226025,,3029.16578403934,2013,2,FALSE,TRUE,FALSE,,pre,2016-01-25,2017-05-04
ES,2013-07-01,0.07200000000000001,,3070,0.0719387147894344,,3122.49744985796,2013,3,FALSE,TRUE,FALSE,,pre,2016-01-25,2017-05-04
ES,2013-10-01,0.059,,3139,0.062725767543416,,3115.51947929794,2013,4,FALSE,TRUE,FALSE,,pre,2016-01-25,2017-05-04
ES,2014-01-01,0.064,,3186,0.0600359517383082,,3082.69843459239,2014,1,FALSE,TRUE,FALSE,,pre,2016-01-25,2017-05-04
ES,2014-04-01,0.066,,3045,0.0665199831540038,,3117.5294683274,2014,2,FALSE,TRUE,FALSE,,pre,2016-01-25,2017-05-04
ES,2014-07-01,0.059,,3059,0.0588368485415345,,3118.86423224905,2014,3,FALSE,TRUE,FALSE,,pre,2016-01-25,2017-05-04
ES,2014-10-01,0.062,,3180,0.0656693343603148,,3163.58440588162,2014,4,FALSE,TRUE,FALSE,,pre,2016-01-25,2017-05-04
ES,2015-01-01,0.071,,3140,0.0666684012946778,,3006.30277188845,2015,1,FALSE,TRUE,FALSE,,pre,2016-01-25,2017-05-04
ES,2015-04-01,0.068,,3124,0.0688767446042863,,3211.78907142797,2015,2,FALSE,TRUE,FALSE,,pre,2016-01-25,2017-05-04
ES,2015-07-01,0.083,,3099,0.0829401414187976,,3168.69410372921,2015,3,FALSE,TRUE,FALSE,,pre,2016-01-25,2017-05-04
ES,2015-10-01,0.092,0.635,3198,0.0956224059703082,0.632943975816733,3186.98388276481,2015,4,FALSE,TRUE,FALSE,,pre,2016-01-25,2017-05-04
ES,2016-01-01,0.112,0.6439999999999999,3346,0.107317834794786,0.641546441239839,3181.41636214098,2016,1,FALSE,TRUE,FALSE,,crisis,2016-01-25,2017-05-04
ES,2016-04-01,0.116,0.627,3016,0.117165647003211,0.631786453301507,3121.04803897882,2016,2,FALSE,TRUE,FALSE,,crisis,2016-01-25,2017-05-04
ES,2016-07-01,0.129,0.625,3036,0.128887629084139,0.624697252101486,3113.6750742497,2016,3,FALSE,TRUE,FALSE,,crisis,2016-01-25,2017-05-04
ES,2016-10-01,0.138,0.618,3110,0.141652742424566,0.615802019696635,3099.92059040312,2016,4,FALSE,TRUE,FALSE,,crisis,2016-01-25,2017-05-04
ES,2017-01-01,0.147,0.61,3398,0.142377703889308,0.608043172144699,3211.34323681252,2017,1,FALSE,TRUE,FALSE,,crisis,2016-01-25,2017-05-04
ES,2017-04-01,0.135,0.594,3086,0.136053803280284,0.59849250142003,3206.30544205719,2017,2,FALSE,TRUE,FALSE,,post,2016-01-25,2017-05-04
ES,2017-07-01,0.132,0.5920000000000001,3050,0.131861050114813,0.591549855962096,3135.38119475183,2017,3,FALSE,TRUE,FALSE,,post,2016-01-25,2017-05-04
ES,2017-10-01,0.118,0.594,3154,0.121605228859396,0.591442848629329,3132.57228693639,2017,4,FALSE,TRUE,FALSE,,post,2016-01-25,2017-05-04
ES,2018-01-01,0.127,0.588,3269,0.122690644597693,0.587064380198018,3075.7860851094,2018,1,FALSE,TRUE,FALSE,,post,2016-01-25,2017-05-04
ES,2018-04-01,0.122,0.577,2934,0.12281059248974,0.581021724146966,3069.3701632431,2018,2,FALSE,TRUE,FALSE,,post,2016-01-25,2017-05-04
GO,2012-01-01,0.063,,3092,0.0590139306907682,,3048.08471167797,2012,1,FALSE,TRUE,FALSE,,pre,2016-01-25,2017-05-04
GO,2012-04-01,0.053,,2983,0.0500269088231285,,3056.1018359415,2012,2,FALSE,TRUE,FALSE,,pre,2016-01-25,2017-05-04
GO,2012-07-01,0.05,,3078,0.0488759157867659,,3068.37283017732,2012,3,FALSE,TRUE,FALSE,,pre,2016-01-25,2017-05-04
GO,2012-10-01,0.051,,3107,0.0594245369707223,,3088.89039532519,2012,4,FALSE,TRUE,FALSE,,pre,2016-01-25,2017-05-04
GO,2013-01-01,0.068,,3166,0.0570349335414913,,3119.06281290981,2013,1,FALSE,TRUE,FALSE,,pre,2016-01-25,2017-05-04
GO,2013-04-01,0.05799999999999999,,3092,0.0575868436297012,,3165.2487309834,2013,2,FALSE,TRUE,FALSE,,pre,2016-01-25,2017-05-04
GO,2013-07-01,0.052,,3192,0.0555645072367772,,3186.48030042597,2013,3,FALSE,TRUE,FALSE,,pre,2016-01-25,2017-05-04
GO,2013-10-01,0.039,,3176,0.0473878578520943,,3159.4673581314,2013,4,FALSE,TRUE,FALSE,,pre,2016-01-25,2017-05-04
GO,2014-01-01,0.057,,3172,0.0485791741850546,,3114.4915617018,2014,1,FALSE,TRUE,FALSE,,pre,2016-01-25,2017-05-04
GO,2014-04-01,0.054,,3083,0.0508624431495435,,3158.11444302621,2014,2,FALSE,TRUE,FALSE,,pre,2016-01-25,2017-05-04
GO,2014-07-01,0.052,,3179,0.0558418033142762,,3184.73905404261,2014,3,FALSE,TRUE,FALSE,,pre,2016-01-25,2017-05-04
GO,2014-10-01,0.051,,3217,0.0593849116461825,,3202.09251276677,2014,4,FALSE,TRUE,FALSE,,pre,2016-01-25,2017-05-04
GO,2015-01-01,0.07,,3194,0.0613041043618852,,3116.64624924114,2015,1,FALSE,TRUE,FALSE,,pre,2016-01-25,2017-05-04
GO,2015-04-01,0.075,,3012,0.071781938617131,,3090.56081640721,2015,2,FALSE,TRUE,FALSE,,pre,2016-01-25,2017-05-04
GO,2015-07-01,0.07400000000000001,,3050,0.0783033494691058,,3074.60089632205,2015,3,FALSE,TRUE,FALSE,,pre,2016-01-25,2017-05-04
GO,2015-10-01,0.078,0.613,3028,0.0862767604719088,0.615085072872738,3014.67645942887,2015,4,FALSE,TRUE,FALSE,,pre,2016-01-25,2017-05-04
GO,2016-01-01,0.102,0.611,3128,0.0947523286378052,0.609173940481749,3022.42204079183,2016,1,FALSE,TRUE,FALSE,,crisis,2016-01-25,2017-05-04
GO,2016-04-01,0.103,0.607,2941,0.102439918428596,0.6074533376971,3024.27338479898,2016,2,FALSE,TRUE,FALSE,,crisis,2016-01-25,2017-05-04
GO,2016-07-01,0.107,0.616,2989,0.111541783448627,0.615136689088217,3040.55953626696,2016,3,FALSE,TRUE,FALSE,,crisis,2016-01-25,2017-05-04
GO,2016-10-01,0.114,0.6020000000000001,3079,0.11770995495878,0.60432995943455,3060.57719627878,2016,4,FALSE,TRUE,FALSE,,crisis,2016-01-25,2017-05-04
GO,2017-01-01,0.128,0.605,3325,0.123322382779296,0.603182297776781,3193.49839304567,2017,1,FALSE,TRUE,FALSE,,crisis,2016-01-25,2017-05-04
GO,2017-04-01,0.111,0.593,3025,0.108041318432333,0.593197605562181,3112.91518394889,2017,2,FALSE,TRUE,FALSE,,post,2016-01-25,2017-05-04
GO,2017-07-01,0.093,0.5920000000000001,3056,0.0928928086605187,0.591342617912073,3131.98280700169,2017,3,FALSE,TRUE,FALSE,,post,2016-01-25,2017-05-04
GO,2017-10-01,0.095,0.598,3239,0.0987079652939504,0.600312163223782,3215.24898675234,2017,4,FALSE,TRUE,FALSE,,post,2016-01-25,2017-05-04
GO,2018-01-01,0.104,0.601,3319,0.0966652596473799,0.599116584506732,3166.4883493252,2018,1,FALSE,TRUE,FALSE,,post,2016-01-25,2017-05-04
GO,2018-04-01,0.096,0.599,3040,0.0959276126864385,0.599070620888422,3136.83476719969,2018,2,FALSE,TRUE,FALSE,,post,2016-01-25,2017-05-04
MA,2012-01-01,0.079,,1716,0.0741927122610967,,1653.11575019964,2012,1,FALSE,TRUE,FALSE,,pre,2016-01-25,2017-05-04
MA,2012-04-01,0.093,,1641,0.0848110365380235,,1670.60996736559,2012,2,FALSE,TRUE,FALSE,,pre,2016-01-25,2017-05-04
MA,2012-07-01,0.078,,1686,0.0815433561319971,,1692.71614251439,2012,3,FALSE,TRUE,FALSE,,pre,2016-01-25,2017-05-04
MA,2012-10-01,0.076,,1654,0.0855943837141229,,1680.11898084471,2012,4,FALSE,TRUE,FALSE,,pre,2016-01-25,2017-05-04
MA,2013-01-01,0.095,,1741,0.0898486660603374,,1717.08178229644,2013,1,FALSE,TRUE,FALSE,,pre,2016-01-25,2017-05-04
MA,2013-04-01,0.094,,1760,0.0860996444694592,,1752.3471837432,2013,2,FALSE,TRUE,FALSE,,pre,2016-01-25,2017-05-04
MA,2013-07-01,0.075,,1713,0.0785945824297972,,1719.55717599122,2013,3,FALSE,TRUE,FALSE,,pre,2016-01-25,2017-05-04
MA,2013-10-01,0.05599999999999999,,1625,0.0656353678934007,,1648.57582062439,2013,4,FALSE,TRUE,FALSE,,pre,2016-01-25,2017-05-04
MA,2014-01-01,0.065,,1701,0.0590875734793836,,1637.34106468458,2014,1,FALSE,TRUE,FALSE,,pre,2016-01-25,2017-05-04
MA,2014-04-01,0.073,,1583,0.065941850864679,,1618.13247956555,2014,2,FALSE,TRUE,FALSE,,pre,2016-01-25,2017-05-04
MA,2014-07-01,0.068,,1618,0.0714719359325511,,1626.03293769128,2014,3,FALSE,TRUE,FALSE,,pre,2016-01-25,2017-05-04
MA,2014-10-01,0.07200000000000001,,1689,0.0818490095373198,,1707.07300909052,2014,4,FALSE,TRUE,FALSE,,pre,2016-01-25,2017-05-04
MA,2015-01-01,0.09,,1669,0.082903269459966,,1604.07279890906,2015,1,FALSE,TRUE,FALSE,,pre,2016-01-25,2017-05-04
MA,2015-04-01,0.09,,1627,0.0839721617094623,,1668.48581523775,2015,2,FALSE,TRUE,FALSE,,pre,2016-01-25,2017-05-04
MA,2015-07-01,0.086,,1647,0.0896186212469123,,1656.71952390788,2015,3,FALSE,TRUE,FALSE,,pre,2016-01-25,2017-05-04
MA,2015-10-01,0.084,0.351,1679,0.0939673122121422,0.352884858744986,1690.36235825249,2015,4,FALSE,TRUE,FALSE,,pre,2016-01-25,2017-05-04
MA,2016-01-01,0.112,0.34299999999999997,1693,0.103387361181679,0.350054565027386,1664.846271557,2016,1,FALSE,TRUE,FALSE,,crisis,2016-01-25,2017-05-04
MA,2016-04-01,0.121,0.357,1644,0.116375361450093,0.352288943816451,1653.30859139844,2016,2,FALSE,TRUE,FALSE,,crisis,2016-01-25,2017-05-04
MA,2016-07-01,0.121,0.372,1708,0.124229155704055,0.367787317979467,1721.01762961136,2016,3,FALSE,TRUE,FALSE,,crisis,2016-01-25,2017-05-04
MA,2016-10-01,0.132,0.36,1707,0.142716983616874,0.362015219178483,1710.99361420369,2016,4,FALSE,TRUE,FALSE,,crisis,2016-01-25,2017-05-04
MA,2017-01-01,0.152,0.358,1850,0.14185542261293899,0.364783780029495,1778.29953017991,2017,1,FALSE,TRUE,FALSE,,crisis,2016-01-25,2017-05-04
MA,2017-04-01,0.14800000000000002,0.384,1830,0.1444354438154,0.379245237831917,1887.32863740504,2017,2,FALSE,TRUE,FALSE,,post,2016-01-25,2017-05-04
MA,2017-07-01,0.146,0.39,1896,0.148741826330602,0.38611088796557,1909.43873947091,2017,3,FALSE,TRUE,FALSE,,post,2016-01-25,2017-05-04
MA,2017-10-01,0.135,0.393,1908,0.146613306322409,0.395118635797448,1909.73172240838,2017,4,FALSE,TRUE,FALSE,,post,2016-01-25,2017-05-04
MA,2018-01-01,0.159,0.395,1921,0.147829351539928,0.401204633503122,1883.17419531634,2018,1,FALSE,TRUE,FALSE,,post,2016-01-25,2017-05-04
MA,2018-04-01,0.145,0.4079999999999999,1864,0.141938894005611,0.403325356695416,1888.28814758749,2018,2,FALSE,TRUE,FALSE,,post,2016-01-25,2017-05-04
MG,2012-01-01,0.079,,2982,0.0757589331386781,,2759.84373591486,2012,1,FALSE,TRUE,FALSE,,pre,2016-01-25,2017-05-04
MG,2012-04-01,0.07200000000000001,,2749,0.0709315853976716,,2865.59497385407,2012,2,FALSE,TRUE,FALSE,,pre,2016-01-25,2017-05-04
MG,2012-07-01,0.064,,2790,0.0677371536998556,,2871.55818245621,2012,3,FALSE,TRUE,FALSE,,pre,2016-01-25,2017-05-04
MG,2012-10-01,0.063,,2781,0.0694392914042542,,2806.12298643127,2012,4,FALSE,TRUE,FALSE,,pre,2016-01-25,2017-05-04
MG,2013-01-01,0.075,,3067,0.0652708780291101,,2842.43731407353,2013,1,FALSE,TRUE,FALSE,,pre,2016-01-25,2017-05-04
MG,2013-04-01,0.07,,2753,0.069103942474426,,2870.04981446661,2013,2,FALSE,TRUE,FALSE,,pre,2016-01-25,2017-05-04
MG,2013-07-01,0.063,,2822,0.0650820500693133,,2907.69757721348,2013,3,FALSE,TRUE,FALSE,,pre,2016-01-25,2017-05-04
MG,2013-10-01,0.05799999999999999,,2948,0.0644548677188391,,2969.3213336505,2013,4,FALSE,TRUE,FALSE,,pre,2016-01-25,2017-05-04
MG,2014-01-01,0.071,,3208,0.0609313362470256,,2980.86053531753,2014,1,FALSE,TRUE,FALSE,,pre,2016-01-25,2017-05-04
MG,2014-04-01,0.069,,2849,0.0685731355881773,,2968.74172273239,2014,2,FALSE,TRUE,FALSE,,pre,2016-01-25,2017-05-04
MG,2014-07-01,0.069,,2923,0.0707925937015829,,3014.15590054235,2014,3,FALSE,TRUE,FALSE,,pre,2016-01-25,2017-05-04
MG,2014-10-01,0.063,,2919,0.0697265468916686,,2932.94692068395,2014,4,FALSE,TRUE,FALSE,,pre,2016-01-25,2017-05-04
MG,2015-01-01,0.083,,3162,0.0724251152087421,,2934.69752884063,2015,1,FALSE,TRUE,FALSE,,pre,2016-01-25,2017-05-04
MG,2015-04-01,0.08,,2805,0.0800874074015754,,2927.83926531339,2015,2,FALSE,TRUE,FALSE,,pre,2016-01-25,2017-05-04
MG,2015-07-01,0.08800000000000001,,2801,0.0895048626367231,,2895.45794296571,2015,3,FALSE,TRUE,FALSE,,pre,2016-01-25,2017-05-04
MG,2015-10-01,0.094,0.625,2946,0.101033075915111,0.624774018611148,2952.32813909586,2015,4,FALSE,TRUE,FALSE,,pre,2016-01-25,2017-05-04
MG,2016-01-01,0.113,0.627,3224,0.108183447963134,0.626388339376618,3000.29830173938,2016,1,FALSE,TRUE,FALSE,,crisis,2016-01-25,2017-05-04
MG,2016-04-01,0.11,0.623,2785,0.110643027791564,0.62390956992083,2907.58536475168,2016,2,FALSE,TRUE,FALSE,,crisis,2016-01-25,2017-05-04
MG,2016-07-01,0.113,0.6279999999999999,2765,0.114054405486505,0.627675891770501,2864.45301579196,2016,3,FALSE,TRUE,FALSE,,crisis,2016-01-25,2017-05-04
MG,2016-10-01,0.112,0.616,2922,0.12107081492808,0.616346935162599,2918.54438713052,2016,4,FALSE,TRUE,FALSE,,crisis,2016-01-25,2017-05-04
MG,2017-01-01,0.138,0.605,3056,0.125033658812584,0.604055122550241,2838.26341080047,2017,1,FALSE,TRUE,FALSE,,crisis,2016-01-25,2017-05-04
MG,2017-04-01,0.122,0.603,2754,0.122749034642867,0.603590566769013,2876.90471616073,2017,2,FALSE,TRUE,FALSE,,post,2016-01-25,2017-05-04
MG,2017-07-01,0.123,0.603,2836,0.12539751514971,0.60283686982688,2937.03322556873,2017,3,FALSE,TRUE,FALSE,,post,2016-01-25,2017-05-04
MG,2017-10-01,0.107,0.608,2964,0.116381706568093,0.60920342352433,2951.51924209008,2017,4,FALSE,TRUE,FALSE,,post,2016-01-25,2017-05-04
MG,2018-01-01,0.127,0.607,3189,0.114208204956229,0.605249906139988,2980.41032786165,2018,1,FALSE,TRUE,FALSE,,post,2016-01-25,2017-05-04
MG,2018-04-01,0.109,0.605,2868,0.109471483848976,0.605147968482433,2989.52605975169,2018,2,FALSE,TRUE,FALSE,,post,2016-01-25,2017-05-04
MS,2012-01-01,0.076,,3404,0.0719149739233995,,3282.73112315555,2012,1,FALSE,TRUE,FALSE,,pre,2016-01-25,2017-05-04
MS,2012-04-01,0.071,,3063,0.0685214804787147,,3142.07096160842,2012,2,FALSE,TRUE,FALSE,,pre,2016-01-25,2017-05-04
MS,2012-07-01,0.05,,3016,0.0522566159889577,,3080.71629342613,2012,3,FALSE,TRUE,FALSE,,pre,2016-01-25,2017-05-04
MS,2012-10-01,0.05,,3133,0.0546394827209697,,3117.6513379638,2012,4,FALSE,TRUE,FALSE,,pre,2016-01-25,2017-05-04
MS,2013-01-01,0.048,,3241,0.0433022556905812,,3106.53864424183,2013,1,FALSE,TRUE,FALSE,,pre,2016-01-25,2017-05-04
MS,2013-04-01,0.05,,3048,0.0478446645388291,,3130.8626802991,2013,2,FALSE,TRUE,FALSE,,pre,2016-01-25,2017-05-04
MS,2013-07-01,0.044,,3190,0.0463269372166399,,3262.4580848122,2013,3,FALSE,TRUE,FALSE,,pre,2016-01-25,2017-05-04
MS,2013-10-01,0.045,,3242,0.0499001540840402,,3229.5935463922,2013,4,FALSE,TRUE,FALSE,,pre,2016-01-25,2017-05-04
MS,2014-01-01,0.047,,3325,0.0413550945087034,,3169.00329525746,2014,1,FALSE,TRUE,FALSE,,pre,2016-01-25,2017-05-04
MS,2014-04-01,0.039,,3200,0.0374282183286995,,3292.90845719058,2014,2,FALSE,TRUE,FALSE,,pre,2016-01-25,2017-05-04
MS,2014-07-01,0.04099999999999999,,3182,0.0434156676181888,,3263.04230353232,2014,3,FALSE,TRUE,FALSE,,pre,2016-01-25,2017-05-04
MS,2014-10-01,0.039,,3155,0.0442918004605759,,3152.43423440525,2014,4,FALSE,TRUE,FALSE,,pre,2016-01-25,2017-05-04
MS,2015-01-01,0.063,,3219,0.0562962687064003,,3028.65334469417,2015,1,FALSE,TRUE,FALSE,,pre,2016-01-25,2017-05-04
MS,2015-04-01,0.063,,3020,0.0619665785728678,,3127.92145433747,2015,2,FALSE,TRUE,FALSE,,pre,2016-01-25,2017-05-04
MS,2015-07-01,0.063,,2910,0.0653361241999314,,3001.63101581531,2015,3,FALSE,TRUE,FALSE,,pre,2016-01-25,2017-05-04
MS,2015-10-01,0.06,0.619,3148,0.0661380593731612,0.624158635680166,3156.21407733812,2015,4,FALSE,TRUE,FALSE,,pre,2016-01-25,2017-05-04
MS,2016-01-01,0.078,0.641,3516,0.0701741359327691,0.640589272394937,3288.76159525954,2016,1,FALSE,TRUE,FALSE,,crisis,2016-01-25,2017-05-04
MS,2016-04-01,0.07,0.642,3000,0.0691440074910992,0.63813682369545,3121.90399157655,2016,2,FALSE,TRUE,FALSE,,crisis,2016-01-25,2017-05-04
MS,2016-07-01,0.077,0.636,3155,0.07921396145815,0.635296419661728,3259.323240526,2016,3,FALSE,TRUE,FALSE,,crisis,2016-01-25,2017-05-04
MS,2016-10-01,0.08199999999999999,0.639,3352,0.0890820990274024,0.64360714961741206,3368.88398740257,2016,4,FALSE,TRUE,FALSE,,crisis,2016-01-25,2017-05-04
MS,2017-01-01,0.099,0.651,3629,0.0906716800974566,0.651217261225844,3367.98580737302,2017,1,FALSE,TRUE,FALSE,,crisis,2016-01-25,2017-05-04
MS,2017-04-01,0.09,0.65,3231,0.0889203168217015,0.64615958252417,3368.95338838942,2017,2,FALSE,TRUE,FALSE,,post,2016-01-25,2017-05-04
MS,2017-07-01,0.08,0.643,3322,0.0815632940815371,0.642047648422946,3433.197842152,2017,3,FALSE,TRUE,FALSE,,post,2016-01-25,2017-05-04
MS,2017-10-01,0.07400000000000001,0.627,3323,0.0823089951108031,0.630895889036619,3343.07295354339,2017,4,FALSE,TRUE,FALSE,,post,2016-01-25,2017-05-04
MS,2018-01-01,0.085,0.63,3765,0.0768420765180941,0.631005177891892,3486.93867505278,2018,1,FALSE,TRUE,FALSE,,post,2016-01-25,2017-05-04
MS,2018-04-01,0.077,0.635,3311,0.075013482429652,0.631695815320658,3457.4980222194,2018,2,FALSE,TRUE,FALSE,,post,2016-01-25,2017-05-04
MT,2012-01-01,0.066,,3526,0.0586017085583438,,3333.32981101872,2012,1,FALSE,TRUE,FALSE,,pre,2016-01-25,2017-05-04
MT,2012-04-01,0.05799999999999999,,3144,0.0563455384120262,,3164.43948628276,2012,2,FALSE,TRUE,FALSE,,pre,2016-01-25,2017-05-04
MT,2012-07-01,0.052,,3177,0.0546328209140351,,3256.25003480893,2012,3,FALSE,TRUE,FALSE,,pre,2016-01-25,2017-05-04
MT,2012-10-01,0.047,,3201,0.0536525009209587,,3234.31740376887,2012,4,FALSE,TRUE,FALSE,,pre,2016-01-25,2017-05-04
MT,2013-01-01,0.05799999999999999,,3408,0.0503377837277747,,3339.84957550927,2013,1,FALSE,TRUE,FALSE,,pre,2016-01-25,2017-05-04
MT,2013-04-01,0.045,,3284,0.043181739244523,,3302.5866527397,2013,2,FALSE,TRUE,FALSE,,pre,2016-01-25,2017-05-04
MT,2013-07-01,0.039,,3225,0.0417775187829802,,3252.02479583923,2013,3,FALSE,TRUE,FALSE,,pre,2016-01-25,2017-05-04
MT,2013-10-01,0.038,,3320,0.0449886606924115,,3353.4710956312,2013,4,FALSE,TRUE,FALSE,,pre,2016-01-25,2017-05-04
MT,2014-01-01,0.045,,3278,0.036999566450347,,3212.59190510379,2014,1,FALSE,TRUE,FALSE,,pre,2016-01-25,2017-05-04
MT,2014-04-01,0.04,,3372,0.0381109224566624,,3388.57440508499,2014,2,FALSE,TRUE,FALSE,,pre,2016-01-25,2017-05-04
MT,2014-07-01,0.038,,3348,0.0407222045647498,,3376.15649646432,2014,3,FALSE,TRUE,FALSE,,pre,2016-01-25,2017-05-04
MT,2014-10-01,0.04099999999999999,,3288,0.0484171167947283,,3319.36787593356,2014,4,FALSE,TRUE,FALSE,,pre,2016-01-25,2017-05-04
MT,2015-01-01,0.05799999999999999,,3280,0.0498703368550068,,3213.67789399243,2015,1,FALSE,TRUE,FALSE,,pre,2016-01-25,2017-05-04
MT,2015-04-01,0.063,,3227,0.0608086233426164,,3248.07482831564,2015,2,FALSE,TRUE,FALSE,,pre,2016-01-25,2017-05-04
MT,2015-07-01,0.067,,3165,0.069850545498509,,3191.91690930665,2015,3,FALSE,TRUE,FALSE,,pre,2016-01-25,2017-05-04
MT,2015-10-01,0.05799999999999999,0.611,3140,0.065476445998591,0.610450758798895,3171.04386948847,2015,4,FALSE,TRUE,FALSE,,pre,2016-01-25,2017-05-04
MT,2016-01-01,0.093,0.633,3340,0.0850660490322623,0.632634940582694,3146.31622210653,2016,1,FALSE,TRUE,FALSE,,crisis,2016-01-25,2017-05-04
MT,2016-04-01,0.1,0.621,3173,0.097495412093471,0.624330321945868,3201.14439761052,2016,2,FALSE,TRUE,FALSE,,crisis,2016-01-25,2017-05-04
MT,2016-07-01,0.091,0.62,3178,0.093955214562515793,0.617382707368705,3209.20446625423,2016,3,FALSE,TRUE,FALSE,,crisis,2016-01-25,2017-05-04
MT,2016-10-01,0.096,0.618,3126,0.103272396060018,0.61764215873465,3202.76236900941,2016,4,FALSE,TRUE,FALSE,,crisis,2016-01-25,2017-05-04
MT,2017-01-01,0.106,0.616,3550,0.0985654576030328,0.615946627132471,3417.2508935151,2017,1,FALSE,TRUE,FALSE,,crisis,2016-01-25,2017-05-04
MT,2017-04-01,0.087,0.613,3230,0.0841201515251971,0.615944618633229,3269.21298362203,2017,2,FALSE,TRUE,FALSE,,post,2016-01-25,2017-05-04
MT,2017-07-01,0.095,0.623,3316,0.0981767519050117,0.620131696392109,3402.26541738727,2017,3,FALSE,TRUE,FALSE,,post,2016-01-25,2017-05-04
MT,2017-10-01,0.07400000000000001,0.629,3326,0.0808785950563731,0.629034364014555,3395.90346033152,2017,4,FALSE,TRUE,FALSE,,post,2016-01-25,2017-05-04
MT,2018-01-01,0.095,0.6279999999999999,3669,0.0879032281485359,0.628240248815836,3530.24270752387,2018,1,FALSE,TRUE,FALSE,,post,2016-01-25,2017-05-04
MT,2018-04-01,0.086,0.617,3307,0.0830570710685156,0.619615911144729,3352.83560448576,2018,2,FALSE,TRUE,FALSE,,post,2016-01-25,2017-05-04
PA,2012-01-01,0.08,,2303,0.073456452702833,,2230.97173557375,2012,1,FALSE,TRUE,FALSE,,pre,2016-01-25,2017-05-04
PA,2012-04-01,0.079,,2186,0.0761597560611849,,2233.16301354721,2012,2,FALSE,TRUE,FALSE,,pre,2016-01-25,2017-05-04
PA,2012-07-01,0.07200000000000001,,2180,0.0746454365071516,,2197.92864214246,2012,3,FALSE,TRUE,FALSE,,pre,2016-01-25,2017-05-04
PA,2012-10-01,0.069,,2262,0.0757960053415971,,2271.8197874378902,2012,4,FALSE,TRUE,FALSE,,pre,2016-01-25,2017-05-04
PA,2013-01-01,0.078,,2297,0.0736599948904451,,2219.93011863052,2013,1,FALSE,TRUE,FALSE,,pre,2016-01-25,2017-05-04
PA,2013-04-01,0.077,,2174,0.071978883098112,,2222.2713300951,2013,2,FALSE,TRUE,FALSE,,pre,2016-01-25,2017-05-04
PA,2013-07-01,0.077,,2262,0.0797548189309282,,2282.43679366161,2013,3,FALSE,TRUE,FALSE,,pre,2016-01-25,2017-05-04
PA,2013-10-01,0.061,,2215,0.0676270078136826,,2228.98810150551,2013,4,FALSE,TRUE,FALSE,,pre,2016-01-25,2017-05-04
PA,2014-01-01,0.077,,2278,0.0670582165959206,,2187.84259482797,2014,1,FALSE,TRUE,FALSE,,pre,2016-01-25,2017-05-04
PA,2014-04-01,0.071,,2227,0.0717524461969735,,2282.22161210685,2014,2,FALSE,TRUE,FALSE,,pre,2016-01-25,2017-05-04
PA,2014-07-01,0.07200000000000001,,2240,0.0747871606565262,,2261.90402210088,2014,3,FALSE,TRUE,FALSE,,pre,2016-01-25,2017-05-04
PA,2014-10-01,0.071,,2185,0.0774520328480452,,2207.76516102109,2014,4,FALSE,TRUE,FALSE,,pre,2016-01-25,2017-05-04
PA,2015-01-01,0.093,,2241,0.0862486402425752,,2130.47611587945,2015,1,FALSE,TRUE,FALSE,,pre,2016-01-25,2017-05-04
PA,2015-04-01,0.091,,2016,0.0887975520386325,,2080.22605490528,2015,2,FALSE,TRUE,FALSE,,pre,2016-01-25,2017-05-04
PA,2015-07-01,0.085,,2050,0.0876618224254721,,2075.907104368,2015,3,FALSE,TRUE,FALSE,,pre,2016-01-25,2017-05-04
PA,2015-10-01,0.087,0.391,2082,0.0934185500204584,0.393952268350082,2113.88933089445,2015,4,FALSE,TRUE,FALSE,,pre,2016-01-25,2017-05-04
PA,2016-01-01,0.101,0.393,2234,0.0949816997891441,0.392383187999257,2098.87969169192,2016,1,FALSE,TRUE,FALSE,,crisis,2016-01-25,2017-05-04
PA,2016-04-01,0.109,0.393,2061,0.106233652671405,0.391149162080311,2136.52069005324,2016,2,FALSE,TRUE,FALSE,,crisis,2016-01-25,2017-05-04
PA,2016-07-01,0.111,0.393,2083,0.113341506223892,0.392450662391137,2115.16372190353,2016,3,FALSE,TRUE,FALSE,,crisis,2016-01-25,2017-05-04
PA,2016-10-01,0.129,0.385,2074,0.135582675271323,0.388114316930121,2109.40434384399,2016,4,FALSE,TRUE,FALSE,,crisis,2016-01-25,2017-05-04
PA,2017-01-01,0.139,0.381,2329,0.12735022339588,0.380376253643668,2177.77393820971,2017,1,FALSE,TRUE,FALSE,,crisis,2016-01-25,2017-05-04
PA,2017-04-01,0.115,0.375,2028,0.11804430993447,0.372854678656538,2106.60390078504,2017,2,FALSE,TRUE,FALSE,,post,2016-01-25,2017-05-04
PA,2017-07-01,0.111,0.385,2130,0.11278671042553,0.384614329647468,2174.10518910841,2017,3,FALSE,TRUE,FALSE,,post,2016-01-25,2017-05-04
PA,2017-10-01,0.107,0.384,2112,0.114090014789713,0.387248827396765,2142.59136295646,2017,4,FALSE,TRUE,FALSE,,post,2016-01-25,2017-05-04
PA,2018-01-01,0.122,0.386,2454,0.11506543769531,0.385336873128107,2298.54455733633,2018,1,FALSE,TRUE,FALSE,,post,2016-01-25,2017-05-04
PA,2018-04-01,0.113,0.393,2132,0.111095503857939,0.39081649087991,2208.67423041874,2018,2,FALSE,TRUE,FALSE,,post,2016-01-25,2017-05-04
PB,2012-01-01,0.1,,2024,0.096680110089597,,1962.80541734425,2012,1,FALSE,TRUE,FALSE,,pre,2016-01-25,2017-05-04
PB,2012-04-01,0.094,,1937,0.0948025497677558,,1946.48952278104,2012,2,FALSE,TRUE,FALSE,,pre,2016-01-25,2017-05-04
PB,2012-07-01,0.086,,1880,0.0843520024087573,,1913.72074410794,2012,3,FALSE,TRUE,FALSE,,pre,2016-01-25,2017-05-04
PB,2012-10-01,0.091,,1909,0.095041046323899,,1929.39535278593,2012,4,FALSE,TRUE,FALSE,,pre,2016-01-25,2017-05-04
PB,2013-01-01,0.096,,1993,0.092849220492173,,1925.9877647186,2013,1,FALSE,TRUE,FALSE,,pre,2016-01-25,2017-05-04
PB,2013-04-01,0.09,,2012,0.0909241022009297,,2026.26546470885,2013,2,FALSE,TRUE,FALSE,,pre,2016-01-25,2017-05-04
PB,2013-07-01,0.086,,2064,0.0840029556013746,,2098.10665065194,2013,3,FALSE,TRUE,FALSE,,pre,2016-01-25,2017-05-04
PB,2013-10-01,0.085,,2084,0.0892545375268684,,2106.24304822483,2013,4,FALSE,TRUE,FALSE,,pre,2016-01-25,2017-05-04
PB,2014-01-01,0.093,,2266,0.0897863511644923,,2186.50962851434,2014,1,FALSE,TRUE,FALSE,,pre,2016-01-25,2017-05-04
PB,2014-04-01,0.08900000000000001,,2200,0.0901188237182448,,2224.92503430705,2014,2,FALSE,TRUE,FALSE,,pre,2016-01-25,2017-05-04
PB,2014-07-01,0.093,,2195,0.0906175268730667,,2232.47327801743,2014,3,FALSE,TRUE,FALSE,,pre,2016-01-25,2017-05-04
PB,2014-10-01,0.08199999999999999,,2239,0.086696989618594,,2260.37001339202,2014,4,FALSE,TRUE,FALSE,,pre,2016-01-25,2017-05-04
PB,2015-01-01,0.093,,2288,0.0894007685181365,,2191.29945202296,2015,1,FALSE,TRUE,FALSE,,pre,2016-01-25,2017-05-04
PB,2015-04-01,0.093,,2217,0.0943255199297729,,2256.98277625619,2015,2,FALSE,TRUE,FALSE,,pre,2016-01-25,2017-05-04
PB,2015-07-01,0.105,,2215,0.102521433154995,,2258.74957374393,2015,3,FALSE,TRUE,FALSE,,pre,2016-01-25,2017-05-04
PB,2015-10-01,0.097,0.481,2200,0.101984728788067,0.478148090341007,2214.63135272499,2015,4,FALSE,TRUE,FALSE,,pre,2016-01-25,2017-05-04
PB,2016-01-01,0.103,0.475,2353,0.099121962793805,0.477858340530974,2242.20008236833,2016,1,FALSE,TRUE,FALSE,,crisis,2016-01-25,2017-05-04
PB,2016-04-01,0.11,0.485,2084,0.110963005605333,0.48260243013951,2138.80711332573,2016,2,FALSE,TRUE,FALSE,,crisis,2016-01-25,2017-05-04
PB,2016-07-01,0.13,0.482,2240,0.128238046129694,0.484237608515441,2290.98986645711,2016,3,FALSE,TRUE,FALSE,,crisis,2016-01-25,2017-05-04
PB,2016-10-01,0.121,0.487,2307,0.125829632019427,0.484340295356931,2311.29713540376,2016,4,FALSE,TRUE,FALSE,,crisis,2016-01-25,2017-05-04
PB,2017-01-01,0.134,0.483,2569,0.129998013817655,0.485973659239562,2444.75421529954,2017,1,FALSE,TRUE,FALSE,,crisis,2016-01-25,2017-05-04
PB,2017-04-01,0.115,0.483,2289,0.115309651041751,0.48049430912425,2365.88019167743,2017,2,FALSE,TRUE,FALSE,,post,2016-01-25,2017-05-04
PB,2017-07-01,0.109,0.478,2305,0.108351831764093,0.479731343774892,2357.66461129104,2017,3,FALSE,TRUE,FALSE,,post,2016-01-25,2017-05-04
PB,2017-10-01,0.102,0.482,2470,0.106479468755815,0.479776967729806,2457.58192405354,2017,4,FALSE,TRUE,FALSE,,post,2016-01-25,2017-05-04
PB,2018-01-01,0.119,0.474,2597,0.114971403420704,0.477660235574376,2468.90133036017,2018,1,FALSE,TRUE,FALSE,,post,2016-01-25,2017-05-04
PB,2018-04-01,0.111,0.479,2420,0.110336537154638,0.476017119708945,2519.42688770341,2018,2,FALSE,TRUE,FALSE,,post,2016-01-25,2017-05-04
PE,2012-01-01,0.096,,2647,0.0905212834232431,,2562.47430216833,2012,1,FALSE,TRUE,FALSE,,pre,2016-01-25,2017-05-04
PE,2012-04-01,0.083,,2657,0.0839233978959934,,2662.42687127555,2012,2,FALSE,TRUE,FALSE,,pre,2016-01-25,2017-05-04
PE,2012-07-01,0.094,,2609,0.0916499179820604,,2664.30159601242,2012,3,FALSE,TRUE,FALSE,,pre,2016-01-25,2017-05-04
PE,2012-10-01,0.092,,2686,0.0987188700972311,,2712.78036943825,2012,4,FALSE,TRUE,FALSE,,pre,2016-01-25,2017-05-04
PE,2013-01-01,0.107,,2810,0.101889760016861,,2720.0654940727,2013,1,FALSE,TRUE,FALSE,,pre,2016-01-25,2017-05-04
PE,2013-04-01,0.097,,2730,0.0977442533538233,,2737.94725769818,2013,2,FALSE,TRUE,FALSE,,pre,2016-01-25,2017-05-04
PE,2013-07-01,0.085,,2823,0.082522564845465,,2878.61966271937,2013,3,FALSE,TRUE,FALSE,,pre,2016-01-25,2017-05-04
PE,2013-10-01,0.07400000000000001,,2904,0.0807179280330666,,2935.15689504731,2013,4,FALSE,TRUE,FALSE,,pre,2016-01-25,2017-05-04
PE,2014-01-01,0.08800000000000001,,3061,0.0832693924067199,,2959.86157180864,2014,1,FALSE,TRUE,FALSE,,pre,2016-01-25,2017-05-04
PE,2014-04-01,0.08,,2962,0.080535373255098,,2977.38705036186,2014,2,FALSE,TRUE,FALSE,,pre,2016-01-25,2017-05-04
PE,2014-07-01,0.085,,2714,0.0823059668331151,,2767.82644336924,2014,3,FALSE,TRUE,FALSE,,pre,2016-01-25,2017-05-04
PE,2014-10-01,0.077,,2872,0.0837190525784514,,2911.61514131851,2014,4,FALSE,TRUE,FALSE,,pre,2016-01-25,2017-05-04
PE,2015-01-01,0.08199999999999999,,2754,0.0776525059712274,,2637.65229825232,2015,1,FALSE,TRUE,FALSE,,pre,2016-01-25,2017-05-04
PE,2015-04-01,0.092,,2572,0.0925231783539324,,2594.20659463073,2015,2,FALSE,TRUE,FALSE,,pre,2016-01-25,2017-05-04
PE,2015-07-01,0.113,,2443,0.109854683193855,,2497.5599193256,2015,3,FALSE,TRUE,FALSE,,pre,2016-01-25,2017-05-04
PE,2015-10-01,0.111,0.536,2431,0.117758639200379,0.536106347371455,2479.78508328038,2015,4,FALSE,TRUE,FALSE,,pre,2016-01-25,2017-05-04
PE,2016-01-01,0.134,0.525,2619,0.130211600224506,0.52552747538679,2484.83688202746,2016,1,FALSE,TRUE,FALSE,,crisis,2016-01-25,2017-05-04
PE,2016-04-01,0.142,0.522,2393,0.142232410874206,0.521087326174209,2421.83706802705,2016,2,FALSE,TRUE,FALSE,,crisis,2016-01-25,2017-05-04
PE,2016-07-01,0.155,0.5289999999999999,2420,0.151607396421612,0.529048437652022,2478.33148391241,2016,3,FALSE,TRUE,FALSE,,crisis,2016-01-25,2017-05-04
PE,2016-10-01,0.159,0.5189999999999999,2441,0.16581911428562,0.519449442316275,2496.84827570043,2016,4,FALSE,TRUE,FALSE,,crisis,2016-01-25,2017-05-04
PE,2017-01-01,0.173,0.515,2675,0.169526103899499,0.515735946928515,2522.47230832441,2017,1,FALSE,TRUE,FALSE,,crisis,2016-01-25,2017-05-04
PE,2017-04-01,0.19,0.518,2486,0.190154456579915,0.516518956075042,2523.27687304054,2017,2,FALSE,TRUE,FALSE,,post,2016-01-25,2017-05-04
PE,2017-07-01,0.181,0.506,2550,0.17729396811054501,0.505887181439586,2613.06456441757,2017,3,FALSE,TRUE,FALSE,,post,2016-01-25,2017-05-04
PE,2017-10-01,0.17,0.516,2440,0.177031959060087,0.517134201574227,2496.98174256074,2017,4,FALSE,TRUE,FALSE,,post,2016-01-25,2017-05-04
PE,2018-01-01,0.179,0.5189999999999999,2676,0.175749019263353,0.520053968948086,2511.32027046118,2018,1,FALSE,TRUE,FALSE,,post,2016-01-25,2017-05-04
PE,2018-04-01,0.171,0.516,2508,0.170725896801964,0.513403261806806,2552.42071906946,2018,2,FALSE,TRUE,FALSE,,post,2016-01-25,2017-05-04
PI,2012-01-01,0.077,,1929,0.0708836803895554,,1847.89532254866,2012,1,FALSE,TRUE,FALSE,,pre,2016-01-25,2017-05-04
PI,2012-04-01,0.071,,1780,0.0684504794355146,,1823.992204959,2012,2,FALSE,TRUE,FALSE,,pre,2016-01-25,2017-05-04
PI,2012-07-01,0.062,,1861,0.0653797760066307,,1930.68348695048,2012,3,FALSE,TRUE,FALSE,,pre,2016-01-25,2017-05-04
PI,2012-10-01,0.07,,1805,0.0754473330170367,,1808.52218055561,2012,4,FALSE,TRUE,FALSE,,pre,2016-01-25,2017-05-04
PI,2013-01-01,0.084,,1949,0.0777778569705714,,1865.77274433488,2013,1,FALSE,TRUE,FALSE,,pre,2016-01-25,2017-05-04
PI,2013-04-01,0.075,,1892,0.0722500893026253,,1934.31448079448,2013,2,FALSE,TRUE,FALSE,,pre,2016-01-25,2017-05-04
PI,2013-07-01,0.075,,2060,0.0783030332290045,,2080.44191362848,2013,3,FALSE,TRUE,FALSE,,pre,2016-01-25,2017-05-04
PI,2013-10-01,0.07,,2091,0.0760299958954573,,2095.72219500521,2013,4,FALSE,TRUE,FALSE,,pre,2016-01-25,2017-05-04
PI,2014-01-01,0.071,,2143,0.064582360127716,,2053.15373166272,2014,1,FALSE,TRUE,FALSE,,pre,2016-01-25,2017-05-04
PI,2014-04-01,0.071,,1997,0.0678085735326798,,2039.14007637974,2014,2,FALSE,TRUE,FALSE,,pre,2016-01-25,2017-05-04
PI,2014-07-01,0.062,,1967,0.0652438483048094,,1994.77374856649,2014,3,FALSE,TRUE,FALSE,,pre,2016-01-25,2017-05-04
PI,2014-10-01,0.06,,1993,0.0666410027595175,,1997.40205454887,2014,4,FALSE,TRUE,FALSE,,pre,2016-01-25,2017-05-04
PI,2015-01-01,0.079,,2090,0.0727507757953453,,1992.57165764279,2015,1,FALSE,TRUE,FALSE,,pre,2016-01-25,2017-05-04
PI,2015-04-01,0.077,,1996,0.0729015624896013,,2038.30339065111,2015,2,FALSE,TRUE,FALSE,,pre,2016-01-25,2017-05-04
PI,2015-07-01,0.077,,1974,0.0805418996491552,,2009.42778971458,2015,3,FALSE,TRUE,FALSE,,pre,2016-01-25,2017-05-04
PI,2015-10-01,0.073,0.4179999999999999,2072,0.0799515442151799,0.418261839763283,2077.87652402302,2015,4,FALSE,TRUE,FALSE,,pre,2016-01-25,2017-05-04
PI,2016-01-01,0.096,0.405,2226,0.0899073225121659,0.40432454354569,2116.71000768816,2016,1,FALSE,TRUE,FALSE,,crisis,2016-01-25,2017-05-04
PI,2016-04-01,0.101,0.409,2056,0.0963531989710938,0.40472778721608,2101.90299932456,2016,2,FALSE,TRUE,FALSE,,crisis,2016-01-25,2017-05-04
PI,2016-07-01,0.096,0.41,1994,0.0998214203079107,0.414332069316851,2034.25548757317,2016,3,FALSE,TRUE,FALSE,,crisis,2016-01-25,2017-05-04
PI,2016-10-01,0.08900000000000001,0.409,2019,0.0957374781523807,0.409836776371238,2081.78074377054,2016,4,FALSE,TRUE,FALSE,,crisis,2016-01-25,2017-05-04
PI,2017-01-01,0.128,0.414,2289,0.122212402548708,0.41314670191889,2114.03202572874,2017,1,FALSE,TRUE,FALSE,,crisis,2016-01-25,2017-05-04
PI,2017-04-01,0.136,0.421,2050,0.131234484648091,0.416777464206245,2103.38766871182,2017,2,FALSE,TRUE,FALSE,,post,2016-01-25,2017-05-04
PI,2017-07-01,0.122,0.406,2033,0.125985884108644,0.409865402456408,2128.18685056024,2017,3,FALSE,TRUE,FALSE,,post,2016-01-25,2017-05-04
PI,2017-10-01,0.134,0.4179999999999999,2042,0.140463398640881,0.419432845148087,2106.87492870468,2017,4,FALSE,TRUE,FALSE,,post,2016-01-25,2017-05-04
PI,2018-01-01,0.133,0.4179999999999999,2195,0.126926020158701,0.416876731607677,2008.93838717755,2018,1,FALSE,TRUE,FALSE,,post,2016-01-25,2017-05-04
PI,2018-04-01,0.135,0.415,1986,0.130962306247366,0.411030761475952,2051.5926178944,2018,2,FALSE,TRUE,FALSE,,post,2016-01-25,2017-05-04
PR,2012-01-01,0.05599999999999999,,3618,0.0529944845763346,,3489.39128776271,2012,1,FALSE,TRUE,FALSE,,pre,2016-01-25,2017-05-04
PR,2012-04-01,0.053,,3372,0.050048456195715,,3434.65913692174,2012,2,FALSE,TRUE,FALSE,,pre,2016-01-25,2017-05-04
PR,2012-07-01,0.047,,3438,0.0473142780976855,,3474.74029482632,2012,3,FALSE,TRUE,FALSE,,pre,2016-01-25,2017-05-04
PR,2012-10-01,0.045,,3393,0.0508221060104222,,3422.53399973094,2012,4,FALSE,TRUE,FALSE,,pre,2016-01-25,2017-05-04
PR,2013-01-01,0.049,,3577,0.0457264023823847,,3446.96154833479,2013,1,FALSE,TRUE,FALSE,,pre,2016-01-25,2017-05-04
PR,2013-04-01,0.046,,3440,0.0430854979688785,,3500.78324699095,2013,2,FALSE,TRUE,FALSE,,pre,2016-01-25,2017-05-04
PR,2013-07-01,0.042,,3508,0.0423656850301213,,3554.06857232521,2013,3,FALSE,TRUE,FALSE,,pre,2016-01-25,2017-05-04
PR,2013-10-01,0.038,,3511,0.0440921831860542,,3536.45114964956,2013,4,FALSE,TRUE,FALSE,,pre,2016-01-25,2017-05-04
PR,2014-01-01,0.042,,3669,0.0382336559968816,,3527.63890583486,2014,1,FALSE,TRUE,FALSE,,pre,2016-01-25,2017-05-04
PR,2014-04-01,0.042,,3536,0.0392133446473743,,3602.02727694883,2014,2,FALSE,TRUE,FALSE,,pre,2016-01-25,2017-05-04
PR,2014-07-01,0.042,,3518,0.0424605920777252,,3581.77835810997,2014,3,FALSE,TRUE,FALSE,,pre,2016-01-25,2017-05-04
PR,2014-10-01,0.037,,3634,0.0434482691277987,,3650.11295151125,2014,4,FALSE,TRUE,FALSE,,pre,2016-01-25,2017-05-04
PR,2015-01-01,0.054,,3693,0.0495846498584692,,3527.52548604932,2015,1,FALSE,TRUE,FALSE,,pre,2016-01-25,2017-05-04
PR,2015-04-01,0.062,,3524,0.0594693151596939,,3609.62959978754,2015,2,FALSE,TRUE,FALSE,,pre,2016-01-25,2017-05-04
PR,2015-07-01,0.062,,3513,0.0624458430641369,,3592.52042307726,2015,3,FALSE,TRUE,FALSE,,pre,2016-01-25,2017-05-04
PR,2015-10-01,0.059,0.683,3476,0.0657958500534801,0.684600707749217,3483.08343366081,2015,4,FALSE,TRUE,FALSE,,pre,2016-01-25,2017-05-04
PR,2016-01-01,0.081,0.6799999999999999,3664,0.0761353202164153,0.680760887016416,3468.28623558323,2016,1,FALSE,TRUE,FALSE,,crisis,2016-01-25,2017-05-04
PR,2016-04-01,0.08199999999999999,0.6799999999999999,3321,0.0796016909211378,0.678384990296284,3428.69873177053,2016,2,FALSE,TRUE,FALSE,,crisis,2016-01-25,2017-05-04
PR,2016-07-01,0.086,0.6759999999999999,3388,0.0863490118097432,0.675337722832119,3487.44107697488,2016,3,FALSE,TRUE,FALSE,,crisis,2016-01-25,2017-05-04
PR,2016-10-01,0.08199999999999999,0.669,3579,0.0890014976501903,0.670528615771832,3574.95665651949,2016,4,FALSE,TRUE,FALSE,,crisis,2016-01-25,2017-05-04
PR,2017-01-01,0.104,0.663,3810,0.099046940408955,0.663608937598032,3583.38433862066,2017,1,FALSE,TRUE,FALSE,,crisis,2016-01-25,2017-05-04
PR,2017-04-01,0.08900000000000001,0.6599999999999999,3425,0.0867889624363709,0.658517967938978,3555.60531287028,2017,2,FALSE,TRUE,FALSE,,post,2016-01-25,2017-05-04
PR,2017-07-01,0.085,0.655,3463,0.0850608728059423,0.654595751758874,3577.04165311299,2017,3,FALSE,TRUE,FALSE,,post,2016-01-25,2017-05-04
PR,2017-10-01,0.083,0.6439999999999999,3604,0.0897988817413323,0.645336595707314,3594.43860623709,2017,4,FALSE,TRUE,FALSE,,post,2016-01-25,2017-05-04
PR,2018-01-01,0.097,0.645,3802,0.0925303314746251,0.645126770046885,3547.53489742527,2018,1,FALSE,TRUE,FALSE,,post,2016-01-25,2017-05-04
PR,2018-04-01,0.091,0.653,3489,0.0888695919572005,0.651841468518726,3636.97781354115,2018,2,FALSE,TRUE,FALSE,,post,2016-01-25,2017-05-04
RJ,2012-01-01,0.085,,3606,0.0828280178622953,,3491.7941067493002,2012,1,FALSE,FALSE,TRUE,coded_rupture_in_main_estimation_window:RJ_2014_01,pre,2016-01-25,2017-05-04
RJ,2012-04-01,0.075,,3380,0.074267972124131,,3422.38832734051,2012,2,FALSE,FALSE,TRUE,coded_rupture_in_main_estimation_window:RJ_2014_01,pre,2016-01-25,2017-05-04
RJ,2012-07-01,0.075,,3315,0.0738870871247287,,3353.23109746808,2012,3,FALSE,FALSE,TRUE,coded_rupture_in_main_estimation_window:RJ_2014_01,pre,2016-01-25,2017-05-04
RJ,2012-10-01,0.069,,3287,0.0729597969710336,,3325.54866946616,2012,4,FALSE,FALSE,TRUE,coded_rupture_in_main_estimation_window:RJ_2014_01,pre,2016-01-25,2017-05-04
RJ,2013-01-01,0.073,,3462,0.0709485352158275,,3339.51162844166,2013,1,FALSE,FALSE,TRUE,coded_rupture_in_main_estimation_window:RJ_2014_01,pre,2016-01-25,2017-05-04
RJ,2013-04-01,0.07,,3376,0.0691103013163942,,3419.07998052144,2013,2,FALSE,FALSE,TRUE,coded_rupture_in_main_estimation_window:RJ_2014_01,pre,2016-01-25,2017-05-04
RJ,2013-07-01,0.069,,3507,0.0680783375948393,,3551.43489521441,2013,3,FALSE,FALSE,TRUE,coded_rupture_in_main_estimation_window:RJ_2014_01,pre,2016-01-25,2017-05-04
RJ,2013-10-01,0.062,,3545,0.0657300734060906,,3586.87693660053,2013,4,FALSE,FALSE,TRUE,coded_rupture_in_main_estimation_window:RJ_2014_01,pre,2016-01-25,2017-05-04
RJ,2014-01-01,0.067,,3658,0.0652946080040107,,3519.20660257582,2014,1,FALSE,FALSE,TRUE,coded_rupture_in_main_estimation_window:RJ_2014_01,pre,2016-01-25,2017-05-04
RJ,2014-04-01,0.065,,3486,0.0636652426824822,,3535.24035543085,2014,2,FALSE,FALSE,TRUE,coded_rupture_in_main_estimation_window:RJ_2014_01,pre,2016-01-25,2017-05-04
RJ,2014-07-01,0.062,,3453,0.0614956145099848,,3506.60829828324,2014,3,FALSE,FALSE,TRUE,coded_rupture_in_main_estimation_window:RJ_2014_01,pre,2016-01-25,2017-05-04
RJ,2014-10-01,0.05799999999999999,,3501,0.0613467163278133,,3545.61761784652,2014,4,FALSE,FALSE,TRUE,coded_rupture_in_main_estimation_window:RJ_2014_01,pre,2016-01-25,2017-05-04
RJ,2015-01-01,0.066,,3503,0.0648056921960958,,3343.75811877639,2015,1,FALSE,FALSE,TRUE,coded_rupture_in_main_estimation_window:RJ_2014_01,pre,2016-01-25,2017-05-04
RJ,2015-04-01,0.073,,3489,0.0709646352542165,,3545.13864574107,2015,2,FALSE,FALSE,TRUE,coded_rupture_in_main_estimation_window:RJ_2014_01,pre,2016-01-25,2017-05-04
RJ,2015-07-01,0.083,,3516,0.0831968363605278,,3582.08512410149,2015,3,FALSE,FALSE,TRUE,coded_rupture_in_main_estimation_window:RJ_2014_01,pre,2016-01-25,2017-05-04
RJ,2015-10-01,0.087,0.687,3597,0.0898052304476272,0.685827392912692,3645.77402553159,2015,4,FALSE,FALSE,TRUE,coded_rupture_in_main_estimation_window:RJ_2014_01,pre,2016-01-25,2017-05-04
RJ,2016-01-01,0.102,0.683,3918,0.101309150515427,0.681108575291686,3730.29806646281,2016,1,FALSE,FALSE,TRUE,coded_rupture_in_main_estimation_window:RJ_2014_01,crisis,2016-01-25,2017-05-04
RJ,2016-04-01,0.115,0.6739999999999999,3603,0.112425543178404,0.67155189213616,3672.39669078144,2016,2,FALSE,FALSE,TRUE,coded_rupture_in_main_estimation_window:RJ_2014_01,crisis,2016-01-25,2017-05-04
RJ,2016-07-01,0.122,0.6639999999999999,3515,0.122617448570334,0.669279133329434,3593.24938223008,2016,3,FALSE,FALSE,TRUE,coded_rupture_in_main_estimation_window:RJ_2014_01,crisis,2016-01-25,2017-05-04
RJ,2016-10-01,0.136,0.662,3529,0.138464131372952,0.660974632191837,3580.90364328761,2016,4,FALSE,FALSE,TRUE,coded_rupture_in_main_estimation_window:RJ_2014_01,crisis,2016-01-25,2017-05-04
RJ,2017-01-01,0.146,0.652,3770,0.145672445031325,0.650793383366226,3552.47805071602,2017,1,FALSE,FALSE,TRUE,coded_rupture_in_main_estimation_window:RJ_2014_01,crisis,2016-01-25,2017-05-04
RJ,2017-04-01,0.158,0.6479999999999999,3405,0.155193530086428,0.644786569572417,3490.7682915223,2017,2,FALSE,FALSE,TRUE,coded_rupture_in_main_estimation_window:RJ_2014_01,post,2016-01-25,2017-05-04
RJ,2017-07-01,0.146,0.63,3455,0.146738290051097,0.634939571310977,3541.53912980023,2017,3,FALSE,FALSE,TRUE,coded_rupture_in_main_estimation_window:RJ_2014_01,post,2016-01-25,2017-05-04
RJ,2017-10-01,0.152,0.635,3519,0.154297108295825,0.634291107797937,3576.59944566114,2017,4,FALSE,FALSE,TRUE,coded_rupture_in_main_estimation_window:RJ_2014_01,post,2016-01-25,2017-05-04
RJ,2018-01-01,0.151,0.635,3808,0.150742662401518,0.635190326096863,3562.43557855206,2018,1,FALSE,FALSE,TRUE,coded_rupture_in_main_estimation_window:RJ_2014_01,post,2016-01-25,2017-05-04
RJ,2018-04-01,0.155,0.632,3661,0.152368480759578,0.627084530204156,3759.33255112073,2018,2,FALSE,FALSE,TRUE,coded_rupture_in_main_estimation_window:RJ_2014_01,post,2016-01-25,2017-05-04
RN,2012-01-01,0.116,,2277,0.106983264329993,,2152.80981311675,2012,1,FALSE,TRUE,FALSE,,pre,2016-01-25,2017-05-04
RN,2012-04-01,0.114,,2128,0.112693188763453,,2161.14705530313,2012,2,FALSE,TRUE,FALSE,,pre,2016-01-25,2017-05-04
RN,2012-07-01,0.114,,2126,0.120319810763377,,2186.36612473464,2012,3,FALSE,TRUE,FALSE,,pre,2016-01-25,2017-05-04
RN,2012-10-01,0.116,,2122,0.121710025870124,,2153.86490162529,2012,4,FALSE,TRUE,FALSE,,pre,2016-01-25,2017-05-04
RN,2013-01-01,0.122,,2256,0.114848755131917,,2160.03633627578,2013,1,FALSE,TRUE,FALSE,,pre,2016-01-25,2017-05-04
RN,2013-04-01,0.109,,2215,0.107795939489572,,2218.82627713403,2013,2,FALSE,TRUE,FALSE,,pre,2016-01-25,2017-05-04
RN,2013-07-01,0.102,,2157,0.103457044099255,,2221.75618436271,2013,3,FALSE,TRUE,FALSE,,pre,2016-01-25,2017-05-04
RN,2013-10-01,0.098,,2231,0.103580080420339,,2258.88754665494,2013,4,FALSE,TRUE,FALSE,,pre,2016-01-25,2017-05-04
RN,2014-01-01,0.118,,2437,0.110795331553204,,2265.26832488699,2014,1,FALSE,TRUE,FALSE,,pre,2016-01-25,2017-05-04
RN,2014-04-01,0.117,,2264,0.11607354909719,,2343.51425676412,2014,2,FALSE,TRUE,FALSE,,pre,2016-01-25,2017-05-04
RN,2014-07-01,0.107,,2274,0.108259913621506,,2344.45301787082,2014,3,FALSE,TRUE,FALSE,,pre,2016-01-25,2017-05-04
RN,2014-10-01,0.105,,2253,0.110587491339771,,2276.13127030814,2014,4,FALSE,TRUE,FALSE,,pre,2016-01-25,2017-05-04
RN,2015-01-01,0.116,,2520,0.108610704729622,,2389.09943251824,2015,1,FALSE,TRUE,FALSE,,pre,2016-01-25,2017-05-04
RN,2015-04-01,0.118,,2352,0.117666032445568,,2388.96548969815,2015,2,FALSE,TRUE,FALSE,,pre,2016-01-25,2017-05-04
RN,2015-07-01,0.128,,2403,0.128695935919625,,2480.11991335507,2015,3,FALSE,TRUE,FALSE,,pre,2016-01-25,2017-05-04
RN,2015-10-01,0.123,0.554,2518,0.128698821126884,0.555956496517421,2538.41561940714,2015,4,FALSE,TRUE,FALSE,,pre,2016-01-25,2017-05-04
RN,2016-01-01,0.145,0.55,2543,0.135629355455101,0.55092657326124,2416.81864498369,2016,1,FALSE,TRUE,FALSE,,crisis,2016-01-25,2017-05-04
RN,2016-04-01,0.136,0.552,2393,0.136150025673137,0.546968726903181,2421.3763297408,2016,2,FALSE,TRUE,FALSE,,crisis,2016-01-25,2017-05-04
RN,2016-07-01,0.14300000000000002,0.548,2347,0.143010038765761,0.549697622799538,2431.65756019653,2016,3,FALSE,TRUE,FALSE,,crisis,2016-01-25,2017-05-04
RN,2016-10-01,0.147,0.5489999999999999,2514,0.157987215514068,0.551503033579343,2528.66355750792,2016,4,FALSE,TRUE,FALSE,,crisis,2016-01-25,2017-05-04
RN,2017-01-01,0.165,0.546,2763,0.152485450898288,0.547291255457147,2561.04016807729,2017,1,FALSE,TRUE,FALSE,,crisis,2016-01-25,2017-05-04
RN,2017-04-01,0.158,0.541,2352,0.158468299317984,0.535538235648529,2452.19506557637,2017,2,FALSE,TRUE,FALSE,,post,2016-01-25,2017-05-04
RN,2017-07-01,0.139,0.521,2328,0.143556521565516,0.521680131830654,2419.22070236852,2017,3,FALSE,TRUE,FALSE,,post,2016-01-25,2017-05-04
RN,2017-10-01,0.124,0.518,2276,0.135176669561563,0.521940248413454,2289.35089354339,2017,4,FALSE,TRUE,FALSE,,post,2016-01-25,2017-05-04
RN,2018-01-01,0.151,0.517,2585,0.138280680291705,0.518277289331963,2446.6428880816,2018,1,FALSE,TRUE,FALSE,,post,2016-01-25,2017-05-04
RN,2018-04-01,0.133,0.525,2408,0.133799642162535,0.519510406086641,2438.74342879701,2018,2,FALSE,TRUE,FALSE,,post,2016-01-25,2017-05-04
RO,2012-01-01,0.081,,2792,0.0765731579109469,,2733.94529979696,2012,1,FALSE,TRUE,FALSE,,pre,2016-01-25,2017-05-04
RO,2012-04-01,0.063,,2579,0.0658311447671896,,2647.50853464142,2012,2,FALSE,TRUE,FALSE,,pre,2016-01-25,2017-05-04
RO,2012-07-01,0.059,,2653,0.057481124949446,,2642.54571408563,2012,3,FALSE,TRUE,FALSE,,pre,2016-01-25,2017-05-04
RO,2012-10-01,0.052,,2579,0.054951091785671,,2579.39551897804,2012,4,FALSE,TRUE,FALSE,,pre,2016-01-25,2017-05-04
RO,2013-01-01,0.062,,2667,0.057914423760677,,2608.56166755758,2013,1,FALSE,TRUE,FALSE,,pre,2016-01-25,2017-05-04
RO,2013-04-01,0.048,,2500,0.0506986875363408,,2568.07765760474,2013,2,FALSE,TRUE,FALSE,,pre,2016-01-25,2017-05-04
RO,2013-07-01,0.046,,2582,0.0442169974239372,,2571.55126786029,2013,3,FALSE,TRUE,FALSE,,pre,2016-01-25,2017-05-04
RO,2013-10-01,0.049,,2628,0.0519425140406567,,2629.2218303563,2013,4,FALSE,TRUE,FALSE,,pre,2016-01-25,2017-05-04
RO,2014-01-01,0.05,,2656,0.0467440449121274,,2598.01474241526,2014,1,FALSE,TRUE,FALSE,,pre,2016-01-25,2017-05-04
RO,2014-04-01,0.042,,2626,0.0439529262407308,,2692.90446817982,2014,2,FALSE,TRUE,FALSE,,pre,2016-01-25,2017-05-04
RO,2014-07-01,0.042,,2696,0.040073118802827,,2684.55995785441,2014,3,FALSE,TRUE,FALSE,,pre,2016-01-25,2017-05-04
RO,2014-10-01,0.036,,2665,0.0391501488826717,,2668.15189369277,2014,4,FALSE,TRUE,FALSE,,pre,2016-01-25,2017-05-04
RO,2015-01-01,0.045,,2693,0.0423045972486937,,2635.73179557518,2015,1,FALSE,TRUE,FALSE,,pre,2016-01-25,2017-05-04
RO,2015-04-01,0.049,,2652,0.0502474896256285,,2716.17866686072,2015,2,FALSE,TRUE,FALSE,,pre,2016-01-25,2017-05-04
RO,2015-07-01,0.067,,2576,0.065213790865141,,2565.80604229816,2015,3,FALSE,TRUE,FALSE,,pre,2016-01-25,2017-05-04
RO,2015-10-01,0.065,0.518,2654,0.0682200559890886,0.516060184679266,2657.29541962061,2015,4,FALSE,TRUE,FALSE,,pre,2016-01-25,2017-05-04
RO,2016-01-01,0.076,0.5329999999999999,2671,0.0734045117582328,0.529373724498351,2615.14425274202,2016,1,FALSE,TRUE,FALSE,,crisis,2016-01-25,2017-05-04
RO,2016-04-01,0.079,0.494,2481,0.0801661568269311,0.49860853584266,2541.99272219955,2016,2,FALSE,TRUE,FALSE,,crisis,2016-01-25,2017-05-04
RO,2016-07-01,0.085,0.516,2520,0.0831939064064689,0.517310232288091,2512.54417823777,2016,3,FALSE,TRUE,FALSE,,crisis,2016-01-25,2017-05-04
RO,2016-10-01,0.08,0.507,2538,0.0832953785769747,0.50417504879059,2539.31867315534,2016,4,FALSE,TRUE,FALSE,,crisis,2016-01-25,2017-05-04
RO,2017-01-01,0.081,0.5029999999999999,2638,0.0781909312866245,0.500488171203034,2585.09718854393,2017,1,FALSE,TRUE,FALSE,,crisis,2016-01-25,2017-05-04
RO,2017-04-01,0.091,0.492,2526,0.0923008968616366,0.496166812584747,2582.88880123709,2017,2,FALSE,TRUE,FALSE,,post,2016-01-25,2017-05-04
RO,2017-07-01,0.08199999999999999,0.5029999999999999,2634,0.0804061761507341,0.504012384213073,2630.57991416729,2017,3,FALSE,TRUE,FALSE,,post,2016-01-25,2017-05-04
RO,2017-10-01,0.076,0.512,2694,0.0791636236418876,0.508481163855198,2691.55168894226,2017,4,FALSE,TRUE,FALSE,,post,2016-01-25,2017-05-04
RO,2018-01-01,0.105,0.518,2930,0.101942828933917,0.517401781256042,2880.13657540657,2018,1,FALSE,TRUE,FALSE,,post,2016-01-25,2017-05-04
RO,2018-04-01,0.083,0.514,2756,0.0842461935105987,0.516972575925997,2811.66598310267,2018,2,FALSE,TRUE,FALSE,,post,2016-01-25,2017-05-04
RR,2012-01-01,0.085,,3227,0.0733729595258771,,3137.68812066026,2012,1,FALSE,TRUE,FALSE,,pre,2016-01-25,2017-05-04
RR,2012-04-01,0.059,,3232,0.067829769330922,,3257.81848452194,2012,2,FALSE,TRUE,FALSE,,pre,2016-01-25,2017-05-04
RR,2012-07-01,0.075,,3287,0.0744585219296754,,3273.13771756051,2012,3,FALSE,TRUE,FALSE,,pre,2016-01-25,2017-05-04
RR,2012-10-01,0.084,,3224,0.08708924346118,,3305.51733308776,2012,4,FALSE,TRUE,FALSE,,pre,2016-01-25,2017-05-04
RR,2013-01-01,0.08900000000000001,,3480,0.0780139000338698,,3381.89181679933,2013,1,FALSE,TRUE,FALSE,,pre,2016-01-25,2017-05-04
RR,2013-04-01,0.087,,3445,0.0955836639208749,,3476.5331855073,2013,2,FALSE,TRUE,FALSE,,pre,2016-01-25,2017-05-04
RR,2013-07-01,0.08,,3499,0.0786172193375156,,3487.41777967545,2013,3,FALSE,TRUE,FALSE,,pre,2016-01-25,2017-05-04
RR,2013-10-01,0.067,,3274,0.0704590144895563,,3356.18233655605,2013,4,FALSE,TRUE,FALSE,,pre,2016-01-25,2017-05-04
RR,2014-01-01,0.077,,3370,0.06731899047363,,3256.22905358005,2014,1,FALSE,TRUE,FALSE,,pre,2016-01-25,2017-05-04
RR,2014-04-01,0.055,,3277,0.0629649370962557,,3323.78847334213,2014,2,FALSE,TRUE,FALSE,,pre,2016-01-25,2017-05-04
RR,2014-07-01,0.064,,3422,0.0612172837584533,,3411.11546376437,2014,3,FALSE,TRUE,FALSE,,pre,2016-01-25,2017-05-04
RR,2014-10-01,0.065,,3298,0.0688670173845056,,3379.73038389468,2014,4,FALSE,TRUE,FALSE,,pre,2016-01-25,2017-05-04
RR,2015-01-01,0.091,,3777,0.0833927980350975,,3646.06079406912,2015,1,FALSE,TRUE,FALSE,,pre,2016-01-25,2017-05-04
RR,2015-04-01,0.079,,3240,0.0858829131882044,,3306.81786859093,2015,2,FALSE,TRUE,FALSE,,pre,2016-01-25,2017-05-04
RR,2015-07-01,0.094,,3110,0.0898455456891017,,3095.30957838555,2015,3,FALSE,TRUE,FALSE,,pre,2016-01-25,2017-05-04
RR,2015-10-01,0.08199999999999999,0.569,3013,0.085874736017895,0.56565355989001,3093.81952206714,2015,4,FALSE,TRUE,FALSE,,pre,2016-01-25,2017-05-04
RR,2016-01-01,0.084,0.56,3286,0.079068241671529,0.564661308934218,3142.10188483869,2016,1,FALSE,TRUE,FALSE,,crisis,2016-01-25,2017-05-04
RR,2016-04-01,0.081,0.573,3116,0.0861770060700832,0.571172275058518,3201.09281820585,2016,2,FALSE,TRUE,FALSE,,crisis,2016-01-25,2017-05-04
RR,2016-07-01,0.099,0.5740000000000001,3302,0.0943533086330977,0.574093571534204,3281.78797536952,2016,3,FALSE,TRUE,FALSE,,crisis,2016-01-25,2017-05-04
RR,2016-10-01,0.093,0.583,3189,0.0967550153623729,0.580416295562195,3264.59198527981,2016,4,FALSE,TRUE,FALSE,,crisis,2016-01-25,2017-05-04
RR,2017-01-01,0.104,0.563,3399,0.10105200486783,0.567221795156303,3254.75476590869,2017,1,FALSE,TRUE,FALSE,,crisis,2016-01-25,2017-05-04
RR,2017-04-01,0.109,0.5640000000000001,3052,0.112109176608722,0.56229569500713406,3148.56125907209,2017,2,FALSE,TRUE,FALSE,,post,2016-01-25,2017-05-04
RR,2017-07-01,0.092,0.557,3213,0.0880724794326395,0.556764456241604,3187.21688308598,2017,3,FALSE,TRUE,FALSE,,post,2016-01-25,2017-05-04
RR,2017-10-01,0.096,0.5549999999999999,3165,0.0995906609760543,0.553087604296911,3228.43166583904,2017,4,FALSE,TRUE,FALSE,,post,2016-01-25,2017-05-04
RR,2018-01-01,0.105,0.557,3443,0.103062952610477,0.560754231152765,3309.18961165043,2018,1,FALSE,TRUE,FALSE,,post,2016-01-25,2017-05-04
RR,2018-04-01,0.115,0.5589999999999999,3147,0.11644068466791101,0.557468172510001,3250.43581692129,2018,2,FALSE,TRUE,FALSE,,post,2016-01-25,2017-05-04
RS,2012-01-01,0.053,,3534,0.0491743404159653,,3351.32818153012,2012,1,FALSE,TRUE,FALSE,,pre,2016-01-25,2017-05-04
RS,2012-04-01,0.051,,3273,0.0516088825895156,,3339.31617233951,2012,2,FALSE,TRUE,FALSE,,pre,2016-01-25,2017-05-04
RS,2012-07-01,0.047,,3361,0.0461015534527162,,3433.80154594677,2012,3,FALSE,TRUE,FALSE,,pre,2016-01-25,2017-05-04
RS,2012-10-01,0.044,,3400,0.0480166946176736,,3448.95203917014,2012,4,FALSE,TRUE,FALSE,,pre,2016-01-25,2017-05-04
RS,2013-01-01,0.054,,3638,0.050370298786895,,3446.00920441352,2013,1,FALSE,TRUE,FALSE,,pre,2016-01-25,2017-05-04
RS,2013-04-01,0.046,,3503,0.04655090731482,,3570.36878447075,2013,2,FALSE,TRUE,FALSE,,pre,2016-01-25,2017-05-04
RS,2013-07-01,0.049,,3629,0.0479500055844769,,3708.84532823933,2013,3,FALSE,TRUE,FALSE,,pre,2016-01-25,2017-05-04
RS,2013-10-01,0.047,,3625,0.0510852461076147,,3676.88866657436,2013,4,FALSE,TRUE,FALSE,,pre,2016-01-25,2017-05-04
RS,2014-01-01,0.054,,3749,0.0505440229314348,,3540.80656298262,2014,1,FALSE,TRUE,FALSE,,pre,2016-01-25,2017-05-04
RS,2014-04-01,0.05,,3591,0.0504860138831508,,3662.45125080438,2014,2,FALSE,TRUE,FALSE,,pre,2016-01-25,2017-05-04
RS,2014-07-01,0.053,,3483,0.0517340391912036,,3573.63734459137,2014,3,FALSE,TRUE,FALSE,,pre,2016-01-25,2017-05-04
RS,2014-10-01,0.046,,3509,0.0501034292070228,,3565.63638520038,2014,4,FALSE,TRUE,FALSE,,pre,2016-01-25,2017-05-04
RS,2015-01-01,0.05799999999999999,,3783,0.0549878004090743,,3553.34520103572,2015,1,FALSE,TRUE,FALSE,,pre,2016-01-25,2017-05-04
RS,2015-04-01,0.06,,3455,0.0601543424396714,,3530.10850494161,2015,2,FALSE,TRUE,FALSE,,pre,2016-01-25,2017-05-04
RS,2015-07-01,0.07,,3325,0.0685275105831916,,3430.11664371757,2015,3,FALSE,TRUE,FALSE,,pre,2016-01-25,2017-05-04
RS,2015-10-01,0.067,0.6839999999999999,3511,0.0712471683963358,0.684960512657389,3572.36079200304,2015,4,FALSE,TRUE,FALSE,,pre,2016-01-25,2017-05-04
RS,2016-01-01,0.076,0.6779999999999999,3875,0.0734432533108728,0.676102443071357,3621.26642650679,2016,1,FALSE,TRUE,FALSE,,crisis,2016-01-25,2017-05-04
RS,2016-04-01,0.08900000000000001,0.6799999999999999,3486,0.0887874854120303,0.679287360632501,3566.44280537904,2016,2,FALSE,TRUE,FALSE,,crisis,2016-01-25,2017-05-04
RS,2016-07-01,0.083,0.677,3499,0.081153587633577,0.678354348972284,3618.09758111652,2016,3,FALSE,TRUE,FALSE,,crisis,2016-01-25,2017-05-04
RS,2016-10-01,0.084,0.671,3550,0.0884923530203947,0.672406635360085,3614.28361925753,2016,4,FALSE,TRUE,FALSE,,crisis,2016-01-25,2017-05-04
RS,2017-01-01,0.092,0.6739999999999999,3920,0.0901477215499195,0.672115242165836,3645.6090959432,2017,1,FALSE,TRUE,FALSE,,crisis,2016-01-25,2017-05-04
RS,2017-04-01,0.086,0.661,3527,0.0851566698138067,0.659989539546462,3614.66203629226,2017,2,FALSE,TRUE,FALSE,,post,2016-01-25,2017-05-04
RS,2017-07-01,0.08199999999999999,0.657,3561,0.0797029629963345,0.658073387831287,3686.86831267327,2017,3,FALSE,TRUE,FALSE,,post,2016-01-25,2017-05-04
RS,2017-10-01,0.081,0.6639999999999999,3565,0.0860702229479605,0.666239831692584,3632.48072271776,2017,4,FALSE,TRUE,FALSE,,post,2016-01-25,2017-05-04
RS,2018-01-01,0.086,0.6679999999999999,3921,0.0844499167838962,0.665901973700456,3634.74045118166,2018,1,FALSE,TRUE,FALSE,,post,2016-01-25,2017-05-04
RS,2018-04-01,0.084,0.6639999999999999,3594,0.0827420444656964,0.662621598209834,3685.48315576499,2018,2,FALSE,TRUE,FALSE,,post,2016-01-25,2017-05-04
SC,2012-01-01,0.04099999999999999,,3653,0.0370330049668716,,3571.05481333435,2012,1,FALSE,TRUE,FALSE,,pre,2016-01-25,2017-05-04
SC,2012-04-01,0.038,,3328,0.0360697977134985,,3425.25461925886,2012,2,FALSE,TRUE,FALSE,,pre,2016-01-25,2017-05-04
SC,2012-07-01,0.032,,3434,0.0329514043289125,,3455.72192746441,2012,3,FALSE,TRUE,FALSE,,pre,2016-01-25,2017-05-04
SC,2012-10-01,0.027,,3471,0.0319925960162858,,3433.72493980177,2012,4,FALSE,TRUE,FALSE,,pre,2016-01-25,2017-05-04
SC,2013-01-01,0.037,,3477,0.0330175866004693,,3415.38303051981,2013,1,FALSE,TRUE,FALSE,,pre,2016-01-25,2017-05-04
SC,2013-04-01,0.035,,3400,0.032959636209301,,3469.84215066728,2013,2,FALSE,TRUE,FALSE,,pre,2016-01-25,2017-05-04
SC,2013-07-01,0.02799999999999999,,3448,0.0289693330697148,,3482.10556573553,2013,3,FALSE,TRUE,FALSE,,pre,2016-01-25,2017-05-04
SC,2013-10-01,0.026,,3547,0.0312368462852126,,3509.19550467096,2013,4,FALSE,TRUE,FALSE,,pre,2016-01-25,2017-05-04
SC,2014-01-01,0.031,,3607,0.0267978204981176,,3498.11984159599,2014,1,FALSE,TRUE,FALSE,,pre,2016-01-25,2017-05-04
SC,2014-04-01,0.02799999999999999,,3456,0.0258764545125669,,3559.43604633798,2014,2,FALSE,TRUE,FALSE,,pre,2016-01-25,2017-05-04
SC,2014-07-01,0.03,,3545,0.0310985373479479,,3596.08021232468,2014,3,FALSE,TRUE,FALSE,,pre,2016-01-25,2017-05-04
SC,2014-10-01,0.027,,3635,0.0323319431121589,,3601.29154510036,2014,4,FALSE,TRUE,FALSE,,pre,2016-01-25,2017-05-04
SC,2015-01-01,0.039,,3677,0.034698205043559,,3571.82194731984,2015,1,FALSE,TRUE,FALSE,,pre,2016-01-25,2017-05-04
SC,2015-04-01,0.04,,3492,0.0377053063344592,,3570.0552672871,2015,2,FALSE,TRUE,FALSE,,pre,2016-01-25,2017-05-04
SC,2015-07-01,0.044,,3448,0.0453651837094323,,3519.90300284437,2015,3,FALSE,TRUE,FALSE,,pre,2016-01-25,2017-05-04
SC,2015-10-01,0.043,0.738,3540,0.0483491138575054,0.739960228325183,3511.71156838811,2015,4,FALSE,TRUE,FALSE,,pre,2016-01-25,2017-05-04
SC,2016-01-01,0.061,0.729,3662,0.0564255724726328,0.73033674795825,3528.5336949532,2016,1,FALSE,TRUE,FALSE,,crisis,2016-01-25,2017-05-04
SC,2016-04-01,0.068,0.729,3237,0.0657998171569263,0.726415223580489,3323.41902401745,2016,2,FALSE,TRUE,FALSE,,crisis,2016-01-25,2017-05-04
SC,2016-07-01,0.064,0.7310000000000001,3360,0.0655943878356565,0.730051368008455,3444.12497156694,2016,3,FALSE,TRUE,FALSE,,crisis,2016-01-25,2017-05-04
SC,2016-10-01,0.062,0.73,3504,0.0671204645734384,0.732395817291002,3481.93309021628,2016,4,FALSE,TRUE,FALSE,,crisis,2016-01-25,2017-05-04
SC,2017-01-01,0.079,0.727,3796,0.0744173177875312,0.728178183599072,3589.40322435987,2017,1,FALSE,TRUE,FALSE,,crisis,2016-01-25,2017-05-04
SC,2017-04-01,0.075,0.729,3473,0.0729001118003219,0.72623812123775,3615.1229722726,2017,2,FALSE,TRUE,FALSE,,post,2016-01-25,2017-05-04
SC,2017-07-01,0.068,0.724,3547,0.0696356028541785,0.722892323847222,3641.72154215168,2017,3,FALSE,TRUE,FALSE,,post,2016-01-25,2017-05-04
SC,2017-10-01,0.064,0.719,3692,0.0690139393307889,0.722117689179877,3669.34646725389,2017,4,FALSE,TRUE,FALSE,,post,2016-01-25,2017-05-04
SC,2018-01-01,0.066,0.7230000000000001,3873,0.0613051554997147,0.723880444329241,3686.22370077045,2018,1,FALSE,TRUE,FALSE,,post,2016-01-25,2017-05-04
SC,2018-04-01,0.066,0.7310000000000001,3528,0.0642397351153668,0.727879137862934,3641.45928774047,2018,2,FALSE,TRUE,FALSE,,post,2016-01-25,2017-05-04
SE,2012-01-01,0.105,,2610,0.114740125113481,,2488.47598492865,2012,1,FALSE,TRUE,FALSE,,pre,2016-01-25,2017-05-04
SE,2012-04-01,0.109,,2325,0.104278924037159,,2329.91711985887,2012,2,FALSE,TRUE,FALSE,,pre,2016-01-25,2017-05-04
SE,2012-07-01,0.106,,2301,0.106597641474089,,2346.47535974135,2012,3,FALSE,TRUE,FALSE,,pre,2016-01-25,2017-05-04
SE,2012-10-01,0.097,,2322,0.103424317648026,,2392.22133374414,2012,4,FALSE,TRUE,FALSE,,pre,2016-01-25,2017-05-04
SE,2013-01-01,0.116,,2545,0.108501208619878,,2425.01467276438,2013,1,FALSE,TRUE,FALSE,,pre,2016-01-25,2017-05-04
SE,2013-04-01,0.114,,2472,0.10972910441074,,2474.3060330425,2013,2,FALSE,TRUE,FALSE,,pre,2016-01-25,2017-05-04
SE,2013-07-01,0.101,,2460,0.102821340147546,,2509.81183412059,2013,3,FALSE,TRUE,FALSE,,pre,2016-01-25,2017-05-04
SE,2013-10-01,0.08800000000000001,,2470,0.0941957646031076,,2537.72517515239,2013,4,FALSE,TRUE,FALSE,,pre,2016-01-25,2017-05-04
SE,2014-01-01,0.096,,2672,0.0878763413807657,,2551.00720908091,2014,1,FALSE,TRUE,FALSE,,pre,2016-01-25,2017-05-04
SE,2014-04-01,0.098,,2858,0.0944188557637434,,2859.37176773268,2014,2,FALSE,TRUE,FALSE,,pre,2016-01-25,2017-05-04
SE,2014-07-01,0.091,,2650,0.0931020933269243,,2706.21447939502,2014,3,FALSE,TRUE,FALSE,,pre,2016-01-25,2017-05-04
SE,2014-10-01,0.091,,2584,0.0970167903095809,,2649.60623367379,2014,4,FALSE,TRUE,FALSE,,pre,2016-01-25,2017-05-04
SE,2015-01-01,0.08800000000000001,,2597,0.0788557654954658,,2466.5242341894,2015,1,FALSE,TRUE,FALSE,,pre,2016-01-25,2017-05-04
SE,2015-04-01,0.092,,2424,0.0896063118626146,,2432.53682782633,2015,2,FALSE,TRUE,FALSE,,pre,2016-01-25,2017-05-04
SE,2015-07-01,0.08800000000000001,,2372,0.0897661900638045,,2435.69278666909,2015,3,FALSE,TRUE,FALSE,,pre,2016-01-25,2017-05-04
SE,2015-10-01,0.101,0.498,2322,0.107161072377008,0.504058856425571,2382.19141449251,2015,4,FALSE,TRUE,FALSE,,pre,2016-01-25,2017-05-04
SE,2016-01-01,0.116,0.484,2531,0.12307078559599301,0.48227734676605,2386.00259705434,2016,1,FALSE,TRUE,FALSE,,crisis,2016-01-25,2017-05-04
SE,2016-04-01,0.129,0.501,2495,0.12708333794964,0.49902165674789,2520.41570372478,2016,2,FALSE,TRUE,FALSE,,crisis,2016-01-25,2017-05-04
SE,2016-07-01,0.145,0.499,2395,0.146370790174641,0.496929530467092,2460.7136543941,2016,3,FALSE,TRUE,FALSE,,crisis,2016-01-25,2017-05-04
SE,2016-10-01,0.152,0.488,2518,0.157658995839928,0.49361674224157,2574.90704518806,2016,4,FALSE,TRUE,FALSE,,crisis,2016-01-25,2017-05-04
SE,2017-01-01,0.163,0.505,2744,0.154175753229923,0.50365690042661,2581.64149116697,2017,1,FALSE,TRUE,FALSE,,crisis,2016-01-25,2017-05-04
SE,2017-04-01,0.14300000000000002,0.477,2405,0.141189106622986,0.474305708193022,2448.98846961389,2017,2,FALSE,TRUE,FALSE,,post,2016-01-25,2017-05-04
SE,2017-07-01,0.139,0.481,2314,0.138300653859211,0.479628666129668,2383.89944921854,2017,3,FALSE,TRUE,FALSE,,post,2016-01-25,2017-05-04
SE,2017-10-01,0.13699999999999998,0.45200000000000007,2261,0.1436489155214,0.457708215687946,2309.56520853924,2017,4,FALSE,TRUE,FALSE,,post,2016-01-25,2017-05-04
SE,2018-01-01,0.173,0.459,2566,0.164742619071875,0.457325572901922,2391.55566081923,2018,1,FALSE,TRUE,FALSE,,post,2016-01-25,2017-05-04
SE,2018-04-01,0.171,0.4620000000000001,2222,0.168229889205961,0.458629848525815,2283.34892003455,2018,2,FALSE,TRUE,FALSE,,post,2016-01-25,2017-05-04
SP,2012-01-01,0.078,,4161,0.0754518408332832,,4039.62459834261,2012,1,FALSE,TRUE,FALSE,,pre,2016-01-25,2017-05-04
SP,2012-04-01,0.075,,3999,0.0735452085248127,,4037.09021863028,2012,2,FALSE,TRUE,FALSE,,pre,2016-01-25,2017-05-04
SP,2012-07-01,0.07,,4050,0.0719786925869997,,4090.87230044915,2012,3,FALSE,TRUE,FALSE,,pre,2016-01-25,2017-05-04
SP,2012-10-01,0.068,,4117,0.0727584181088164,,4163.53124737893,2012,4,FALSE,TRUE,FALSE,,pre,2016-01-25,2017-05-04
SP,2013-01-01,0.078,,4266,0.0739806917560112,,4134.71001393558,2013,1,FALSE,TRUE,FALSE,,pre,2016-01-25,2017-05-04
SP,2013-04-01,0.075,,4174,0.0735633512384331,,4216.19799159794,2013,2,FALSE,TRUE,FALSE,,pre,2016-01-25,2017-05-04
SP,2013-07-01,0.07400000000000001,,4162,0.073448546172919,,4215.2313062528,2013,3,FALSE,TRUE,FALSE,,pre,2016-01-25,2017-05-04
SP,2013-10-01,0.066,,4112,0.0708413589248609,,4154.00365741432,2013,4,FALSE,TRUE,FALSE,,pre,2016-01-25,2017-05-04
SP,2014-01-01,0.073,,4389,0.0687840820400691,,4228.70527587763,2014,1,FALSE,TRUE,FALSE,,pre,2016-01-25,2017-05-04
SP,2014-04-01,0.071,,4277,0.0696494160495772,,4341.71972558671,2014,2,FALSE,TRUE,FALSE,,pre,2016-01-25,2017-05-04
SP,2014-07-01,0.073,,4348,0.0724800422606438,,4424.24742974229,2014,3,FALSE,TRUE,FALSE,,pre,2016-01-25,2017-05-04
SP,2014-10-01,0.07200000000000001,,4338,0.0769109657577585,,4364.76150638603,2014,4,FALSE,TRUE,FALSE,,pre,2016-01-25,2017-05-04
SP,2015-01-01,0.086,,4450,0.0816424124571475,,4246.95544803584,2015,1,FALSE,TRUE,FALSE,,pre,2016-01-25,2017-05-04
SP,2015-04-01,0.092,,4403,0.090679617694056,,4502.69964325241,2015,2,FALSE,TRUE,FALSE,,pre,2016-01-25,2017-05-04
SP,2015-07-01,0.098,,4288,0.0974470477894864,,4395.23403055181,2015,3,FALSE,TRUE,FALSE,,pre,2016-01-25,2017-05-04
SP,2015-10-01,0.102,0.734,4479,0.107088146257189,0.735871430133135,4483.80624273648,2015,4,FALSE,TRUE,FALSE,,pre,2016-01-25,2017-05-04
SP,2016-01-01,0.122,0.733,4706,0.118942072639809,0.731183894523428,4454.66150070176,2016,1,FALSE,TRUE,FALSE,,crisis,2016-01-25,2017-05-04
SP,2016-04-01,0.123,0.727,4181,0.121586158506872,0.727397318875194,4322.59013207681,2016,2,FALSE,TRUE,FALSE,,crisis,2016-01-25,2017-05-04
SP,2016-07-01,0.129,0.734,4236,0.128420507840819,0.733470681853383,4366.60773126888,2016,3,FALSE,TRUE,FALSE,,crisis,2016-01-25,2017-05-04
SP,2016-10-01,0.125,0.7210000000000001,4453,0.132730784236735,0.723100206722581,4437.0161085007,2016,4,FALSE,TRUE,FALSE,,crisis,2016-01-25,2017-05-04
SP,2017-01-01,0.14400000000000002,0.717,4742,0.137176869981999,0.714960577829994,4461.86193584838,2017,1,FALSE,TRUE,FALSE,,crisis,2016-01-25,2017-05-04
SP,2017-04-01,0.136,0.709,4199,0.134473906158167,0.709359350414619,4363.00922180878,2017,2,FALSE,TRUE,FALSE,,post,2016-01-25,2017-05-04
SP,2017-07-01,0.133,0.7010000000000001,4234,0.134693024270142,0.70060466883433,4379.49961255322,2017,3,FALSE,TRUE,FALSE,,post,2016-01-25,2017-05-04
SP,2017-10-01,0.128,0.696,4413,0.135839177744972,0.698240643546983,4387.29762376917,2017,4,FALSE,TRUE,FALSE,,post,2016-01-25,2017-05-04
SP,2018-01-01,0.141,0.6910000000000001,4692,0.134558912185599,0.688579553224146,4401.21734653418,2018,1,FALSE,TRUE,FALSE,,post,2016-01-25,2017-05-04
SP,2018-04-01,0.138,0.6859999999999999,4279,0.136337741721652,0.68661617866562,4446.92522614021,2018,2,FALSE,TRUE,FALSE,,post,2016-01-25,2017-05-04
TO,2012-01-01,0.084,,2702,0.0794240964051365,,2609.06451111337,2012,1,FALSE,FALSE,TRUE,coded_rupture_in_main_estimation_window:TO_2018_01,pre,2016-01-25,2017-05-04
TO,2012-04-01,0.077,,2585,0.0763434427966102,,2558.5996859502,2012,2,FALSE,FALSE,TRUE,coded_rupture_in_main_estimation_window:TO_2018_01,pre,2016-01-25,2017-05-04
TO,2012-07-01,0.073,,2588,0.0731309547296957,,2608.48575976924,2012,3,FALSE,FALSE,TRUE,coded_rupture_in_main_estimation_window:TO_2018_01,pre,2016-01-25,2017-05-04
TO,2012-10-01,0.077,,2520,0.0838516287174857,,2560.78638424239,2012,4,FALSE,FALSE,TRUE,coded_rupture_in_main_estimation_window:TO_2018_01,pre,2016-01-25,2017-05-04
TO,2013-01-01,0.093,,2585,0.0810330559811037,,2521.77313630233,2013,1,FALSE,FALSE,TRUE,coded_rupture_in_main_estimation_window:TO_2018_01,pre,2016-01-25,2017-05-04
TO,2013-04-01,0.08199999999999999,,2600,0.0812414809402577,,2580.54972490813,2013,2,FALSE,FALSE,TRUE,coded_rupture_in_main_estimation_window:TO_2018_01,pre,2016-01-25,2017-05-04
TO,2013-07-01,0.062,,2414,0.0680488780279868,,2485.99526607328,2013,3,FALSE,FALSE,TRUE,coded_rupture_in_main_estimation_window:TO_2018_01,pre,2016-01-25,2017-05-04
TO,2013-10-01,0.065,,2461,0.0718810812658481,,2504.19102708554,2013,4,FALSE,FALSE,TRUE,coded_rupture_in_main_estimation_window:TO_2018_01,pre,2016-01-25,2017-05-04
TO,2014-01-01,0.086,,2526,0.0742720071089755,,2449.6282011932,2014,1,FALSE,FALSE,TRUE,coded_rupture_in_main_estimation_window:TO_2018_01,pre,2016-01-25,2017-05-04
TO,2014-04-01,0.078,,2554,0.0768774256691373,,2543.86278900342,2014,2,FALSE,FALSE,TRUE,coded_rupture_in_main_estimation_window:TO_2018_01,pre,2016-01-25,2017-05-04
TO,2014-07-01,0.077,,2478,0.0830278016947088,,2553.92202397274,2014,3,FALSE,FALSE,TRUE,coded_rupture_in_main_estimation_window:TO_2018_01,pre,2016-01-25,2017-05-04
TO,2014-10-01,0.064,,2604,0.0712153776424477,,2649.79535611088,2014,4,FALSE,FALSE,TRUE,coded_rupture_in_main_estimation_window:TO_2018_01,pre,2016-01-25,2017-05-04
TO,2015-01-01,0.08800000000000001,,2782,0.0763914886246184,,2684.44949946139,2015,1,FALSE,FALSE,TRUE,coded_rupture_in_main_estimation_window:TO_2018_01,pre,2016-01-25,2017-05-04
TO,2015-04-01,0.077,,2720,0.0753095104122612,,2726.73235325439,2015,2,FALSE,FALSE,TRUE,coded_rupture_in_main_estimation_window:TO_2018_01,pre,2016-01-25,2017-05-04
TO,2015-07-01,0.093,,2735,0.0990606787673309,,2813.02320974061,2015,3,FALSE,FALSE,TRUE,coded_rupture_in_main_estimation_window:TO_2018_01,pre,2016-01-25,2017-05-04
TO,2015-10-01,0.09,0.567,2632,0.0977961801568327,0.575105664616611,2680.18124057487,2015,4,FALSE,FALSE,TRUE,coded_rupture_in_main_estimation_window:TO_2018_01,pre,2016-01-25,2017-05-04
TO,2016-01-01,0.108,0.5720000000000001,2880,0.103935314153965,0.572234245389201,2720.40166463071,2016,1,FALSE,FALSE,TRUE,coded_rupture_in_main_estimation_window:TO_2018_01,crisis,2016-01-25,2017-05-04
TO,2016-04-01,0.112,0.5549999999999999,2567,0.109765340982023,0.556117305435802,2593.9151480697,2016,2,FALSE,FALSE,TRUE,coded_rupture_in_main_estimation_window:TO_2018_01,crisis,2016-01-25,2017-05-04
TO,2016-07-01,0.108,0.569,2524,0.113974718649797,0.559943510846146,2601.13794958076,2016,3,FALSE,FALSE,TRUE,coded_rupture_in_main_estimation_window:TO_2018_01,crisis,2016-01-25,2017-05-04
TO,2016-10-01,0.132,0.5449999999999999,2676,0.134595185191014,0.552740647022581,2673.86553644869,2016,4,FALSE,FALSE,TRUE,coded_rupture_in_main_estimation_window:TO_2018_01,crisis,2016-01-25,2017-05-04
TO,2017-01-01,0.127,0.5609999999999999,2773,0.120970521953339,0.560990622699377,2686.63696698433,2017,1,FALSE,FALSE,TRUE,coded_rupture_in_main_estimation_window:TO_2018_01,crisis,2016-01-25,2017-05-04
TO,2017-04-01,0.117,0.568,2667,0.114629360376345,0.568940572266638,2711.52166433659,2017,2,FALSE,FALSE,TRUE,coded_rupture_in_main_estimation_window:TO_2018_01,post,2016-01-25,2017-05-04
TO,2017-07-01,0.119,0.589,2626,0.11869277743712,0.581018425716487,2650.61782125734,2017,3,FALSE,FALSE,TRUE,coded_rupture_in_main_estimation_window:TO_2018_01,post,2016-01-25,2017-05-04
TO,2017-10-01,0.106,0.56,2702,0.109365936665484,0.567131534438116,2695.30490348277,2017,4,FALSE,FALSE,TRUE,coded_rupture_in_main_estimation_window:TO_2018_01,post,2016-01-25,2017-05-04
TO,2018-01-01,0.111,0.5549999999999999,2922,0.104535036676262,0.554682468458339,2830.78859820934,2018,1,FALSE,FALSE,TRUE,coded_rupture_in_main_estimation_window:TO_2018_01,post,2016-01-25,2017-05-04
TO,2018-04-01,0.114,0.562,2711,0.111560621258868,0.562176955244666,2765.28542145145,2018,2,FALSE,FALSE,TRUE,coded_rupture_in_main_estimation_window:TO_2018_01,post,2016-01-25,2017-05-04
