nivel_territorial_codigo,nivel_territorial,unidade_de_medida_codigo,unidade_de_medida,valor,unidade_da_federacao_codigo,unidade_da_federacao,variavel_codigo,variavel,ano_codigo,ano,sexo_codigo,sexo,classes_de_rendimento_mensal_de_todos_os_trabalhos_codigo,classes_de_rendimento_mensal_de_todos_os_trabalhos,downloaded_at
3,Unidade da Federação,38,Reais,524,11,Rondônia,778,Valor do rendimento médio mensal de todos os trabalhos das pessoas de 10 anos ou mais de idade ocupadas na semana de referência,2001,2001,6794,Total,99149,Total,2026-05-27
3,Unidade da Federação,38,Reais,564,11,Rondônia,778,Valor do rendimento médio mensal de todos os trabalhos das pessoas de 10 anos ou mais de idade ocupadas na semana de referência,2002,2002,6794,Total,99149,Total,2026-05-27
3,Unidade da Federação,38,Reais,593,11,Rondônia,778,Valor do rendimento médio mensal de todos os trabalhos das pessoas de 10 anos ou mais de idade ocupadas na semana de referência,2003,2003,6794,Total,99149,Total,2026-05-27
3,Unidade da Federação,38,Reais,574,11,Rondônia,778,Valor do rendimento médio mensal de todos os trabalhos das pessoas de 10 anos ou mais de idade ocupadas na semana de referência,2004,2004,6794,Total,99149,Total,2026-05-27
3,Unidade da Federação,38,Reais,651,11,Rondônia,778,Valor do rendimento médio mensal de todos os trabalhos das pessoas de 10 anos ou mais de idade ocupadas na semana de referência,2005,2005,6794,Total,99149,Total,2026-05-27
3,Unidade da Federação,38,Reais,731,11,Rondônia,778,Valor do rendimento médio mensal de todos os trabalhos das pessoas de 10 anos ou mais de idade ocupadas na semana de referência,2006,2006,6794,Total,99149,Total,2026-05-27
3,Unidade da Federação,38,Reais,710,11,Rondônia,778,Valor do rendimento médio mensal de todos os trabalhos das pessoas de 10 anos ou mais de idade ocupadas na semana de referência,2007,2007,6794,Total,99149,Total,2026-05-27
3,Unidade da Federação,38,Reais,773,11,Rondônia,778,Valor do rendimento médio mensal de todos os trabalhos das pessoas de 10 anos ou mais de idade ocupadas na semana de referência,2008,2008,6794,Total,99149,Total,2026-05-27
3,Unidade da Federação,38,Reais,913,11,Rondônia,778,Valor do rendimento médio mensal de todos os trabalhos das pessoas de 10 anos ou mais de idade ocupadas na semana de referência,2009,2009,6794,Total,99149,Total,2026-05-27
3,Unidade da Federação,38,Reais,1153,11,Rondônia,778,Valor do rendimento médio mensal de todos os trabalhos das pessoas de 10 anos ou mais de idade ocupadas na semana de referência,2011,2011,6794,Total,99149,Total,2026-05-27
3,Unidade da Federação,38,Reais,1183,11,Rondônia,778,Valor do rendimento médio mensal de todos os trabalhos das pessoas de 10 anos ou mais de idade ocupadas na semana de referência,2012,2012,6794,Total,99149,Total,2026-05-27
3,Unidade da Federação,38,Reais,1309,11,Rondônia,778,Valor do rendimento médio mensal de todos os trabalhos das pessoas de 10 anos ou mais de idade ocupadas na semana de referência,2013,2013,6794,Total,99149,Total,2026-05-27
3,Unidade da Federação,38,Reais,1458,11,Rondônia,778,Valor do rendimento médio mensal de todos os trabalhos das pessoas de 10 anos ou mais de idade ocupadas na semana de referência,2014,2014,6794,Total,99149,Total,2026-05-27
3,Unidade da Federação,38,Reais,1594,11,Rondônia,778,Valor do rendimento médio mensal de todos os trabalhos das pessoas de 10 anos ou mais de idade ocupadas na semana de referência,2015,2015,6794,Total,99149,Total,2026-05-27
3,Unidade da Federação,38,Reais,625,12,Acre,778,Valor do rendimento médio mensal de todos os trabalhos das pessoas de 10 anos ou mais de idade ocupadas na semana de referência,2001,2001,6794,Total,99149,Total,2026-05-27
3,Unidade da Federação,38,Reais,587,12,Acre,778,Valor do rendimento médio mensal de todos os trabalhos das pessoas de 10 anos ou mais de idade ocupadas na semana de referência,2002,2002,6794,Total,99149,Total,2026-05-27
3,Unidade da Federação,38,Reais,629,12,Acre,778,Valor do rendimento médio mensal de todos os trabalhos das pessoas de 10 anos ou mais de idade ocupadas na semana de referência,2003,2003,6794,Total,99149,Total,2026-05-27
3,Unidade da Federação,38,Reais,516,12,Acre,778,Valor do rendimento médio mensal de todos os trabalhos das pessoas de 10 anos ou mais de idade ocupadas na semana de referência,2004,2004,6794,Total,99149,Total,2026-05-27
3,Unidade da Federação,38,Reais,557,12,Acre,778,Valor do rendimento médio mensal de todos os trabalhos das pessoas de 10 anos ou mais de idade ocupadas na semana de referência,2005,2005,6794,Total,99149,Total,2026-05-27
3,Unidade da Federação,38,Reais,630,12,Acre,778,Valor do rendimento médio mensal de todos os trabalhos das pessoas de 10 anos ou mais de idade ocupadas na semana de referência,2006,2006,6794,Total,99149,Total,2026-05-27
3,Unidade da Federação,38,Reais,727,12,Acre,778,Valor do rendimento médio mensal de todos os trabalhos das pessoas de 10 anos ou mais de idade ocupadas na semana de referência,2007,2007,6794,Total,99149,Total,2026-05-27
3,Unidade da Federação,38,Reais,769,12,Acre,778,Valor do rendimento médio mensal de todos os trabalhos das pessoas de 10 anos ou mais de idade ocupadas na semana de referência,2008,2008,6794,Total,99149,Total,2026-05-27
3,Unidade da Federação,38,Reais,1020,12,Acre,778,Valor do rendimento médio mensal de todos os trabalhos das pessoas de 10 anos ou mais de idade ocupadas na semana de referência,2009,2009,6794,Total,99149,Total,2026-05-27
3,Unidade da Federação,38,Reais,952,12,Acre,778,Valor do rendimento médio mensal de todos os trabalhos das pessoas de 10 anos ou mais de idade ocupadas na semana de referência,2011,2011,6794,Total,99149,Total,2026-05-27
3,Unidade da Federação,38,Reais,1025,12,Acre,778,Valor do rendimento médio mensal de todos os trabalhos das pessoas de 10 anos ou mais de idade ocupadas na semana de referência,2012,2012,6794,Total,99149,Total,2026-05-27
3,Unidade da Federação,38,Reais,1147,12,Acre,778,Valor do rendimento médio mensal de todos os trabalhos das pessoas de 10 anos ou mais de idade ocupadas na semana de referência,2013,2013,6794,Total,99149,Total,2026-05-27
3,Unidade da Federação,38,Reais,1300,12,Acre,778,Valor do rendimento médio mensal de todos os trabalhos das pessoas de 10 anos ou mais de idade ocupadas na semana de referência,2014,2014,6794,Total,99149,Total,2026-05-27
3,Unidade da Federação,38,Reais,1273,12,Acre,778,Valor do rendimento médio mensal de todos os trabalhos das pessoas de 10 anos ou mais de idade ocupadas na semana de referência,2015,2015,6794,Total,99149,Total,2026-05-27
3,Unidade da Federação,38,Reais,518,13,Amazonas,778,Valor do rendimento médio mensal de todos os trabalhos das pessoas de 10 anos ou mais de idade ocupadas na semana de referência,2001,2001,6794,Total,99149,Total,2026-05-27
3,Unidade da Federação,38,Reais,525,13,Amazonas,778,Valor do rendimento médio mensal de todos os trabalhos das pessoas de 10 anos ou mais de idade ocupadas na semana de referência,2002,2002,6794,Total,99149,Total,2026-05-27
3,Unidade da Federação,38,Reais,576,13,Amazonas,778,Valor do rendimento médio mensal de todos os trabalhos das pessoas de 10 anos ou mais de idade ocupadas na semana de referência,2003,2003,6794,Total,99149,Total,2026-05-27
3,Unidade da Federação,38,Reais,543,13,Amazonas,778,Valor do rendimento médio mensal de todos os trabalhos das pessoas de 10 anos ou mais de idade ocupadas na semana de referência,2004,2004,6794,Total,99149,Total,2026-05-27
3,Unidade da Federação,38,Reais,579,13,Amazonas,778,Valor do rendimento médio mensal de todos os trabalhos das pessoas de 10 anos ou mais de idade ocupadas na semana de referência,2005,2005,6794,Total,99149,Total,2026-05-27
3,Unidade da Federação,38,Reais,646,13,Amazonas,778,Valor do rendimento médio mensal de todos os trabalhos das pessoas de 10 anos ou mais de idade ocupadas na semana de referência,2006,2006,6794,Total,99149,Total,2026-05-27
3,Unidade da Federação,38,Reais,749,13,Amazonas,778,Valor do rendimento médio mensal de todos os trabalhos das pessoas de 10 anos ou mais de idade ocupadas na semana de referência,2007,2007,6794,Total,99149,Total,2026-05-27
3,Unidade da Federação,38,Reais,800,13,Amazonas,778,Valor do rendimento médio mensal de todos os trabalhos das pessoas de 10 anos ou mais de idade ocupadas na semana de referência,2008,2008,6794,Total,99149,Total,2026-05-27
3,Unidade da Federação,38,Reais,840,13,Amazonas,778,Valor do rendimento médio mensal de todos os trabalhos das pessoas de 10 anos ou mais de idade ocupadas na semana de referência,2009,2009,6794,Total,99149,Total,2026-05-27
3,Unidade da Federação,38,Reais,994,13,Amazonas,778,Valor do rendimento médio mensal de todos os trabalhos das pessoas de 10 anos ou mais de idade ocupadas na semana de referência,2011,2011,6794,Total,99149,Total,2026-05-27
3,Unidade da Federação,38,Reais,1072,13,Amazonas,778,Valor do rendimento médio mensal de todos os trabalhos das pessoas de 10 anos ou mais de idade ocupadas na semana de referência,2012,2012,6794,Total,99149,Total,2026-05-27
3,Unidade da Federação,38,Reais,1303,13,Amazonas,778,Valor do rendimento médio mensal de todos os trabalhos das pessoas de 10 anos ou mais de idade ocupadas na semana de referência,2013,2013,6794,Total,99149,Total,2026-05-27
3,Unidade da Federação,38,Reais,1386,13,Amazonas,778,Valor do rendimento médio mensal de todos os trabalhos das pessoas de 10 anos ou mais de idade ocupadas na semana de referência,2014,2014,6794,Total,99149,Total,2026-05-27
3,Unidade da Federação,38,Reais,1311,13,Amazonas,778,Valor do rendimento médio mensal de todos os trabalhos das pessoas de 10 anos ou mais de idade ocupadas na semana de referência,2015,2015,6794,Total,99149,Total,2026-05-27
3,Unidade da Federação,38,Reais,499,14,Roraima,778,Valor do rendimento médio mensal de todos os trabalhos das pessoas de 10 anos ou mais de idade ocupadas na semana de referência,2001,2001,6794,Total,99149,Total,2026-05-27
3,Unidade da Federação,38,Reais,535,14,Roraima,778,Valor do rendimento médio mensal de todos os trabalhos das pessoas de 10 anos ou mais de idade ocupadas na semana de referência,2002,2002,6794,Total,99149,Total,2026-05-27
3,Unidade da Federação,38,Reais,571,14,Roraima,778,Valor do rendimento médio mensal de todos os trabalhos das pessoas de 10 anos ou mais de idade ocupadas na semana de referência,2003,2003,6794,Total,99149,Total,2026-05-27
3,Unidade da Federação,38,Reais,500,14,Roraima,778,Valor do rendimento médio mensal de todos os trabalhos das pessoas de 10 anos ou mais de idade ocupadas na semana de referência,2004,2004,6794,Total,99149,Total,2026-05-27
3,Unidade da Federação,38,Reais,492,14,Roraima,778,Valor do rendimento médio mensal de todos os trabalhos das pessoas de 10 anos ou mais de idade ocupadas na semana de referência,2005,2005,6794,Total,99149,Total,2026-05-27
3,Unidade da Federação,38,Reais,653,14,Roraima,778,Valor do rendimento médio mensal de todos os trabalhos das pessoas de 10 anos ou mais de idade ocupadas na semana de referência,2006,2006,6794,Total,99149,Total,2026-05-27
3,Unidade da Federação,38,Reais,629,14,Roraima,778,Valor do rendimento médio mensal de todos os trabalhos das pessoas de 10 anos ou mais de idade ocupadas na semana de referência,2007,2007,6794,Total,99149,Total,2026-05-27
3,Unidade da Federação,38,Reais,885,14,Roraima,778,Valor do rendimento médio mensal de todos os trabalhos das pessoas de 10 anos ou mais de idade ocupadas na semana de referência,2008,2008,6794,Total,99149,Total,2026-05-27
3,Unidade da Federação,38,Reais,944,14,Roraima,778,Valor do rendimento médio mensal de todos os trabalhos das pessoas de 10 anos ou mais de idade ocupadas na semana de referência,2009,2009,6794,Total,99149,Total,2026-05-27
3,Unidade da Federação,38,Reais,1251,14,Roraima,778,Valor do rendimento médio mensal de todos os trabalhos das pessoas de 10 anos ou mais de idade ocupadas na semana de referência,2011,2011,6794,Total,99149,Total,2026-05-27
3,Unidade da Federação,38,Reais,1345,14,Roraima,778,Valor do rendimento médio mensal de todos os trabalhos das pessoas de 10 anos ou mais de idade ocupadas na semana de referência,2012,2012,6794,Total,99149,Total,2026-05-27
3,Unidade da Federação,38,Reais,1468,14,Roraima,778,Valor do rendimento médio mensal de todos os trabalhos das pessoas de 10 anos ou mais de idade ocupadas na semana de referência,2013,2013,6794,Total,99149,Total,2026-05-27
3,Unidade da Federação,38,Reais,1476,14,Roraima,778,Valor do rendimento médio mensal de todos os trabalhos das pessoas de 10 anos ou mais de idade ocupadas na semana de referência,2014,2014,6794,Total,99149,Total,2026-05-27
3,Unidade da Federação,38,Reais,1716,14,Roraima,778,Valor do rendimento médio mensal de todos os trabalhos das pessoas de 10 anos ou mais de idade ocupadas na semana de referência,2015,2015,6794,Total,99149,Total,2026-05-27
3,Unidade da Federação,38,Reais,420,15,Pará,778,Valor do rendimento médio mensal de todos os trabalhos das pessoas de 10 anos ou mais de idade ocupadas na semana de referência,2001,2001,6794,Total,99149,Total,2026-05-27
3,Unidade da Federação,38,Reais,468,15,Pará,778,Valor do rendimento médio mensal de todos os trabalhos das pessoas de 10 anos ou mais de idade ocupadas na semana de referência,2002,2002,6794,Total,99149,Total,2026-05-27
3,Unidade da Federação,38,Reais,445,15,Pará,778,Valor do rendimento médio mensal de todos os trabalhos das pessoas de 10 anos ou mais de idade ocupadas na semana de referência,2003,2003,6794,Total,99149,Total,2026-05-27
3,Unidade da Federação,38,Reais,455,15,Pará,778,Valor do rendimento médio mensal de todos os trabalhos das pessoas de 10 anos ou mais de idade ocupadas na semana de referência,2004,2004,6794,Total,99149,Total,2026-05-27
3,Unidade da Federação,38,Reais,472,15,Pará,778,Valor do rendimento médio mensal de todos os trabalhos das pessoas de 10 anos ou mais de idade ocupadas na semana de referência,2005,2005,6794,Total,99149,Total,2026-05-27
3,Unidade da Federação,38,Reais,525,15,Pará,778,Valor do rendimento médio mensal de todos os trabalhos das pessoas de 10 anos ou mais de idade ocupadas na semana de referência,2006,2006,6794,Total,99149,Total,2026-05-27
3,Unidade da Federação,38,Reais,611,15,Pará,778,Valor do rendimento médio mensal de todos os trabalhos das pessoas de 10 anos ou mais de idade ocupadas na semana de referência,2007,2007,6794,Total,99149,Total,2026-05-27
3,Unidade da Federação,38,Reais,664,15,Pará,778,Valor do rendimento médio mensal de todos os trabalhos das pessoas de 10 anos ou mais de idade ocupadas na semana de referência,2008,2008,6794,Total,99149,Total,2026-05-27
3,Unidade da Federação,38,Reais,705,15,Pará,778,Valor do rendimento médio mensal de todos os trabalhos das pessoas de 10 anos ou mais de idade ocupadas na semana de referência,2009,2009,6794,Total,99149,Total,2026-05-27
3,Unidade da Federação,38,Reais,855,15,Pará,778,Valor do rendimento médio mensal de todos os trabalhos das pessoas de 10 anos ou mais de idade ocupadas na semana de referência,2011,2011,6794,Total,99149,Total,2026-05-27
3,Unidade da Federação,38,Reais,917,15,Pará,778,Valor do rendimento médio mensal de todos os trabalhos das pessoas de 10 anos ou mais de idade ocupadas na semana de referência,2012,2012,6794,Total,99149,Total,2026-05-27
3,Unidade da Federação,38,Reais,1004,15,Pará,778,Valor do rendimento médio mensal de todos os trabalhos das pessoas de 10 anos ou mais de idade ocupadas na semana de referência,2013,2013,6794,Total,99149,Total,2026-05-27
3,Unidade da Federação,38,Reais,1052,15,Pará,778,Valor do rendimento médio mensal de todos os trabalhos das pessoas de 10 anos ou mais de idade ocupadas na semana de referência,2014,2014,6794,Total,99149,Total,2026-05-27
3,Unidade da Federação,38,Reais,1109,15,Pará,778,Valor do rendimento médio mensal de todos os trabalhos das pessoas de 10 anos ou mais de idade ocupadas na semana de referência,2015,2015,6794,Total,99149,Total,2026-05-27
3,Unidade da Federação,38,Reais,662,16,Amapá,778,Valor do rendimento médio mensal de todos os trabalhos das pessoas de 10 anos ou mais de idade ocupadas na semana de referência,2001,2001,6794,Total,99149,Total,2026-05-27
3,Unidade da Federação,38,Reais,636,16,Amapá,778,Valor do rendimento médio mensal de todos os trabalhos das pessoas de 10 anos ou mais de idade ocupadas na semana de referência,2002,2002,6794,Total,99149,Total,2026-05-27
3,Unidade da Federação,38,Reais,729,16,Amapá,778,Valor do rendimento médio mensal de todos os trabalhos das pessoas de 10 anos ou mais de idade ocupadas na semana de referência,2003,2003,6794,Total,99149,Total,2026-05-27
3,Unidade da Federação,38,Reais,594,16,Amapá,778,Valor do rendimento médio mensal de todos os trabalhos das pessoas de 10 anos ou mais de idade ocupadas na semana de referência,2004,2004,6794,Total,99149,Total,2026-05-27
3,Unidade da Federação,38,Reais,742,16,Amapá,778,Valor do rendimento médio mensal de todos os trabalhos das pessoas de 10 anos ou mais de idade ocupadas na semana de referência,2005,2005,6794,Total,99149,Total,2026-05-27
3,Unidade da Federação,38,Reais,760,16,Amapá,778,Valor do rendimento médio mensal de todos os trabalhos das pessoas de 10 anos ou mais de idade ocupadas na semana de referência,2006,2006,6794,Total,99149,Total,2026-05-27
3,Unidade da Federação,38,Reais,816,16,Amapá,778,Valor do rendimento médio mensal de todos os trabalhos das pessoas de 10 anos ou mais de idade ocupadas na semana de referência,2007,2007,6794,Total,99149,Total,2026-05-27
3,Unidade da Federação,38,Reais,818,16,Amapá,778,Valor do rendimento médio mensal de todos os trabalhos das pessoas de 10 anos ou mais de idade ocupadas na semana de referência,2008,2008,6794,Total,99149,Total,2026-05-27
3,Unidade da Federação,38,Reais,980,16,Amapá,778,Valor do rendimento médio mensal de todos os trabalhos das pessoas de 10 anos ou mais de idade ocupadas na semana de referência,2009,2009,6794,Total,99149,Total,2026-05-27
3,Unidade da Federação,38,Reais,1140,16,Amapá,778,Valor do rendimento médio mensal de todos os trabalhos das pessoas de 10 anos ou mais de idade ocupadas na semana de referência,2011,2011,6794,Total,99149,Total,2026-05-27
3,Unidade da Federação,38,Reais,1486,16,Amapá,778,Valor do rendimento médio mensal de todos os trabalhos das pessoas de 10 anos ou mais de idade ocupadas na semana de referência,2012,2012,6794,Total,99149,Total,2026-05-27
3,Unidade da Federação,38,Reais,1564,16,Amapá,778,Valor do rendimento médio mensal de todos os trabalhos das pessoas de 10 anos ou mais de idade ocupadas na semana de referência,2013,2013,6794,Total,99149,Total,2026-05-27
3,Unidade da Federação,38,Reais,1616,16,Amapá,778,Valor do rendimento médio mensal de todos os trabalhos das pessoas de 10 anos ou mais de idade ocupadas na semana de referência,2014,2014,6794,Total,99149,Total,2026-05-27
3,Unidade da Federação,38,Reais,1613,16,Amapá,778,Valor do rendimento médio mensal de todos os trabalhos das pessoas de 10 anos ou mais de idade ocupadas na semana de referência,2015,2015,6794,Total,99149,Total,2026-05-27
3,Unidade da Federação,38,Reais,356,17,Tocantins,778,Valor do rendimento médio mensal de todos os trabalhos das pessoas de 10 anos ou mais de idade ocupadas na semana de referência,2001,2001,6794,Total,99149,Total,2026-05-27
3,Unidade da Federação,38,Reais,360,17,Tocantins,778,Valor do rendimento médio mensal de todos os trabalhos das pessoas de 10 anos ou mais de idade ocupadas na semana de referência,2002,2002,6794,Total,99149,Total,2026-05-27
3,Unidade da Federação,38,Reais,415,17,Tocantins,778,Valor do rendimento médio mensal de todos os trabalhos das pessoas de 10 anos ou mais de idade ocupadas na semana de referência,2003,2003,6794,Total,99149,Total,2026-05-27
3,Unidade da Federação,38,Reais,465,17,Tocantins,778,Valor do rendimento médio mensal de todos os trabalhos das pessoas de 10 anos ou mais de idade ocupadas na semana de referência,2004,2004,6794,Total,99149,Total,2026-05-27
3,Unidade da Federação,38,Reais,484,17,Tocantins,778,Valor do rendimento médio mensal de todos os trabalhos das pessoas de 10 anos ou mais de idade ocupadas na semana de referência,2005,2005,6794,Total,99149,Total,2026-05-27
3,Unidade da Federação,38,Reais,541,17,Tocantins,778,Valor do rendimento médio mensal de todos os trabalhos das pessoas de 10 anos ou mais de idade ocupadas na semana de referência,2006,2006,6794,Total,99149,Total,2026-05-27
3,Unidade da Federação,38,Reais,623,17,Tocantins,778,Valor do rendimento médio mensal de todos os trabalhos das pessoas de 10 anos ou mais de idade ocupadas na semana de referência,2007,2007,6794,Total,99149,Total,2026-05-27
3,Unidade da Federação,38,Reais,725,17,Tocantins,778,Valor do rendimento médio mensal de todos os trabalhos das pessoas de 10 anos ou mais de idade ocupadas na semana de referência,2008,2008,6794,Total,99149,Total,2026-05-27
3,Unidade da Federação,38,Reais,774,17,Tocantins,778,Valor do rendimento médio mensal de todos os trabalhos das pessoas de 10 anos ou mais de idade ocupadas na semana de referência,2009,2009,6794,Total,99149,Total,2026-05-27
3,Unidade da Federação,38,Reais,958,17,Tocantins,778,Valor do rendimento médio mensal de todos os trabalhos das pessoas de 10 anos ou mais de idade ocupadas na semana de referência,2011,2011,6794,Total,99149,Total,2026-05-27
3,Unidade da Federação,38,Reais,1137,17,Tocantins,778,Valor do rendimento médio mensal de todos os trabalhos das pessoas de 10 anos ou mais de idade ocupadas na semana de referência,2012,2012,6794,Total,99149,Total,2026-05-27
3,Unidade da Federação,38,Reais,1191,17,Tocantins,778,Valor do rendimento médio mensal de todos os trabalhos das pessoas de 10 anos ou mais de idade ocupadas na semana de referência,2013,2013,6794,Total,99149,Total,2026-05-27
3,Unidade da Federação,38,Reais,1348,17,Tocantins,778,Valor do rendimento médio mensal de todos os trabalhos das pessoas de 10 anos ou mais de idade ocupadas na semana de referência,2014,2014,6794,Total,99149,Total,2026-05-27
3,Unidade da Federação,38,Reais,1565,17,Tocantins,778,Valor do rendimento médio mensal de todos os trabalhos das pessoas de 10 anos ou mais de idade ocupadas na semana de referência,2015,2015,6794,Total,99149,Total,2026-05-27
3,Unidade da Federação,38,Reais,246,21,Maranhão,778,Valor do rendimento médio mensal de todos os trabalhos das pessoas de 10 anos ou mais de idade ocupadas na semana de referência,2001,2001,6794,Total,99149,Total,2026-05-27
3,Unidade da Federação,38,Reais,259,21,Maranhão,778,Valor do rendimento médio mensal de todos os trabalhos das pessoas de 10 anos ou mais de idade ocupadas na semana de referência,2002,2002,6794,Total,99149,Total,2026-05-27
3,Unidade da Federação,38,Reais,294,21,Maranhão,778,Valor do rendimento médio mensal de todos os trabalhos das pessoas de 10 anos ou mais de idade ocupadas na semana de referência,2003,2003,6794,Total,99149,Total,2026-05-27
3,Unidade da Federação,38,Reais,339,21,Maranhão,778,Valor do rendimento médio mensal de todos os trabalhos das pessoas de 10 anos ou mais de idade ocupadas na semana de referência,2004,2004,6794,Total,99149,Total,2026-05-27
3,Unidade da Federação,38,Reais,299,21,Maranhão,778,Valor do rendimento médio mensal de todos os trabalhos das pessoas de 10 anos ou mais de idade ocupadas na semana de referência,2005,2005,6794,Total,99149,Total,2026-05-27
3,Unidade da Federação,38,Reais,430,21,Maranhão,778,Valor do rendimento médio mensal de todos os trabalhos das pessoas de 10 anos ou mais de idade ocupadas na semana de referência,2006,2006,6794,Total,99149,Total,2026-05-27
3,Unidade da Federação,38,Reais,415,21,Maranhão,778,Valor do rendimento médio mensal de todos os trabalhos das pessoas de 10 anos ou mais de idade ocupadas na semana de referência,2007,2007,6794,Total,99149,Total,2026-05-27
3,Unidade da Federação,38,Reais,506,21,Maranhão,778,Valor do rendimento médio mensal de todos os trabalhos das pessoas de 10 anos ou mais de idade ocupadas na semana de referência,2008,2008,6794,Total,99149,Total,2026-05-27
3,Unidade da Federação,38,Reais,594,21,Maranhão,778,Valor do rendimento médio mensal de todos os trabalhos das pessoas de 10 anos ou mais de idade ocupadas na semana de referência,2009,2009,6794,Total,99149,Total,2026-05-27
3,Unidade da Federação,38,Reais,602,21,Maranhão,778,Valor do rendimento médio mensal de todos os trabalhos das pessoas de 10 anos ou mais de idade ocupadas na semana de referência,2011,2011,6794,Total,99149,Total,2026-05-27
3,Unidade da Federação,38,Reais,759,21,Maranhão,778,Valor do rendimento médio mensal de todos os trabalhos das pessoas de 10 anos ou mais de idade ocupadas na semana de referência,2012,2012,6794,Total,99149,Total,2026-05-27
3,Unidade da Federação,38,Reais,807,21,Maranhão,778,Valor do rendimento médio mensal de todos os trabalhos das pessoas de 10 anos ou mais de idade ocupadas na semana de referência,2013,2013,6794,Total,99149,Total,2026-05-27
3,Unidade da Federação,38,Reais,795,21,Maranhão,778,Valor do rendimento médio mensal de todos os trabalhos das pessoas de 10 anos ou mais de idade ocupadas na semana de referência,2014,2014,6794,Total,99149,Total,2026-05-27
3,Unidade da Federação,38,Reais,895,21,Maranhão,778,Valor do rendimento médio mensal de todos os trabalhos das pessoas de 10 anos ou mais de idade ocupadas na semana de referência,2015,2015,6794,Total,99149,Total,2026-05-27
3,Unidade da Federação,38,Reais,218,22,Piauí,778,Valor do rendimento médio mensal de todos os trabalhos das pessoas de 10 anos ou mais de idade ocupadas na semana de referência,2001,2001,6794,Total,99149,Total,2026-05-27
3,Unidade da Federação,38,Reais,230,22,Piauí,778,Valor do rendimento médio mensal de todos os trabalhos das pessoas de 10 anos ou mais de idade ocupadas na semana de referência,2002,2002,6794,Total,99149,Total,2026-05-27
3,Unidade da Federação,38,Reais,242,22,Piauí,778,Valor do rendimento médio mensal de todos os trabalhos das pessoas de 10 anos ou mais de idade ocupadas na semana de referência,2003,2003,6794,Total,99149,Total,2026-05-27
3,Unidade da Federação,38,Reais,264,22,Piauí,778,Valor do rendimento médio mensal de todos os trabalhos das pessoas de 10 anos ou mais de idade ocupadas na semana de referência,2004,2004,6794,Total,99149,Total,2026-05-27
3,Unidade da Federação,38,Reais,304,22,Piauí,778,Valor do rendimento médio mensal de todos os trabalhos das pessoas de 10 anos ou mais de idade ocupadas na semana de referência,2005,2005,6794,Total,99149,Total,2026-05-27
3,Unidade da Federação,38,Reais,378,22,Piauí,778,Valor do rendimento médio mensal de todos os trabalhos das pessoas de 10 anos ou mais de idade ocupadas na semana de referência,2006,2006,6794,Total,99149,Total,2026-05-27
3,Unidade da Federação,38,Reais,431,22,Piauí,778,Valor do rendimento médio mensal de todos os trabalhos das pessoas de 10 anos ou mais de idade ocupadas na semana de referência,2007,2007,6794,Total,99149,Total,2026-05-27
3,Unidade da Federação,38,Reais,451,22,Piauí,778,Valor do rendimento médio mensal de todos os trabalhos das pessoas de 10 anos ou mais de idade ocupadas na semana de referência,2008,2008,6794,Total,99149,Total,2026-05-27
3,Unidade da Federação,38,Reais,508,22,Piauí,778,Valor do rendimento médio mensal de todos os trabalhos das pessoas de 10 anos ou mais de idade ocupadas na semana de referência,2009,2009,6794,Total,99149,Total,2026-05-27
3,Unidade da Federação,38,Reais,600,22,Piauí,778,Valor do rendimento médio mensal de todos os trabalhos das pessoas de 10 anos ou mais de idade ocupadas na semana de referência,2011,2011,6794,Total,99149,Total,2026-05-27
3,Unidade da Federação,38,Reais,742,22,Piauí,778,Valor do rendimento médio mensal de todos os trabalhos das pessoas de 10 anos ou mais de idade ocupadas na semana de referência,2012,2012,6794,Total,99149,Total,2026-05-27
3,Unidade da Federação,38,Reais,834,22,Piauí,778,Valor do rendimento médio mensal de todos os trabalhos das pessoas de 10 anos ou mais de idade ocupadas na semana de referência,2013,2013,6794,Total,99149,Total,2026-05-27
3,Unidade da Federação,38,Reais,816,22,Piauí,778,Valor do rendimento médio mensal de todos os trabalhos das pessoas de 10 anos ou mais de idade ocupadas na semana de referência,2014,2014,6794,Total,99149,Total,2026-05-27
3,Unidade da Federação,38,Reais,922,22,Piauí,778,Valor do rendimento médio mensal de todos os trabalhos das pessoas de 10 anos ou mais de idade ocupadas na semana de referência,2015,2015,6794,Total,99149,Total,2026-05-27
3,Unidade da Federação,38,Reais,274,23,Ceará,778,Valor do rendimento médio mensal de todos os trabalhos das pessoas de 10 anos ou mais de idade ocupadas na semana de referência,2001,2001,6794,Total,99149,Total,2026-05-27
3,Unidade da Federação,38,Reais,297,23,Ceará,778,Valor do rendimento médio mensal de todos os trabalhos das pessoas de 10 anos ou mais de idade ocupadas na semana de referência,2002,2002,6794,Total,99149,Total,2026-05-27
3,Unidade da Federação,38,Reais,311,23,Ceará,778,Valor do rendimento médio mensal de todos os trabalhos das pessoas de 10 anos ou mais de idade ocupadas na semana de referência,2003,2003,6794,Total,99149,Total,2026-05-27
3,Unidade da Federação,38,Reais,343,23,Ceará,778,Valor do rendimento médio mensal de todos os trabalhos das pessoas de 10 anos ou mais de idade ocupadas na semana de referência,2004,2004,6794,Total,99149,Total,2026-05-27
3,Unidade da Federação,38,Reais,381,23,Ceará,778,Valor do rendimento médio mensal de todos os trabalhos das pessoas de 10 anos ou mais de idade ocupadas na semana de referência,2005,2005,6794,Total,99149,Total,2026-05-27
3,Unidade da Federação,38,Reais,418,23,Ceará,778,Valor do rendimento médio mensal de todos os trabalhos das pessoas de 10 anos ou mais de idade ocupadas na semana de referência,2006,2006,6794,Total,99149,Total,2026-05-27
3,Unidade da Federação,38,Reais,452,23,Ceará,778,Valor do rendimento médio mensal de todos os trabalhos das pessoas de 10 anos ou mais de idade ocupadas na semana de referência,2007,2007,6794,Total,99149,Total,2026-05-27
3,Unidade da Federação,38,Reais,530,23,Ceará,778,Valor do rendimento médio mensal de todos os trabalhos das pessoas de 10 anos ou mais de idade ocupadas na semana de referência,2008,2008,6794,Total,99149,Total,2026-05-27
3,Unidade da Federação,38,Reais,575,23,Ceará,778,Valor do rendimento médio mensal de todos os trabalhos das pessoas de 10 anos ou mais de idade ocupadas na semana de referência,2009,2009,6794,Total,99149,Total,2026-05-27
3,Unidade da Federação,38,Reais,739,23,Ceará,778,Valor do rendimento médio mensal de todos os trabalhos das pessoas de 10 anos ou mais de idade ocupadas na semana de referência,2011,2011,6794,Total,99149,Total,2026-05-27
3,Unidade da Federação,38,Reais,810,23,Ceará,778,Valor do rendimento médio mensal de todos os trabalhos das pessoas de 10 anos ou mais de idade ocupadas na semana de referência,2012,2012,6794,Total,99149,Total,2026-05-27
3,Unidade da Federação,38,Reais,828,23,Ceará,778,Valor do rendimento médio mensal de todos os trabalhos das pessoas de 10 anos ou mais de idade ocupadas na semana de referência,2013,2013,6794,Total,99149,Total,2026-05-27
3,Unidade da Federação,38,Reais,946,23,Ceará,778,Valor do rendimento médio mensal de todos os trabalhos das pessoas de 10 anos ou mais de idade ocupadas na semana de referência,2014,2014,6794,Total,99149,Total,2026-05-27
3,Unidade da Federação,38,Reais,1030,23,Ceará,778,Valor do rendimento médio mensal de todos os trabalhos das pessoas de 10 anos ou mais de idade ocupadas na semana de referência,2015,2015,6794,Total,99149,Total,2026-05-27
3,Unidade da Federação,38,Reais,341,24,Rio Grande do Norte,778,Valor do rendimento médio mensal de todos os trabalhos das pessoas de 10 anos ou mais de idade ocupadas na semana de referência,2001,2001,6794,Total,99149,Total,2026-05-27
3,Unidade da Federação,38,Reais,396,24,Rio Grande do Norte,778,Valor do rendimento médio mensal de todos os trabalhos das pessoas de 10 anos ou mais de idade ocupadas na semana de referência,2002,2002,6794,Total,99149,Total,2026-05-27
3,Unidade da Federação,38,Reais,375,24,Rio Grande do Norte,778,Valor do rendimento médio mensal de todos os trabalhos das pessoas de 10 anos ou mais de idade ocupadas na semana de referência,2003,2003,6794,Total,99149,Total,2026-05-27
3,Unidade da Federação,38,Reais,420,24,Rio Grande do Norte,778,Valor do rendimento médio mensal de todos os trabalhos das pessoas de 10 anos ou mais de idade ocupadas na semana de referência,2004,2004,6794,Total,99149,Total,2026-05-27
3,Unidade da Federação,38,Reais,522,24,Rio Grande do Norte,778,Valor do rendimento médio mensal de todos os trabalhos das pessoas de 10 anos ou mais de idade ocupadas na semana de referência,2005,2005,6794,Total,99149,Total,2026-05-27
3,Unidade da Federação,38,Reais,531,24,Rio Grande do Norte,778,Valor do rendimento médio mensal de todos os trabalhos das pessoas de 10 anos ou mais de idade ocupadas na semana de referência,2006,2006,6794,Total,99149,Total,2026-05-27
3,Unidade da Federação,38,Reais,573,24,Rio Grande do Norte,778,Valor do rendimento médio mensal de todos os trabalhos das pessoas de 10 anos ou mais de idade ocupadas na semana de referência,2007,2007,6794,Total,99149,Total,2026-05-27
3,Unidade da Federação,38,Reais,655,24,Rio Grande do Norte,778,Valor do rendimento médio mensal de todos os trabalhos das pessoas de 10 anos ou mais de idade ocupadas na semana de referência,2008,2008,6794,Total,99149,Total,2026-05-27
3,Unidade da Federação,38,Reais,703,24,Rio Grande do Norte,778,Valor do rendimento médio mensal de todos os trabalhos das pessoas de 10 anos ou mais de idade ocupadas na semana de referência,2009,2009,6794,Total,99149,Total,2026-05-27
3,Unidade da Federação,38,Reais,930,24,Rio Grande do Norte,778,Valor do rendimento médio mensal de todos os trabalhos das pessoas de 10 anos ou mais de idade ocupadas na semana de referência,2011,2011,6794,Total,99149,Total,2026-05-27
3,Unidade da Federação,38,Reais,1007,24,Rio Grande do Norte,778,Valor do rendimento médio mensal de todos os trabalhos das pessoas de 10 anos ou mais de idade ocupadas na semana de referência,2012,2012,6794,Total,99149,Total,2026-05-27
3,Unidade da Federação,38,Reais,1171,24,Rio Grande do Norte,778,Valor do rendimento médio mensal de todos os trabalhos das pessoas de 10 anos ou mais de idade ocupadas na semana de referência,2013,2013,6794,Total,99149,Total,2026-05-27
3,Unidade da Federação,38,Reais,1076,24,Rio Grande do Norte,778,Valor do rendimento médio mensal de todos os trabalhos das pessoas de 10 anos ou mais de idade ocupadas na semana de referência,2014,2014,6794,Total,99149,Total,2026-05-27
3,Unidade da Federação,38,Reais,1255,24,Rio Grande do Norte,778,Valor do rendimento médio mensal de todos os trabalhos das pessoas de 10 anos ou mais de idade ocupadas na semana de referência,2015,2015,6794,Total,99149,Total,2026-05-27
3,Unidade da Federação,38,Reais,287,25,Paraíba,778,Valor do rendimento médio mensal de todos os trabalhos das pessoas de 10 anos ou mais de idade ocupadas na semana de referência,2001,2001,6794,Total,99149,Total,2026-05-27
3,Unidade da Federação,38,Reais,310,25,Paraíba,778,Valor do rendimento médio mensal de todos os trabalhos das pessoas de 10 anos ou mais de idade ocupadas na semana de referência,2002,2002,6794,Total,99149,Total,2026-05-27
3,Unidade da Federação,38,Reais,334,25,Paraíba,778,Valor do rendimento médio mensal de todos os trabalhos das pessoas de 10 anos ou mais de idade ocupadas na semana de referência,2003,2003,6794,Total,99149,Total,2026-05-27
3,Unidade da Federação,38,Reais,363,25,Paraíba,778,Valor do rendimento médio mensal de todos os trabalhos das pessoas de 10 anos ou mais de idade ocupadas na semana de referência,2004,2004,6794,Total,99149,Total,2026-05-27
3,Unidade da Federação,38,Reais,418,25,Paraíba,778,Valor do rendimento médio mensal de todos os trabalhos das pessoas de 10 anos ou mais de idade ocupadas na semana de referência,2005,2005,6794,Total,99149,Total,2026-05-27
3,Unidade da Federação,38,Reais,471,25,Paraíba,778,Valor do rendimento médio mensal de todos os trabalhos das pessoas de 10 anos ou mais de idade ocupadas na semana de referência,2006,2006,6794,Total,99149,Total,2026-05-27
3,Unidade da Federação,38,Reais,538,25,Paraíba,778,Valor do rendimento médio mensal de todos os trabalhos das pessoas de 10 anos ou mais de idade ocupadas na semana de referência,2007,2007,6794,Total,99149,Total,2026-05-27
3,Unidade da Federação,38,Reais,635,25,Paraíba,778,Valor do rendimento médio mensal de todos os trabalhos das pessoas de 10 anos ou mais de idade ocupadas na semana de referência,2008,2008,6794,Total,99149,Total,2026-05-27
3,Unidade da Federação,38,Reais,680,25,Paraíba,778,Valor do rendimento médio mensal de todos os trabalhos das pessoas de 10 anos ou mais de idade ocupadas na semana de referência,2009,2009,6794,Total,99149,Total,2026-05-27
3,Unidade da Federação,38,Reais,880,25,Paraíba,778,Valor do rendimento médio mensal de todos os trabalhos das pessoas de 10 anos ou mais de idade ocupadas na semana de referência,2011,2011,6794,Total,99149,Total,2026-05-27
3,Unidade da Federação,38,Reais,884,25,Paraíba,778,Valor do rendimento médio mensal de todos os trabalhos das pessoas de 10 anos ou mais de idade ocupadas na semana de referência,2012,2012,6794,Total,99149,Total,2026-05-27
3,Unidade da Federação,38,Reais,985,25,Paraíba,778,Valor do rendimento médio mensal de todos os trabalhos das pessoas de 10 anos ou mais de idade ocupadas na semana de referência,2013,2013,6794,Total,99149,Total,2026-05-27
3,Unidade da Federação,38,Reais,1007,25,Paraíba,778,Valor do rendimento médio mensal de todos os trabalhos das pessoas de 10 anos ou mais de idade ocupadas na semana de referência,2014,2014,6794,Total,99149,Total,2026-05-27
3,Unidade da Federação,38,Reais,1143,25,Paraíba,778,Valor do rendimento médio mensal de todos os trabalhos das pessoas de 10 anos ou mais de idade ocupadas na semana de referência,2015,2015,6794,Total,99149,Total,2026-05-27
3,Unidade da Federação,38,Reais,320,26,Pernambuco,778,Valor do rendimento médio mensal de todos os trabalhos das pessoas de 10 anos ou mais de idade ocupadas na semana de referência,2001,2001,6794,Total,99149,Total,2026-05-27
3,Unidade da Federação,38,Reais,335,26,Pernambuco,778,Valor do rendimento médio mensal de todos os trabalhos das pessoas de 10 anos ou mais de idade ocupadas na semana de referência,2002,2002,6794,Total,99149,Total,2026-05-27
3,Unidade da Federação,38,Reais,340,26,Pernambuco,778,Valor do rendimento médio mensal de todos os trabalhos das pessoas de 10 anos ou mais de idade ocupadas na semana de referência,2003,2003,6794,Total,99149,Total,2026-05-27
3,Unidade da Federação,38,Reais,419,26,Pernambuco,778,Valor do rendimento médio mensal de todos os trabalhos das pessoas de 10 anos ou mais de idade ocupadas na semana de referência,2004,2004,6794,Total,99149,Total,2026-05-27
3,Unidade da Federação,38,Reais,439,26,Pernambuco,778,Valor do rendimento médio mensal de todos os trabalhos das pessoas de 10 anos ou mais de idade ocupadas na semana de referência,2005,2005,6794,Total,99149,Total,2026-05-27
3,Unidade da Federação,38,Reais,482,26,Pernambuco,778,Valor do rendimento médio mensal de todos os trabalhos das pessoas de 10 anos ou mais de idade ocupadas na semana de referência,2006,2006,6794,Total,99149,Total,2026-05-27
3,Unidade da Federação,38,Reais,509,26,Pernambuco,778,Valor do rendimento médio mensal de todos os trabalhos das pessoas de 10 anos ou mais de idade ocupadas na semana de referência,2007,2007,6794,Total,99149,Total,2026-05-27
3,Unidade da Federação,38,Reais,596,26,Pernambuco,778,Valor do rendimento médio mensal de todos os trabalhos das pessoas de 10 anos ou mais de idade ocupadas na semana de referência,2008,2008,6794,Total,99149,Total,2026-05-27
3,Unidade da Federação,38,Reais,652,26,Pernambuco,778,Valor do rendimento médio mensal de todos os trabalhos das pessoas de 10 anos ou mais de idade ocupadas na semana de referência,2009,2009,6794,Total,99149,Total,2026-05-27
3,Unidade da Federação,38,Reais,855,26,Pernambuco,778,Valor do rendimento médio mensal de todos os trabalhos das pessoas de 10 anos ou mais de idade ocupadas na semana de referência,2011,2011,6794,Total,99149,Total,2026-05-27
3,Unidade da Federação,38,Reais,981,26,Pernambuco,778,Valor do rendimento médio mensal de todos os trabalhos das pessoas de 10 anos ou mais de idade ocupadas na semana de referência,2012,2012,6794,Total,99149,Total,2026-05-27
3,Unidade da Federação,38,Reais,1029,26,Pernambuco,778,Valor do rendimento médio mensal de todos os trabalhos das pessoas de 10 anos ou mais de idade ocupadas na semana de referência,2013,2013,6794,Total,99149,Total,2026-05-27
3,Unidade da Federação,38,Reais,1132,26,Pernambuco,778,Valor do rendimento médio mensal de todos os trabalhos das pessoas de 10 anos ou mais de idade ocupadas na semana de referência,2014,2014,6794,Total,99149,Total,2026-05-27
3,Unidade da Federação,38,Reais,1193,26,Pernambuco,778,Valor do rendimento médio mensal de todos os trabalhos das pessoas de 10 anos ou mais de idade ocupadas na semana de referência,2015,2015,6794,Total,99149,Total,2026-05-27
3,Unidade da Federação,38,Reais,251,27,Alagoas,778,Valor do rendimento médio mensal de todos os trabalhos das pessoas de 10 anos ou mais de idade ocupadas na semana de referência,2001,2001,6794,Total,99149,Total,2026-05-27
3,Unidade da Federação,38,Reais,283,27,Alagoas,778,Valor do rendimento médio mensal de todos os trabalhos das pessoas de 10 anos ou mais de idade ocupadas na semana de referência,2002,2002,6794,Total,99149,Total,2026-05-27
3,Unidade da Federação,38,Reais,334,27,Alagoas,778,Valor do rendimento médio mensal de todos os trabalhos das pessoas de 10 anos ou mais de idade ocupadas na semana de referência,2003,2003,6794,Total,99149,Total,2026-05-27
3,Unidade da Federação,38,Reais,317,27,Alagoas,778,Valor do rendimento médio mensal de todos os trabalhos das pessoas de 10 anos ou mais de idade ocupadas na semana de referência,2004,2004,6794,Total,99149,Total,2026-05-27
3,Unidade da Federação,38,Reais,365,27,Alagoas,778,Valor do rendimento médio mensal de todos os trabalhos das pessoas de 10 anos ou mais de idade ocupadas na semana de referência,2005,2005,6794,Total,99149,Total,2026-05-27
3,Unidade da Federação,38,Reais,483,27,Alagoas,778,Valor do rendimento médio mensal de todos os trabalhos das pessoas de 10 anos ou mais de idade ocupadas na semana de referência,2006,2006,6794,Total,99149,Total,2026-05-27
3,Unidade da Federação,38,Reais,542,27,Alagoas,778,Valor do rendimento médio mensal de todos os trabalhos das pessoas de 10 anos ou mais de idade ocupadas na semana de referência,2007,2007,6794,Total,99149,Total,2026-05-27
3,Unidade da Federação,38,Reais,591,27,Alagoas,778,Valor do rendimento médio mensal de todos os trabalhos das pessoas de 10 anos ou mais de idade ocupadas na semana de referência,2008,2008,6794,Total,99149,Total,2026-05-27
3,Unidade da Federação,38,Reais,601,27,Alagoas,778,Valor do rendimento médio mensal de todos os trabalhos das pessoas de 10 anos ou mais de idade ocupadas na semana de referência,2009,2009,6794,Total,99149,Total,2026-05-27
3,Unidade da Federação,38,Reais,707,27,Alagoas,778,Valor do rendimento médio mensal de todos os trabalhos das pessoas de 10 anos ou mais de idade ocupadas na semana de referência,2011,2011,6794,Total,99149,Total,2026-05-27
3,Unidade da Federação,38,Reais,846,27,Alagoas,778,Valor do rendimento médio mensal de todos os trabalhos das pessoas de 10 anos ou mais de idade ocupadas na semana de referência,2012,2012,6794,Total,99149,Total,2026-05-27
3,Unidade da Federação,38,Reais,913,27,Alagoas,778,Valor do rendimento médio mensal de todos os trabalhos das pessoas de 10 anos ou mais de idade ocupadas na semana de referência,2013,2013,6794,Total,99149,Total,2026-05-27
3,Unidade da Federação,38,Reais,972,27,Alagoas,778,Valor do rendimento médio mensal de todos os trabalhos das pessoas de 10 anos ou mais de idade ocupadas na semana de referência,2014,2014,6794,Total,99149,Total,2026-05-27
3,Unidade da Federação,38,Reais,1072,27,Alagoas,778,Valor do rendimento médio mensal de todos os trabalhos das pessoas de 10 anos ou mais de idade ocupadas na semana de referência,2015,2015,6794,Total,99149,Total,2026-05-27
3,Unidade da Federação,38,Reais,323,28,Sergipe,778,Valor do rendimento médio mensal de todos os trabalhos das pessoas de 10 anos ou mais de idade ocupadas na semana de referência,2001,2001,6794,Total,99149,Total,2026-05-27
3,Unidade da Federação,38,Reais,352,28,Sergipe,778,Valor do rendimento médio mensal de todos os trabalhos das pessoas de 10 anos ou mais de idade ocupadas na semana de referência,2002,2002,6794,Total,99149,Total,2026-05-27
3,Unidade da Federação,38,Reais,398,28,Sergipe,778,Valor do rendimento médio mensal de todos os trabalhos das pessoas de 10 anos ou mais de idade ocupadas na semana de referência,2003,2003,6794,Total,99149,Total,2026-05-27
3,Unidade da Federação,38,Reais,454,28,Sergipe,778,Valor do rendimento médio mensal de todos os trabalhos das pessoas de 10 anos ou mais de idade ocupadas na semana de referência,2004,2004,6794,Total,99149,Total,2026-05-27
3,Unidade da Federação,38,Reais,459,28,Sergipe,778,Valor do rendimento médio mensal de todos os trabalhos das pessoas de 10 anos ou mais de idade ocupadas na semana de referência,2005,2005,6794,Total,99149,Total,2026-05-27
3,Unidade da Federação,38,Reais,524,28,Sergipe,778,Valor do rendimento médio mensal de todos os trabalhos das pessoas de 10 anos ou mais de idade ocupadas na semana de referência,2006,2006,6794,Total,99149,Total,2026-05-27
3,Unidade da Federação,38,Reais,595,28,Sergipe,778,Valor do rendimento médio mensal de todos os trabalhos das pessoas de 10 anos ou mais de idade ocupadas na semana de referência,2007,2007,6794,Total,99149,Total,2026-05-27
3,Unidade da Federação,38,Reais,675,28,Sergipe,778,Valor do rendimento médio mensal de todos os trabalhos das pessoas de 10 anos ou mais de idade ocupadas na semana de referência,2008,2008,6794,Total,99149,Total,2026-05-27
3,Unidade da Federação,38,Reais,743,28,Sergipe,778,Valor do rendimento médio mensal de todos os trabalhos das pessoas de 10 anos ou mais de idade ocupadas na semana de referência,2009,2009,6794,Total,99149,Total,2026-05-27
3,Unidade da Federação,38,Reais,907,28,Sergipe,778,Valor do rendimento médio mensal de todos os trabalhos das pessoas de 10 anos ou mais de idade ocupadas na semana de referência,2011,2011,6794,Total,99149,Total,2026-05-27
3,Unidade da Federação,38,Reais,1008,28,Sergipe,778,Valor do rendimento médio mensal de todos os trabalhos das pessoas de 10 anos ou mais de idade ocupadas na semana de referência,2012,2012,6794,Total,99149,Total,2026-05-27
3,Unidade da Federação,38,Reais,1168,28,Sergipe,778,Valor do rendimento médio mensal de todos os trabalhos das pessoas de 10 anos ou mais de idade ocupadas na semana de referência,2013,2013,6794,Total,99149,Total,2026-05-27
3,Unidade da Federação,38,Reais,988,28,Sergipe,778,Valor do rendimento médio mensal de todos os trabalhos das pessoas de 10 anos ou mais de idade ocupadas na semana de referência,2014,2014,6794,Total,99149,Total,2026-05-27
3,Unidade da Federação,38,Reais,988,28,Sergipe,778,Valor do rendimento médio mensal de todos os trabalhos das pessoas de 10 anos ou mais de idade ocupadas na semana de referência,2015,2015,6794,Total,99149,Total,2026-05-27
3,Unidade da Federação,38,Reais,296,29,Bahia,778,Valor do rendimento médio mensal de todos os trabalhos das pessoas de 10 anos ou mais de idade ocupadas na semana de referência,2001,2001,6794,Total,99149,Total,2026-05-27
3,Unidade da Federação,38,Reais,308,29,Bahia,778,Valor do rendimento médio mensal de todos os trabalhos das pessoas de 10 anos ou mais de idade ocupadas na semana de referência,2002,2002,6794,Total,99149,Total,2026-05-27
3,Unidade da Federação,38,Reais,345,29,Bahia,778,Valor do rendimento médio mensal de todos os trabalhos das pessoas de 10 anos ou mais de idade ocupadas na semana de referência,2003,2003,6794,Total,99149,Total,2026-05-27
3,Unidade da Federação,38,Reais,363,29,Bahia,778,Valor do rendimento médio mensal de todos os trabalhos das pessoas de 10 anos ou mais de idade ocupadas na semana de referência,2004,2004,6794,Total,99149,Total,2026-05-27
3,Unidade da Federação,38,Reais,405,29,Bahia,778,Valor do rendimento médio mensal de todos os trabalhos das pessoas de 10 anos ou mais de idade ocupadas na semana de referência,2005,2005,6794,Total,99149,Total,2026-05-27
3,Unidade da Federação,38,Reais,477,29,Bahia,778,Valor do rendimento médio mensal de todos os trabalhos das pessoas de 10 anos ou mais de idade ocupadas na semana de referência,2006,2006,6794,Total,99149,Total,2026-05-27
3,Unidade da Federação,38,Reais,506,29,Bahia,778,Valor do rendimento médio mensal de todos os trabalhos das pessoas de 10 anos ou mais de idade ocupadas na semana de referência,2007,2007,6794,Total,99149,Total,2026-05-27
3,Unidade da Federação,38,Reais,577,29,Bahia,778,Valor do rendimento médio mensal de todos os trabalhos das pessoas de 10 anos ou mais de idade ocupadas na semana de referência,2008,2008,6794,Total,99149,Total,2026-05-27
3,Unidade da Federação,38,Reais,623,29,Bahia,778,Valor do rendimento médio mensal de todos os trabalhos das pessoas de 10 anos ou mais de idade ocupadas na semana de referência,2009,2009,6794,Total,99149,Total,2026-05-27
3,Unidade da Federação,38,Reais,803,29,Bahia,778,Valor do rendimento médio mensal de todos os trabalhos das pessoas de 10 anos ou mais de idade ocupadas na semana de referência,2011,2011,6794,Total,99149,Total,2026-05-27
3,Unidade da Federação,38,Reais,914,29,Bahia,778,Valor do rendimento médio mensal de todos os trabalhos das pessoas de 10 anos ou mais de idade ocupadas na semana de referência,2012,2012,6794,Total,99149,Total,2026-05-27
3,Unidade da Federação,38,Reais,1065,29,Bahia,778,Valor do rendimento médio mensal de todos os trabalhos das pessoas de 10 anos ou mais de idade ocupadas na semana de referência,2013,2013,6794,Total,99149,Total,2026-05-27
3,Unidade da Federação,38,Reais,1099,29,Bahia,778,Valor do rendimento médio mensal de todos os trabalhos das pessoas de 10 anos ou mais de idade ocupadas na semana de referência,2014,2014,6794,Total,99149,Total,2026-05-27
3,Unidade da Federação,38,Reais,1100,29,Bahia,778,Valor do rendimento médio mensal de todos os trabalhos das pessoas de 10 anos ou mais de idade ocupadas na semana de referência,2015,2015,6794,Total,99149,Total,2026-05-27
3,Unidade da Federação,38,Reais,435,31,Minas Gerais,778,Valor do rendimento médio mensal de todos os trabalhos das pessoas de 10 anos ou mais de idade ocupadas na semana de referência,2001,2001,6794,Total,99149,Total,2026-05-27
3,Unidade da Federação,38,Reais,471,31,Minas Gerais,778,Valor do rendimento médio mensal de todos os trabalhos das pessoas de 10 anos ou mais de idade ocupadas na semana de referência,2002,2002,6794,Total,99149,Total,2026-05-27
3,Unidade da Federação,38,Reais,510,31,Minas Gerais,778,Valor do rendimento médio mensal de todos os trabalhos das pessoas de 10 anos ou mais de idade ocupadas na semana de referência,2003,2003,6794,Total,99149,Total,2026-05-27
3,Unidade da Federação,38,Reais,573,31,Minas Gerais,778,Valor do rendimento médio mensal de todos os trabalhos das pessoas de 10 anos ou mais de idade ocupadas na semana de referência,2004,2004,6794,Total,99149,Total,2026-05-27
3,Unidade da Federação,38,Reais,614,31,Minas Gerais,778,Valor do rendimento médio mensal de todos os trabalhos das pessoas de 10 anos ou mais de idade ocupadas na semana de referência,2005,2005,6794,Total,99149,Total,2026-05-27
3,Unidade da Federação,38,Reais,693,31,Minas Gerais,778,Valor do rendimento médio mensal de todos os trabalhos das pessoas de 10 anos ou mais de idade ocupadas na semana de referência,2006,2006,6794,Total,99149,Total,2026-05-27
3,Unidade da Federação,38,Reais,762,31,Minas Gerais,778,Valor do rendimento médio mensal de todos os trabalhos das pessoas de 10 anos ou mais de idade ocupadas na semana de referência,2007,2007,6794,Total,99149,Total,2026-05-27
3,Unidade da Federação,38,Reais,848,31,Minas Gerais,778,Valor do rendimento médio mensal de todos os trabalhos das pessoas de 10 anos ou mais de idade ocupadas na semana de referência,2008,2008,6794,Total,99149,Total,2026-05-27
3,Unidade da Federação,38,Reais,908,31,Minas Gerais,778,Valor do rendimento médio mensal de todos os trabalhos das pessoas de 10 anos ou mais de idade ocupadas na semana de referência,2009,2009,6794,Total,99149,Total,2026-05-27
3,Unidade da Federação,38,Reais,1132,31,Minas Gerais,778,Valor do rendimento médio mensal de todos os trabalhos das pessoas de 10 anos ou mais de idade ocupadas na semana de referência,2011,2011,6794,Total,99149,Total,2026-05-27
3,Unidade da Federação,38,Reais,1309,31,Minas Gerais,778,Valor do rendimento médio mensal de todos os trabalhos das pessoas de 10 anos ou mais de idade ocupadas na semana de referência,2012,2012,6794,Total,99149,Total,2026-05-27
3,Unidade da Federação,38,Reais,1398,31,Minas Gerais,778,Valor do rendimento médio mensal de todos os trabalhos das pessoas de 10 anos ou mais de idade ocupadas na semana de referência,2013,2013,6794,Total,99149,Total,2026-05-27
3,Unidade da Federação,38,Reais,1477,31,Minas Gerais,778,Valor do rendimento médio mensal de todos os trabalhos das pessoas de 10 anos ou mais de idade ocupadas na semana de referência,2014,2014,6794,Total,99149,Total,2026-05-27
3,Unidade da Federação,38,Reais,1607,31,Minas Gerais,778,Valor do rendimento médio mensal de todos os trabalhos das pessoas de 10 anos ou mais de idade ocupadas na semana de referência,2015,2015,6794,Total,99149,Total,2026-05-27
3,Unidade da Federação,38,Reais,454,32,Espírito Santo,778,Valor do rendimento médio mensal de todos os trabalhos das pessoas de 10 anos ou mais de idade ocupadas na semana de referência,2001,2001,6794,Total,99149,Total,2026-05-27
3,Unidade da Federação,38,Reais,525,32,Espírito Santo,778,Valor do rendimento médio mensal de todos os trabalhos das pessoas de 10 anos ou mais de idade ocupadas na semana de referência,2002,2002,6794,Total,99149,Total,2026-05-27
3,Unidade da Federação,38,Reais,540,32,Espírito Santo,778,Valor do rendimento médio mensal de todos os trabalhos das pessoas de 10 anos ou mais de idade ocupadas na semana de referência,2003,2003,6794,Total,99149,Total,2026-05-27
3,Unidade da Federação,38,Reais,612,32,Espírito Santo,778,Valor do rendimento médio mensal de todos os trabalhos das pessoas de 10 anos ou mais de idade ocupadas na semana de referência,2004,2004,6794,Total,99149,Total,2026-05-27
3,Unidade da Federação,38,Reais,657,32,Espírito Santo,778,Valor do rendimento médio mensal de todos os trabalhos das pessoas de 10 anos ou mais de idade ocupadas na semana de referência,2005,2005,6794,Total,99149,Total,2026-05-27
3,Unidade da Federação,38,Reais,719,32,Espírito Santo,778,Valor do rendimento médio mensal de todos os trabalhos das pessoas de 10 anos ou mais de idade ocupadas na semana de referência,2006,2006,6794,Total,99149,Total,2026-05-27
3,Unidade da Federação,38,Reais,839,32,Espírito Santo,778,Valor do rendimento médio mensal de todos os trabalhos das pessoas de 10 anos ou mais de idade ocupadas na semana de referência,2007,2007,6794,Total,99149,Total,2026-05-27
3,Unidade da Federação,38,Reais,876,32,Espírito Santo,778,Valor do rendimento médio mensal de todos os trabalhos das pessoas de 10 anos ou mais de idade ocupadas na semana de referência,2008,2008,6794,Total,99149,Total,2026-05-27
3,Unidade da Federação,38,Reais,951,32,Espírito Santo,778,Valor do rendimento médio mensal de todos os trabalhos das pessoas de 10 anos ou mais de idade ocupadas na semana de referência,2009,2009,6794,Total,99149,Total,2026-05-27
3,Unidade da Federação,38,Reais,1247,32,Espírito Santo,778,Valor do rendimento médio mensal de todos os trabalhos das pessoas de 10 anos ou mais de idade ocupadas na semana de referência,2011,2011,6794,Total,99149,Total,2026-05-27
3,Unidade da Federação,38,Reais,1385,32,Espírito Santo,778,Valor do rendimento médio mensal de todos os trabalhos das pessoas de 10 anos ou mais de idade ocupadas na semana de referência,2012,2012,6794,Total,99149,Total,2026-05-27
3,Unidade da Federação,38,Reais,1465,32,Espírito Santo,778,Valor do rendimento médio mensal de todos os trabalhos das pessoas de 10 anos ou mais de idade ocupadas na semana de referência,2013,2013,6794,Total,99149,Total,2026-05-27
3,Unidade da Federação,38,Reais,1593,32,Espírito Santo,778,Valor do rendimento médio mensal de todos os trabalhos das pessoas de 10 anos ou mais de idade ocupadas na semana de referência,2014,2014,6794,Total,99149,Total,2026-05-27
3,Unidade da Federação,38,Reais,1753,32,Espírito Santo,778,Valor do rendimento médio mensal de todos os trabalhos das pessoas de 10 anos ou mais de idade ocupadas na semana de referência,2015,2015,6794,Total,99149,Total,2026-05-27
3,Unidade da Federação,38,Reais,700,33,Rio de Janeiro,778,Valor do rendimento médio mensal de todos os trabalhos das pessoas de 10 anos ou mais de idade ocupadas na semana de referência,2001,2001,6794,Total,99149,Total,2026-05-27
3,Unidade da Federação,38,Reais,744,33,Rio de Janeiro,778,Valor do rendimento médio mensal de todos os trabalhos das pessoas de 10 anos ou mais de idade ocupadas na semana de referência,2002,2002,6794,Total,99149,Total,2026-05-27
3,Unidade da Federação,38,Reais,828,33,Rio de Janeiro,778,Valor do rendimento médio mensal de todos os trabalhos das pessoas de 10 anos ou mais de idade ocupadas na semana de referência,2003,2003,6794,Total,99149,Total,2026-05-27
3,Unidade da Federação,38,Reais,858,33,Rio de Janeiro,778,Valor do rendimento médio mensal de todos os trabalhos das pessoas de 10 anos ou mais de idade ocupadas na semana de referência,2004,2004,6794,Total,99149,Total,2026-05-27
3,Unidade da Federação,38,Reais,925,33,Rio de Janeiro,778,Valor do rendimento médio mensal de todos os trabalhos das pessoas de 10 anos ou mais de idade ocupadas na semana de referência,2005,2005,6794,Total,99149,Total,2026-05-27
3,Unidade da Federação,38,Reais,1050,33,Rio de Janeiro,778,Valor do rendimento médio mensal de todos os trabalhos das pessoas de 10 anos ou mais de idade ocupadas na semana de referência,2006,2006,6794,Total,99149,Total,2026-05-27
3,Unidade da Federação,38,Reais,1105,33,Rio de Janeiro,778,Valor do rendimento médio mensal de todos os trabalhos das pessoas de 10 anos ou mais de idade ocupadas na semana de referência,2007,2007,6794,Total,99149,Total,2026-05-27
3,Unidade da Federação,38,Reais,1202,33,Rio de Janeiro,778,Valor do rendimento médio mensal de todos os trabalhos das pessoas de 10 anos ou mais de idade ocupadas na semana de referência,2008,2008,6794,Total,99149,Total,2026-05-27
3,Unidade da Federação,38,Reais,1339,33,Rio de Janeiro,778,Valor do rendimento médio mensal de todos os trabalhos das pessoas de 10 anos ou mais de idade ocupadas na semana de referência,2009,2009,6794,Total,99149,Total,2026-05-27
3,Unidade da Federação,38,Reais,1522,33,Rio de Janeiro,778,Valor do rendimento médio mensal de todos os trabalhos das pessoas de 10 anos ou mais de idade ocupadas na semana de referência,2011,2011,6794,Total,99149,Total,2026-05-27
3,Unidade da Federação,38,Reais,1704,33,Rio de Janeiro,778,Valor do rendimento médio mensal de todos os trabalhos das pessoas de 10 anos ou mais de idade ocupadas na semana de referência,2012,2012,6794,Total,99149,Total,2026-05-27
3,Unidade da Federação,38,Reais,1932,33,Rio de Janeiro,778,Valor do rendimento médio mensal de todos os trabalhos das pessoas de 10 anos ou mais de idade ocupadas na semana de referência,2013,2013,6794,Total,99149,Total,2026-05-27
3,Unidade da Federação,38,Reais,2092,33,Rio de Janeiro,778,Valor do rendimento médio mensal de todos os trabalhos das pessoas de 10 anos ou mais de idade ocupadas na semana de referência,2014,2014,6794,Total,99149,Total,2026-05-27
3,Unidade da Federação,38,Reais,2196,33,Rio de Janeiro,778,Valor do rendimento médio mensal de todos os trabalhos das pessoas de 10 anos ou mais de idade ocupadas na semana de referência,2015,2015,6794,Total,99149,Total,2026-05-27
3,Unidade da Federação,38,Reais,801,35,São Paulo,778,Valor do rendimento médio mensal de todos os trabalhos das pessoas de 10 anos ou mais de idade ocupadas na semana de referência,2001,2001,6794,Total,99149,Total,2026-05-27
3,Unidade da Federação,38,Reais,844,35,São Paulo,778,Valor do rendimento médio mensal de todos os trabalhos das pessoas de 10 anos ou mais de idade ocupadas na semana de referência,2002,2002,6794,Total,99149,Total,2026-05-27
3,Unidade da Federação,38,Reais,911,35,São Paulo,778,Valor do rendimento médio mensal de todos os trabalhos das pessoas de 10 anos ou mais de idade ocupadas na semana de referência,2003,2003,6794,Total,99149,Total,2026-05-27
3,Unidade da Federação,38,Reais,922,35,São Paulo,778,Valor do rendimento médio mensal de todos os trabalhos das pessoas de 10 anos ou mais de idade ocupadas na semana de referência,2004,2004,6794,Total,99149,Total,2026-05-27
3,Unidade da Federação,38,Reais,1027,35,São Paulo,778,Valor do rendimento médio mensal de todos os trabalhos das pessoas de 10 anos ou mais de idade ocupadas na semana de referência,2005,2005,6794,Total,99149,Total,2026-05-27
3,Unidade da Federação,38,Reais,1109,35,São Paulo,778,Valor do rendimento médio mensal de todos os trabalhos das pessoas de 10 anos ou mais de idade ocupadas na semana de referência,2006,2006,6794,Total,99149,Total,2026-05-27
3,Unidade da Federação,38,Reais,1178,35,São Paulo,778,Valor do rendimento médio mensal de todos os trabalhos das pessoas de 10 anos ou mais de idade ocupadas na semana de referência,2007,2007,6794,Total,99149,Total,2026-05-27
3,Unidade da Federação,38,Reais,1258,35,São Paulo,778,Valor do rendimento médio mensal de todos os trabalhos das pessoas de 10 anos ou mais de idade ocupadas na semana de referência,2008,2008,6794,Total,99149,Total,2026-05-27
3,Unidade da Federação,38,Reais,1306,35,São Paulo,778,Valor do rendimento médio mensal de todos os trabalhos das pessoas de 10 anos ou mais de idade ocupadas na semana de referência,2009,2009,6794,Total,99149,Total,2026-05-27
3,Unidade da Federação,38,Reais,1638,35,São Paulo,778,Valor do rendimento médio mensal de todos os trabalhos das pessoas de 10 anos ou mais de idade ocupadas na semana de referência,2011,2011,6794,Total,99149,Total,2026-05-27
3,Unidade da Federação,38,Reais,1806,35,São Paulo,778,Valor do rendimento médio mensal de todos os trabalhos das pessoas de 10 anos ou mais de idade ocupadas na semana de referência,2012,2012,6794,Total,99149,Total,2026-05-27
3,Unidade da Federação,38,Reais,1991,35,São Paulo,778,Valor do rendimento médio mensal de todos os trabalhos das pessoas de 10 anos ou mais de idade ocupadas na semana de referência,2013,2013,6794,Total,99149,Total,2026-05-27
3,Unidade da Federação,38,Reais,2189,35,São Paulo,778,Valor do rendimento médio mensal de todos os trabalhos das pessoas de 10 anos ou mais de idade ocupadas na semana de referência,2014,2014,6794,Total,99149,Total,2026-05-27
3,Unidade da Federação,38,Reais,2232,35,São Paulo,778,Valor do rendimento médio mensal de todos os trabalhos das pessoas de 10 anos ou mais de idade ocupadas na semana de referência,2015,2015,6794,Total,99149,Total,2026-05-27
3,Unidade da Federação,38,Reais,532,41,Paraná,778,Valor do rendimento médio mensal de todos os trabalhos das pessoas de 10 anos ou mais de idade ocupadas na semana de referência,2001,2001,6794,Total,99149,Total,2026-05-27
3,Unidade da Federação,38,Reais,568,41,Paraná,778,Valor do rendimento médio mensal de todos os trabalhos das pessoas de 10 anos ou mais de idade ocupadas na semana de referência,2002,2002,6794,Total,99149,Total,2026-05-27
3,Unidade da Federação,38,Reais,645,41,Paraná,778,Valor do rendimento médio mensal de todos os trabalhos das pessoas de 10 anos ou mais de idade ocupadas na semana de referência,2003,2003,6794,Total,99149,Total,2026-05-27
3,Unidade da Federação,38,Reais,737,41,Paraná,778,Valor do rendimento médio mensal de todos os trabalhos das pessoas de 10 anos ou mais de idade ocupadas na semana de referência,2004,2004,6794,Total,99149,Total,2026-05-27
3,Unidade da Federação,38,Reais,784,41,Paraná,778,Valor do rendimento médio mensal de todos os trabalhos das pessoas de 10 anos ou mais de idade ocupadas na semana de referência,2005,2005,6794,Total,99149,Total,2026-05-27
3,Unidade da Federação,38,Reais,838,41,Paraná,778,Valor do rendimento médio mensal de todos os trabalhos das pessoas de 10 anos ou mais de idade ocupadas na semana de referência,2006,2006,6794,Total,99149,Total,2026-05-27
3,Unidade da Federação,38,Reais,970,41,Paraná,778,Valor do rendimento médio mensal de todos os trabalhos das pessoas de 10 anos ou mais de idade ocupadas na semana de referência,2007,2007,6794,Total,99149,Total,2026-05-27
3,Unidade da Federação,38,Reais,1045,41,Paraná,778,Valor do rendimento médio mensal de todos os trabalhos das pessoas de 10 anos ou mais de idade ocupadas na semana de referência,2008,2008,6794,Total,99149,Total,2026-05-27
3,Unidade da Federação,38,Reais,1125,41,Paraná,778,Valor do rendimento médio mensal de todos os trabalhos das pessoas de 10 anos ou mais de idade ocupadas na semana de referência,2009,2009,6794,Total,99149,Total,2026-05-27
3,Unidade da Federação,38,Reais,1335,41,Paraná,778,Valor do rendimento médio mensal de todos os trabalhos das pessoas de 10 anos ou mais de idade ocupadas na semana de referência,2011,2011,6794,Total,99149,Total,2026-05-27
3,Unidade da Federação,38,Reais,1582,41,Paraná,778,Valor do rendimento médio mensal de todos os trabalhos das pessoas de 10 anos ou mais de idade ocupadas na semana de referência,2012,2012,6794,Total,99149,Total,2026-05-27
3,Unidade da Federação,38,Reais,1713,41,Paraná,778,Valor do rendimento médio mensal de todos os trabalhos das pessoas de 10 anos ou mais de idade ocupadas na semana de referência,2013,2013,6794,Total,99149,Total,2026-05-27
3,Unidade da Federação,38,Reais,1825,41,Paraná,778,Valor do rendimento médio mensal de todos os trabalhos das pessoas de 10 anos ou mais de idade ocupadas na semana de referência,2014,2014,6794,Total,99149,Total,2026-05-27
3,Unidade da Federação,38,Reais,2034,41,Paraná,778,Valor do rendimento médio mensal de todos os trabalhos das pessoas de 10 anos ou mais de idade ocupadas na semana de referência,2015,2015,6794,Total,99149,Total,2026-05-27
3,Unidade da Federação,38,Reais,550,42,Santa Catarina,778,Valor do rendimento médio mensal de todos os trabalhos das pessoas de 10 anos ou mais de idade ocupadas na semana de referência,2001,2001,6794,Total,99149,Total,2026-05-27
3,Unidade da Federação,38,Reais,582,42,Santa Catarina,778,Valor do rendimento médio mensal de todos os trabalhos das pessoas de 10 anos ou mais de idade ocupadas na semana de referência,2002,2002,6794,Total,99149,Total,2026-05-27
3,Unidade da Federação,38,Reais,716,42,Santa Catarina,778,Valor do rendimento médio mensal de todos os trabalhos das pessoas de 10 anos ou mais de idade ocupadas na semana de referência,2003,2003,6794,Total,99149,Total,2026-05-27
3,Unidade da Federação,38,Reais,710,42,Santa Catarina,778,Valor do rendimento médio mensal de todos os trabalhos das pessoas de 10 anos ou mais de idade ocupadas na semana de referência,2004,2004,6794,Total,99149,Total,2026-05-27
3,Unidade da Federação,38,Reais,837,42,Santa Catarina,778,Valor do rendimento médio mensal de todos os trabalhos das pessoas de 10 anos ou mais de idade ocupadas na semana de referência,2005,2005,6794,Total,99149,Total,2026-05-27
3,Unidade da Federação,38,Reais,930,42,Santa Catarina,778,Valor do rendimento médio mensal de todos os trabalhos das pessoas de 10 anos ou mais de idade ocupadas na semana de referência,2006,2006,6794,Total,99149,Total,2026-05-27
3,Unidade da Federação,38,Reais,987,42,Santa Catarina,778,Valor do rendimento médio mensal de todos os trabalhos das pessoas de 10 anos ou mais de idade ocupadas na semana de referência,2007,2007,6794,Total,99149,Total,2026-05-27
3,Unidade da Federação,38,Reais,1105,42,Santa Catarina,778,Valor do rendimento médio mensal de todos os trabalhos das pessoas de 10 anos ou mais de idade ocupadas na semana de referência,2008,2008,6794,Total,99149,Total,2026-05-27
3,Unidade da Federação,38,Reais,1229,42,Santa Catarina,778,Valor do rendimento médio mensal de todos os trabalhos das pessoas de 10 anos ou mais de idade ocupadas na semana de referência,2009,2009,6794,Total,99149,Total,2026-05-27
3,Unidade da Federação,38,Reais,1504,42,Santa Catarina,778,Valor do rendimento médio mensal de todos os trabalhos das pessoas de 10 anos ou mais de idade ocupadas na semana de referência,2011,2011,6794,Total,99149,Total,2026-05-27
3,Unidade da Federação,38,Reais,1620,42,Santa Catarina,778,Valor do rendimento médio mensal de todos os trabalhos das pessoas de 10 anos ou mais de idade ocupadas na semana de referência,2012,2012,6794,Total,99149,Total,2026-05-27
3,Unidade da Federação,38,Reais,1794,42,Santa Catarina,778,Valor do rendimento médio mensal de todos os trabalhos das pessoas de 10 anos ou mais de idade ocupadas na semana de referência,2013,2013,6794,Total,99149,Total,2026-05-27
3,Unidade da Federação,38,Reais,1899,42,Santa Catarina,778,Valor do rendimento médio mensal de todos os trabalhos das pessoas de 10 anos ou mais de idade ocupadas na semana de referência,2014,2014,6794,Total,99149,Total,2026-05-27
3,Unidade da Federação,38,Reais,2076,42,Santa Catarina,778,Valor do rendimento médio mensal de todos os trabalhos das pessoas de 10 anos ou mais de idade ocupadas na semana de referência,2015,2015,6794,Total,99149,Total,2026-05-27
3,Unidade da Federação,38,Reais,522,43,Rio Grande do Sul,778,Valor do rendimento médio mensal de todos os trabalhos das pessoas de 10 anos ou mais de idade ocupadas na semana de referência,2001,2001,6794,Total,99149,Total,2026-05-27
3,Unidade da Federação,38,Reais,564,43,Rio Grande do Sul,778,Valor do rendimento médio mensal de todos os trabalhos das pessoas de 10 anos ou mais de idade ocupadas na semana de referência,2002,2002,6794,Total,99149,Total,2026-05-27
3,Unidade da Federação,38,Reais,623,43,Rio Grande do Sul,778,Valor do rendimento médio mensal de todos os trabalhos das pessoas de 10 anos ou mais de idade ocupadas na semana de referência,2003,2003,6794,Total,99149,Total,2026-05-27
3,Unidade da Federação,38,Reais,692,43,Rio Grande do Sul,778,Valor do rendimento médio mensal de todos os trabalhos das pessoas de 10 anos ou mais de idade ocupadas na semana de referência,2004,2004,6794,Total,99149,Total,2026-05-27
3,Unidade da Federação,38,Reais,735,43,Rio Grande do Sul,778,Valor do rendimento médio mensal de todos os trabalhos das pessoas de 10 anos ou mais de idade ocupadas na semana de referência,2005,2005,6794,Total,99149,Total,2026-05-27
3,Unidade da Federação,38,Reais,803,43,Rio Grande do Sul,778,Valor do rendimento médio mensal de todos os trabalhos das pessoas de 10 anos ou mais de idade ocupadas na semana de referência,2006,2006,6794,Total,99149,Total,2026-05-27
3,Unidade da Federação,38,Reais,871,43,Rio Grande do Sul,778,Valor do rendimento médio mensal de todos os trabalhos das pessoas de 10 anos ou mais de idade ocupadas na semana de referência,2007,2007,6794,Total,99149,Total,2026-05-27
3,Unidade da Federação,38,Reais,993,43,Rio Grande do Sul,778,Valor do rendimento médio mensal de todos os trabalhos das pessoas de 10 anos ou mais de idade ocupadas na semana de referência,2008,2008,6794,Total,99149,Total,2026-05-27
3,Unidade da Federação,38,Reais,1067,43,Rio Grande do Sul,778,Valor do rendimento médio mensal de todos os trabalhos das pessoas de 10 anos ou mais de idade ocupadas na semana de referência,2009,2009,6794,Total,99149,Total,2026-05-27
3,Unidade da Federação,38,Reais,1267,43,Rio Grande do Sul,778,Valor do rendimento médio mensal de todos os trabalhos das pessoas de 10 anos ou mais de idade ocupadas na semana de referência,2011,2011,6794,Total,99149,Total,2026-05-27
3,Unidade da Federação,38,Reais,1396,43,Rio Grande do Sul,778,Valor do rendimento médio mensal de todos os trabalhos das pessoas de 10 anos ou mais de idade ocupadas na semana de referência,2012,2012,6794,Total,99149,Total,2026-05-27
3,Unidade da Federação,38,Reais,1574,43,Rio Grande do Sul,778,Valor do rendimento médio mensal de todos os trabalhos das pessoas de 10 anos ou mais de idade ocupadas na semana de referência,2013,2013,6794,Total,99149,Total,2026-05-27
3,Unidade da Federação,38,Reais,1720,43,Rio Grande do Sul,778,Valor do rendimento médio mensal de todos os trabalhos das pessoas de 10 anos ou mais de idade ocupadas na semana de referência,2014,2014,6794,Total,99149,Total,2026-05-27
3,Unidade da Federação,38,Reais,1798,43,Rio Grande do Sul,778,Valor do rendimento médio mensal de todos os trabalhos das pessoas de 10 anos ou mais de idade ocupadas na semana de referência,2015,2015,6794,Total,99149,Total,2026-05-27
3,Unidade da Federação,38,Reais,527,50,Mato Grosso do Sul,778,Valor do rendimento médio mensal de todos os trabalhos das pessoas de 10 anos ou mais de idade ocupadas na semana de referência,2001,2001,6794,Total,99149,Total,2026-05-27
3,Unidade da Federação,38,Reais,573,50,Mato Grosso do Sul,778,Valor do rendimento médio mensal de todos os trabalhos das pessoas de 10 anos ou mais de idade ocupadas na semana de referência,2002,2002,6794,Total,99149,Total,2026-05-27
3,Unidade da Federação,38,Reais,610,50,Mato Grosso do Sul,778,Valor do rendimento médio mensal de todos os trabalhos das pessoas de 10 anos ou mais de idade ocupadas na semana de referência,2003,2003,6794,Total,99149,Total,2026-05-27
3,Unidade da Federação,38,Reais,644,50,Mato Grosso do Sul,778,Valor do rendimento médio mensal de todos os trabalhos das pessoas de 10 anos ou mais de idade ocupadas na semana de referência,2004,2004,6794,Total,99149,Total,2026-05-27
3,Unidade da Federação,38,Reais,717,50,Mato Grosso do Sul,778,Valor do rendimento médio mensal de todos os trabalhos das pessoas de 10 anos ou mais de idade ocupadas na semana de referência,2005,2005,6794,Total,99149,Total,2026-05-27
3,Unidade da Federação,38,Reais,794,50,Mato Grosso do Sul,778,Valor do rendimento médio mensal de todos os trabalhos das pessoas de 10 anos ou mais de idade ocupadas na semana de referência,2006,2006,6794,Total,99149,Total,2026-05-27
3,Unidade da Federação,38,Reais,937,50,Mato Grosso do Sul,778,Valor do rendimento médio mensal de todos os trabalhos das pessoas de 10 anos ou mais de idade ocupadas na semana de referência,2007,2007,6794,Total,99149,Total,2026-05-27
3,Unidade da Federação,38,Reais,988,50,Mato Grosso do Sul,778,Valor do rendimento médio mensal de todos os trabalhos das pessoas de 10 anos ou mais de idade ocupadas na semana de referência,2008,2008,6794,Total,99149,Total,2026-05-27
3,Unidade da Federação,38,Reais,1069,50,Mato Grosso do Sul,778,Valor do rendimento médio mensal de todos os trabalhos das pessoas de 10 anos ou mais de idade ocupadas na semana de referência,2009,2009,6794,Total,99149,Total,2026-05-27
3,Unidade da Federação,38,Reais,1420,50,Mato Grosso do Sul,778,Valor do rendimento médio mensal de todos os trabalhos das pessoas de 10 anos ou mais de idade ocupadas na semana de referência,2011,2011,6794,Total,99149,Total,2026-05-27
3,Unidade da Federação,38,Reais,1592,50,Mato Grosso do Sul,778,Valor do rendimento médio mensal de todos os trabalhos das pessoas de 10 anos ou mais de idade ocupadas na semana de referência,2012,2012,6794,Total,99149,Total,2026-05-27
3,Unidade da Federação,38,Reais,1735,50,Mato Grosso do Sul,778,Valor do rendimento médio mensal de todos os trabalhos das pessoas de 10 anos ou mais de idade ocupadas na semana de referência,2013,2013,6794,Total,99149,Total,2026-05-27
3,Unidade da Federação,38,Reais,1803,50,Mato Grosso do Sul,778,Valor do rendimento médio mensal de todos os trabalhos das pessoas de 10 anos ou mais de idade ocupadas na semana de referência,2014,2014,6794,Total,99149,Total,2026-05-27
3,Unidade da Federação,38,Reais,1959,50,Mato Grosso do Sul,778,Valor do rendimento médio mensal de todos os trabalhos das pessoas de 10 anos ou mais de idade ocupadas na semana de referência,2015,2015,6794,Total,99149,Total,2026-05-27
3,Unidade da Federação,38,Reais,530,51,Mato Grosso,778,Valor do rendimento médio mensal de todos os trabalhos das pessoas de 10 anos ou mais de idade ocupadas na semana de referência,2001,2001,6794,Total,99149,Total,2026-05-27
3,Unidade da Federação,38,Reais,613,51,Mato Grosso,778,Valor do rendimento médio mensal de todos os trabalhos das pessoas de 10 anos ou mais de idade ocupadas na semana de referência,2002,2002,6794,Total,99149,Total,2026-05-27
3,Unidade da Federação,38,Reais,619,51,Mato Grosso,778,Valor do rendimento médio mensal de todos os trabalhos das pessoas de 10 anos ou mais de idade ocupadas na semana de referência,2003,2003,6794,Total,99149,Total,2026-05-27
3,Unidade da Federação,38,Reais,683,51,Mato Grosso,778,Valor do rendimento médio mensal de todos os trabalhos das pessoas de 10 anos ou mais de idade ocupadas na semana de referência,2004,2004,6794,Total,99149,Total,2026-05-27
3,Unidade da Federação,38,Reais,706,51,Mato Grosso,778,Valor do rendimento médio mensal de todos os trabalhos das pessoas de 10 anos ou mais de idade ocupadas na semana de referência,2005,2005,6794,Total,99149,Total,2026-05-27
3,Unidade da Federação,38,Reais,798,51,Mato Grosso,778,Valor do rendimento médio mensal de todos os trabalhos das pessoas de 10 anos ou mais de idade ocupadas na semana de referência,2006,2006,6794,Total,99149,Total,2026-05-27
3,Unidade da Federação,38,Reais,828,51,Mato Grosso,778,Valor do rendimento médio mensal de todos os trabalhos das pessoas de 10 anos ou mais de idade ocupadas na semana de referência,2007,2007,6794,Total,99149,Total,2026-05-27
3,Unidade da Federação,38,Reais,1080,51,Mato Grosso,778,Valor do rendimento médio mensal de todos os trabalhos das pessoas de 10 anos ou mais de idade ocupadas na semana de referência,2008,2008,6794,Total,99149,Total,2026-05-27
3,Unidade da Federação,38,Reais,1006,51,Mato Grosso,778,Valor do rendimento médio mensal de todos os trabalhos das pessoas de 10 anos ou mais de idade ocupadas na semana de referência,2009,2009,6794,Total,99149,Total,2026-05-27
3,Unidade da Federação,38,Reais,1368,51,Mato Grosso,778,Valor do rendimento médio mensal de todos os trabalhos das pessoas de 10 anos ou mais de idade ocupadas na semana de referência,2011,2011,6794,Total,99149,Total,2026-05-27
3,Unidade da Federação,38,Reais,1564,51,Mato Grosso,778,Valor do rendimento médio mensal de todos os trabalhos das pessoas de 10 anos ou mais de idade ocupadas na semana de referência,2012,2012,6794,Total,99149,Total,2026-05-27
3,Unidade da Federação,38,Reais,1743,51,Mato Grosso,778,Valor do rendimento médio mensal de todos os trabalhos das pessoas de 10 anos ou mais de idade ocupadas na semana de referência,2013,2013,6794,Total,99149,Total,2026-05-27
3,Unidade da Federação,38,Reais,1799,51,Mato Grosso,778,Valor do rendimento médio mensal de todos os trabalhos das pessoas de 10 anos ou mais de idade ocupadas na semana de referência,2014,2014,6794,Total,99149,Total,2026-05-27
3,Unidade da Federação,38,Reais,1830,51,Mato Grosso,778,Valor do rendimento médio mensal de todos os trabalhos das pessoas de 10 anos ou mais de idade ocupadas na semana de referência,2015,2015,6794,Total,99149,Total,2026-05-27
3,Unidade da Federação,38,Reais,483,52,Goiás,778,Valor do rendimento médio mensal de todos os trabalhos das pessoas de 10 anos ou mais de idade ocupadas na semana de referência,2001,2001,6794,Total,99149,Total,2026-05-27
3,Unidade da Federação,38,Reais,530,52,Goiás,778,Valor do rendimento médio mensal de todos os trabalhos das pessoas de 10 anos ou mais de idade ocupadas na semana de referência,2002,2002,6794,Total,99149,Total,2026-05-27
3,Unidade da Federação,38,Reais,594,52,Goiás,778,Valor do rendimento médio mensal de todos os trabalhos das pessoas de 10 anos ou mais de idade ocupadas na semana de referência,2003,2003,6794,Total,99149,Total,2026-05-27
3,Unidade da Federação,38,Reais,662,52,Goiás,778,Valor do rendimento médio mensal de todos os trabalhos das pessoas de 10 anos ou mais de idade ocupadas na semana de referência,2004,2004,6794,Total,99149,Total,2026-05-27
3,Unidade da Federação,38,Reais,745,52,Goiás,778,Valor do rendimento médio mensal de todos os trabalhos das pessoas de 10 anos ou mais de idade ocupadas na semana de referência,2005,2005,6794,Total,99149,Total,2026-05-27
3,Unidade da Federação,38,Reais,769,52,Goiás,778,Valor do rendimento médio mensal de todos os trabalhos das pessoas de 10 anos ou mais de idade ocupadas na semana de referência,2006,2006,6794,Total,99149,Total,2026-05-27
3,Unidade da Federação,38,Reais,885,52,Goiás,778,Valor do rendimento médio mensal de todos os trabalhos das pessoas de 10 anos ou mais de idade ocupadas na semana de referência,2007,2007,6794,Total,99149,Total,2026-05-27
3,Unidade da Federação,38,Reais,944,52,Goiás,778,Valor do rendimento médio mensal de todos os trabalhos das pessoas de 10 anos ou mais de idade ocupadas na semana de referência,2008,2008,6794,Total,99149,Total,2026-05-27
3,Unidade da Federação,38,Reais,1012,52,Goiás,778,Valor do rendimento médio mensal de todos os trabalhos das pessoas de 10 anos ou mais de idade ocupadas na semana de referência,2009,2009,6794,Total,99149,Total,2026-05-27
3,Unidade da Federação,38,Reais,1280,52,Goiás,778,Valor do rendimento médio mensal de todos os trabalhos das pessoas de 10 anos ou mais de idade ocupadas na semana de referência,2011,2011,6794,Total,99149,Total,2026-05-27
3,Unidade da Federação,38,Reais,1452,52,Goiás,778,Valor do rendimento médio mensal de todos os trabalhos das pessoas de 10 anos ou mais de idade ocupadas na semana de referência,2012,2012,6794,Total,99149,Total,2026-05-27
3,Unidade da Federação,38,Reais,1590,52,Goiás,778,Valor do rendimento médio mensal de todos os trabalhos das pessoas de 10 anos ou mais de idade ocupadas na semana de referência,2013,2013,6794,Total,99149,Total,2026-05-27
3,Unidade da Federação,38,Reais,1622,52,Goiás,778,Valor do rendimento médio mensal de todos os trabalhos das pessoas de 10 anos ou mais de idade ocupadas na semana de referência,2014,2014,6794,Total,99149,Total,2026-05-27
3,Unidade da Federação,38,Reais,1717,52,Goiás,778,Valor do rendimento médio mensal de todos os trabalhos das pessoas de 10 anos ou mais de idade ocupadas na semana de referência,2015,2015,6794,Total,99149,Total,2026-05-27
3,Unidade da Federação,38,Reais,1024,53,Distrito Federal,778,Valor do rendimento médio mensal de todos os trabalhos das pessoas de 10 anos ou mais de idade ocupadas na semana de referência,2001,2001,6794,Total,99149,Total,2026-05-27
3,Unidade da Federação,38,Reais,1196,53,Distrito Federal,778,Valor do rendimento médio mensal de todos os trabalhos das pessoas de 10 anos ou mais de idade ocupadas na semana de referência,2002,2002,6794,Total,99149,Total,2026-05-27
3,Unidade da Federação,38,Reais,1283,53,Distrito Federal,778,Valor do rendimento médio mensal de todos os trabalhos das pessoas de 10 anos ou mais de idade ocupadas na semana de referência,2003,2003,6794,Total,99149,Total,2026-05-27
3,Unidade da Federação,38,Reais,1400,53,Distrito Federal,778,Valor do rendimento médio mensal de todos os trabalhos das pessoas de 10 anos ou mais de idade ocupadas na semana de referência,2004,2004,6794,Total,99149,Total,2026-05-27
3,Unidade da Federação,38,Reais,1487,53,Distrito Federal,778,Valor do rendimento médio mensal de todos os trabalhos das pessoas de 10 anos ou mais de idade ocupadas na semana de referência,2005,2005,6794,Total,99149,Total,2026-05-27
3,Unidade da Federação,38,Reais,1660,53,Distrito Federal,778,Valor do rendimento médio mensal de todos os trabalhos das pessoas de 10 anos ou mais de idade ocupadas na semana de referência,2006,2006,6794,Total,99149,Total,2026-05-27
3,Unidade da Federação,38,Reais,1925,53,Distrito Federal,778,Valor do rendimento médio mensal de todos os trabalhos das pessoas de 10 anos ou mais de idade ocupadas na semana de referência,2007,2007,6794,Total,99149,Total,2026-05-27
3,Unidade da Federação,38,Reais,2083,53,Distrito Federal,778,Valor do rendimento médio mensal de todos os trabalhos das pessoas de 10 anos ou mais de idade ocupadas na semana de referência,2008,2008,6794,Total,99149,Total,2026-05-27
3,Unidade da Federação,38,Reais,2205,53,Distrito Federal,778,Valor do rendimento médio mensal de todos os trabalhos das pessoas de 10 anos ou mais de idade ocupadas na semana de referência,2009,2009,6794,Total,99149,Total,2026-05-27
3,Unidade da Federação,38,Reais,2623,53,Distrito Federal,778,Valor do rendimento médio mensal de todos os trabalhos das pessoas de 10 anos ou mais de idade ocupadas na semana de referência,2011,2011,6794,Total,99149,Total,2026-05-27
3,Unidade da Federação,38,Reais,2748,53,Distrito Federal,778,Valor do rendimento médio mensal de todos os trabalhos das pessoas de 10 anos ou mais de idade ocupadas na semana de referência,2012,2012,6794,Total,99149,Total,2026-05-27
3,Unidade da Federação,38,Reais,3086,53,Distrito Federal,778,Valor do rendimento médio mensal de todos os trabalhos das pessoas de 10 anos ou mais de idade ocupadas na semana de referência,2013,2013,6794,Total,99149,Total,2026-05-27
3,Unidade da Federação,38,Reais,3205,53,Distrito Federal,778,Valor do rendimento médio mensal de todos os trabalhos das pessoas de 10 anos ou mais de idade ocupadas na semana de referência,2014,2014,6794,Total,99149,Total,2026-05-27
3,Unidade da Federação,38,Reais,3512,53,Distrito Federal,778,Valor do rendimento médio mensal de todos os trabalhos das pessoas de 10 anos ou mais de idade ocupadas na semana de referência,2015,2015,6794,Total,99149,Total,2026-05-27
